prolificid,timestart,duration,flag,badsig,recaptcha,force_repub,age,shouldconcern,progressivity,early,late,viewchange,viewbetter_tax,viewbetter_econ,viewbetter_fair,viewbetter_oth,viewworse_tax,viewworse_econ,viewworse_fair,viewworse_oth,proposal,poor,middle,both,taxdemotivates,gapmotivates,fundedu,protecttrade,cuttaxes,univhealth,wealthtax,zerosumrich,zerosumceo,zerosumwomen,zerosumdei,moveup20,moveup50,moveupnow,workhaspaid,workwillpay,eduwillpay,compmoth,compfath,compfam,compper,nohh,hhin10,pinc,pinc10est,pinc10cert,pinc10high,pinc10low,hhinc,hhinc10exp,hhinc10cert,hhinc10high,hhinc10low,hhincneed,child30s,hhincneed30s,child40s,hhincneed40s,stranger100,friend100,oneyr1100,oneyr1500,oneyr2000,fiveyr1100,fiveyr1500,fiveyr2000,currentdesires,ranksalary,rankflex,rankgrowth,rankmeaning,rankenviron,satisfiedbasics,startbiz,stableincome,worriedjob,similarjob,safetynet,riskai,riskclimate,riskhealth,riskhome,male,female,nonbinary,married,cohab,single,children,childrenplan,race_indian,race_asian,race_black,race_latino,race_mideast,race_island,race_white,race_oth,usborn,usbornparents,state,zip,density,homestate,hometown,homedensity,student,edu,eduplan,edumoth,edufath,jobfull,jobpart,jobself,jobstud,jobnilf,jobunemp,liberalecon,liberalsocial,vote2024_harris,vote2024_trump,vote2024_oth,vote2020_biden,vote2020_trump,vote2020_oth,biasleft,biasright,feedback
6712fe1173dfa2bfa2d6294b,7/24/25 13:34,609,,,1,,27,1,5,,1,3,,,,,,,,,7,1,,,1,1,5,2,2,5,5,4,5,4,4,1,2,1,2,3,3,3,3,3,2,0,0,15000,60000,2,70000,15000,1000,,,,,25000,0,60000,0,70000,1,3,0,0,0,0,0,0,4,1,2,4,5,3,5,2,4,2,5,1,1,1,2,3,1,,,,,1,0,0,,,,,,,1,,1,1,Michigan,48726,1,Michigan,Cass City,1,0,5,6,4,5,,,,,,1,1,3,,,,,,,1,,
67a8bfb2f846cd3ea9bcd898,7/24/25 13:34,1049,,,1,,28,1,2,,1,2,,,,,,1,,,5,,1,,4,4,4,2,4,3,3,4,3,3,4,2,3,2,2,1,2,2,3,4,3,1,0,65000,65000,2,73000,0,,,,,,1000000,1,1000000,1,1000000,4,3,0,2,2,0,2,2,1,1,4,2,5,3,1,3,4,3,4,1,3,4,3,4,,1,,,,1,0,4,,,1,,,,,,1,1,Ohio,44146,2,Ohio,cleveland,3,0,4,4,4,4,1,,,,,,3,3,1,,,1,,,1,,
671ce7ade7a5cd2edc847b94,7/24/25 13:35,992,,,1,,29,0,3,,1,3,,,,,,,,,7,,,1,1,4,5,1,4,5,5,1,5,1,4,3,3,5,3,3,2,3,3,4,3,0,1,10000,20000,3,15000,9000,10000,20000,3,15000,9000,10000,1,10000,1,10000,1,1,0,0,2,0,0,0,5,1,3,5,4,2,5,3,5,1,5,3,3,2,3,2,1,,,,,1,1,-1,,,1,,,,,,1,1,Illinois,62203,3,Illinois,East Saint Louis,3,0,3,3,6,6,1,,,,,,2,2,,1,,,1,,,,
65a700a7fa22d5f150d08b09,7/24/25 13:35,631,,,1,,28,0,4,,1,4,,1,1,,,,,,5,,,1,1,2,5,5,4,4,3,2,4,2,4,1,2,2,1,2,2,3,3,4,3,1,1,75000,185000,2,350000,90000,,150000,2,650000,350000,70000,1,200000,1,250000,3,2,0,0,0,0,0,0,5,4,5,3,1,2,3,5,4,2,3,2,3,2,2,3,1,,,,,1,0,2,,1,,,,,1,,0,0,Texas,77304,2,Texas,Singapore,3,0,6,6,6,6,1,,,,,,2,2,,1,,1,,,,,Straight forward study !
675bb7988a2f6d0d8ae94684,7/24/25 13:35,597,,,1,,23,0,2,,1,3,,,,,,,,,2,1,,,4,5,5,5,3,1,2,2,4,2,5,2,4,1,2,2,2,3,3,3,3,0,1,60000,100000,3,200000,70000,250000,350000,2,500000,200000,150000,1,250000,1,250000,5,1,0,2,2,0,0,0,3,2,3,4,5,1,2,2,5,1,5,4,1,1,1,3,,1,,,,1,0,3,,,,,,,1,,1,1,New Jersey,07828,1,New Jersey,Mount Olive,1,3,6,7,5,3,1,,,,,,1,1,,1,,,1,,,,
5ca937309ac82a0001312c88,7/24/25 13:36,713,,,.89999998,,26,1,5,,1,5,,1,1,,,,,,7,1,,,1,1,2,5,3,4,5,5,5,4,5,1,1,2,2,3,2,1,1,2,3,0,1,45000,120000,2,100000,90000,120000,200000,2,180000,160000,70000,1,140000,1,150000,5,2,0,2,2,0,0,0,4,1,2,3,4,5,2,4,4,2,3,2,3,1,5,3,1,,,,,1,0,3,,,,1,,,,,1,0,Illinois,60126,2,Illinois,Cicero,3,0,6,7,1,3,1,,,,,,3,1,1,,,1,,,1,,
62d43cee3d60ac98c1dcacc8,7/24/25 13:36,1698,,,.89999998,,28,1,3,,1,3,,,,,,,,,4,,1,,-1,-1,3,-1,-1,-1,1,3,3,-1,-1,-1,-1,-1,2,2,-1,3,3,3,-1,0,1,5000,10000,1,15000,5000,75000,85000,1,85000,75000,100000,0,100000,0,100000,10,1,0,2,2,0,0,0,3,1,2,5,3,4,3,5,3,1,1,1,1,1,5,1,1,,,,,1,0,0,,,,,,,1,,1,1,Michigan,48081,2,Michigan,Saint Clair Shores,2,0,3,3,6,3,,,1,,,,2,2,,,,,,,,,I think that this survey was pretty unique and interesting overall and I had a fun time participating in this study.
62e750fa810b090c094dc2f0,7/24/25 13:36,517,,,1,,29,1,4,,1,3,,,,,,,,,5,1,,,1,4,4,4,2,-1,5,2,5,2,5,1,2,1,1,2,2,2,3,1,2,0,0,2000,30000,1,36000,20000,22000,,,,,32000,0,32000,0,34000,2,5,0,0,0,0,0,0,2,1,2,4,5,3,4,3,1,4,2,1,1,2,5,5,1,,,,,1,0,0,,,,,,,1,,1,1,Maryland,20743,3,Maryland,Capitol Heights,2,0,3,3,4,2,,,,,,1,2,2,,,,,1,,,,
6667ccc61b0989bff9d014d6,7/24/25 13:36,881,,,.89999998,,22,1,5,,1,3,,,,,,,,,7,,,1,1,1,5,2,-1,5,5,2,5,1,3,2,2,-1,1,2,3,1,1,2,1,0,1,800,75000,1,100000,50000,40000,160000,1,225000,120000,60000,1,180000,1,150000,2,6,0,2,2,0,0,2,4,1,4,5,2,3,5,1,2,4,1,1,2,4,2,5,1,,,,,1,0,-1,,1,,,,,,,1,0,Florida,34243,2,Florida,Hollywood,2,4,6,7,2,4,,,,1,,,3,2,1,,,,,,1,,
5f5e32a0d6a12c6857b8e127,7/24/25 13:36,955,,,1,,29,1,5,,1,4,,1,1,,,,,,7,,,1,1,1,5,2,1,5,5,5,5,2,4,1,2,1,2,2,1,3,3,4,3,0,1,85000,130000,1,180000,70000,145000,240000,1,300000,120000,120000,1,120000,1,120000,4,4,2,2,2,0,2,2,2,1,5,2,4,3,2,3,5,1,4,4,1,2,1,1,1,,,1,,,1,1,,,,,,,1,,1,1,California,95765,2,California,"Rocklin, CA",2,3,4,6,5,7,1,,,,,,3,3,1,,,1,,,1,,none
66be603679dd3fda988c1778,7/24/25 13:37,266,,,.89999998,,20,0,2,,1,3,,,,,,,,,5,1,,,3,4,3,4,4,2,2,2,2,2,1,2,1,1,2,3,3,2,2,4,3,0,1,10000,10000000,3,100000,10000,350000,1000000,3,1000000,300000,200000,0,600000,0,2000000,10,10,0,2,2,0,0,2,5,,,,,,3,3,3,3,2,2,4,3,3,3,1,,,,,1,0,-1,1,1,,,,,,,1,0,Florida,33328,2,Florida,Plantation,2,3,4,6,7,7,,,,1,,,2,2,1,,,,,,,,
664fa6197cd2ac12ab45da27,7/24/25 13:37,480,,,.89999998,,22,1,5,,1,4,,,1,,,,,,7,,1,,1,1,5,1,5,5,5,5,5,1,2,1,2,1,1,2,2,2,3,2,2,1,1,37000,75000,2,80000,60000,,110000,2,180000,95000,50000,0,70000,0,70000,1,1,0,2,2,0,0,0,2,2,5,4,1,3,4,1,5,1,5,4,1,2,2,4,,1,,,1,,0,0,1,,,,,,,,1,1,Oklahoma,74464,2,Oklahoma,,2,4,6,7,4,,1,,,,,,3,3,1,,,1,,,,,
6658cd81e4e49937196d341c,7/24/25 13:37,701,,,.89999998,,22,1,1,,1,5,1,,,,,,,,6,,1,,3,5,5,2,4,5,5,4,2,5,5,4,1,1,1,1,2,3,-1,1,1,1,1,25000,48800,1,48800,48800,,73200,1,73200,73200,25000,1,35000,1,55000,1,2,0,0,0,0,0,0,5,2,4,3,5,1,4,2,2,4,2,1,3,3,2,5,,1,,,,1,0,2,,,,1,,,,,1,1,Texas,78572,3,Texas,Mission,3,2,5,6,6,,,1,,,,,3,3,1,,,,,,,,
650f205219d6a05c68fb181d,7/24/25 13:37,821,,,1,,28,1,4,,1,4,,1,,,,,,,2,,,1,4,2,5,2,1,4,4,4,5,2,4,2,4,2,2,2,1,2,2,4,4,0,1,0,70000,2,100000,55000,205000,300000,2,350000,200000,180000,1,190000,1,200000,1,1,0,0,0,0,0,0,4,1,3,2,4,5,2,2,4,2,3,4,2,3,2,1,,1,,1,,,2,3,,,,,,,1,,1,1,Washington,98685,2,Washington,Vancouver,2,0,4,4,4,7,,,,,1,,3,3,1,,,1,,,,,This was a well made study. Thank you!
664a16dadcc9b3525dd04be1,7/24/25 13:37,1269,,,1,,24,0,3,,1,3,,,,,,,,,5,1,,,2,1,4,2,3,2,2,3,2,2,3,2,2,2,2,2,1,3,2,2,2,0,1,25000,75000,2,120000,50000,35000,125000,2,200000,100000,35000,1,120000,1,130000,5,3,2,2,2,0,0,2,3,4,3,5,2,1,4,2,2,2,3,3,3,2,2,4,,1,,1,,,0,2,,1,,,,1,1,,1,0,Missouri,65203,3,Missouri,Warrensburg,2,5,7,8,6,7,,1,,,,,2,2,,,1,,,1,,,
670453b0d93209a1e156916d,7/24/25 13:38,635,,,1,,25,1,4,,1,4,,1,,,,,,,6,,,1,1,2,4,3,2,5,5,4,4,1,3,2,3,1,1,2,1,3,3,3,2,0,0,10000,35000,2,45000,20000,38000,,,,,18000,0,25000,0,28000,3,1,0,0,2,0,0,0,4,3,1,4,5,2,5,2,1,4,2,2,1,1,4,5,1,,,,,1,0,-1,,,,,,,1,,1,1,Michigan,49329,1,Michigan,Owosso,1,0,4,5,4,6,,,1,,,,2,3,1,,,,,,,,
5e45a09c8155b00828c83d95,7/24/25 13:38,1158,,,1,,27,1,5,,1,1,,,,,,,1,,3,,1,,1,4,5,5,5,5,5,5,5,3,1,1,1,1,1,1,2,1,1,2,4,0,1,55000,100000,2,110000,800000,110000,200000,1,250000,150000,60000,0,70000,0,80000,1,3,0,2,2,0,0,0,2,1,3,2,5,4,5,4,5,1,4,4,2,2,2,2,1,,,,1,,0,0,,,,1,,,,,1,0,Illinois,60302,3,Illinois,OAK PARK,3,0,3,3,1,1,1,,,,,,3,3,1,,,1,,,,,
67a3940b5886c0df14017090,7/24/25 13:38,506,,,1,,25,0,3,,1,3,,,,,,,,,2,1,,,2,4,4,4,-1,-1,2,2,-1,2,5,4,5,2,3,3,2,3,2,5,4,0,1,72000,200000,1,250000,100000,144000,350000,1,500000,190000,100000,1,150000,1,175000,1,3,0,2,2,0,0,0,1,1,3,2,5,4,2,3,4,2,3,3,3,1,2,3,1,,,1,,,0,2,,,,,,,1,,1,1,Colorado,80020,2,Michigan,Romeo,1,0,6,7,5,7,1,,,,,,1,2,,1,,,1,,1,,
6784863a028ac25ee3f395ee,7/24/25 13:38,569,,,.80000001,,23,0,1,,1,1,,,,,1,,1,,3,,1,,2,4,3,2,4,4,4,4,4,3,5,2,3,1,1,2,2,3,2,4,1,0,0,50000,80000,2,100000,65000,110000,,,,,60000,0,110000,0,110000,3,5,0,0,2,0,0,0,4,2,1,3,5,4,2,2,3,4,2,3,2,2,2,1,1,,,,,1,0,0,,,,,,,1,,1,1,New York,14062,2,New York,Rochester,2,3,4,6,6,5,,,,1,,,1,1,,1,,,1,,,,
66969c9921e4f92ad108ed4c,7/24/25 13:39,1042,,,.89999998,,26,1,5,,1,0,,,,,,,,,7,,,1,1,1,5,2,1,5,5,5,5,4,1,1,2,1,1,1,1,2,2,2,1,0,1,9000,7000,2,15000,5000,25000,25000,2,35000,15000,6000,0,65000,0,75000,5,1,0,2,2,0,0,2,4,1,3,5,2,4,5,2,1,4,1,3,2,3,4,5,,,1,,,,0,0,,,,,,,1,,1,1,Pennsylvania,Too small,1,Pennsylvania,Too small,1,0,4,3,5,6,,,,,,1,2,2,1,,,1,,,,,
67001c01bcb0cabf8a7f01e7,7/24/25 13:39,1391,,,1,,29,0,3,,1,3,,,,,,,,,3,1,,,-1,2,4,5,4,1,1,2,-1,1,5,1,3,2,2,2,1,1,3,3,2,1,1,50000,70000,3,120000,60000,,120000,2,200000,90000,50000,1,80000,1,80000,1,1,0,0,2,0,0,0,3,2,4,3,1,5,2,5,4,2,2,3,2,1,1,4,1,,,,,1,0,3,,,,1,,,1,,1,1,Florida,32901,2,Florida,Indialantic,2,0,4,6,5,6,,,1,,,,1,1,,1,,,1,,,,
5e49da75ea0f3c4553a9e3b2,7/24/25 13:39,2411,,,.89999998,,27,1,5,,1,3,,,,,,,,,6,,1,,1,1,5,3,4,5,5,5,5,1,1,2,2,1,1,1,1,3,-1,3,3,0,1,5000,5000,1,10000,1000,58000,58000,1,60000,55000,50000,0,55000,0,55000,1,1,0,0,0,0,0,0,3,3,2,4,5,1,4,1,1,4,1,2,3,3,4,5,,1,,,,1,0,-1,,,1,1,,,1,,1,1,Georgia,30013,2,New York,New York City,3,0,4,4,5,3,,,,,,1,3,3,,,,1,,,,,
5bef41fa54277d000114d6ad,7/24/25 13:39,1094,,,.89999998,,29,1,4,,1,3,,,,,,,,,6,,1,,2,3,5,2,1,5,3,3,5,2,3,2,4,2,2,3,2,2,1,4,4,0,1,100000,200000,3,250000,150000,175000,325000,3,400000,275000,150000,0,200000,0,250000,5,5,2,2,2,0,2,2,3,1,4,3,2,5,2,5,5,2,4,2,2,2,2,1,1,,,1,,,0,0,,,,,,,1,,1,1,Colorado,80525,3,Wisconsin,Wausau,2,0,6,6,3,2,1,,,,,,3,3,1,,,1,,,,,
6113ffbf45e79bc2769db74c,7/24/25 13:40,925,,,1,,25,1,5,,1,3,,,,,,,,,6,,1,,1,3,5,3,4,5,4,5,5,1,1,2,3,1,1,-1,1,2,2,3,-1,0,1,55000,100000,1,85000,60000,95000,200000,1,180000,155000,120000,1,200000,1,250000,3,5,0,0,2,0,0,0,5,1,3,4,5,2,5,5,4,4,2,1,4,3,5,4,,1,,,,1,0,2,,,1,,,,,,1,1,Texas,75052,3,Texas,dallas,3,2,5,7,6,6,1,,,,,,3,3,1,,,,,,,,"no feedback, thank you :)"
5f77de0539236537607ecd00,7/24/25 13:40,1232,,,1,,27,1,5,,1,1,,,,,,1,1,,7,,,1,1,1,4,1,2,4,5,4,5,1,1,2,1,1,2,3,3,3,3,3,3,0,1,35000,35000,2,60000,60000,195000,195000,2,225000,225000,100000,0,100000,0,120000,3,4,0,0,0,0,0,0,4,1,2,4,5,3,4,2,4,2,4,1,2,3,3,5,,1,,,,1,0,-1,,,,1,,,,,1,0,California,90723,2,California,Inglewood,3,0,6,6,1,1,,1,,,,,3,3,1,,,1,,,,,
60ee4bb7de4352af0286e091,7/24/25 13:40,458,,,.89999998,,29,1,4,,1,5,,1,1,,,,,,6,,,1,2,2,4,4,4,5,5,5,5,5,2,2,2,2,2,2,2,2,2,2,3,1,0,54000,90000,2,75000,65000,,,,,,70000,1,120000,1,120000,5,5,0,2,2,0,0,0,4,1,3,5,2,4,4,2,4,2,4,1,2,2,2,4,,1,,,,1,0,2,,,,,,,1,,1,1,Pennsylvania,19123,3,Pennsylvania,Hazleton,3,0,6,7,3,2,1,,,,,,3,3,1,,,1,,,1,,
67947aa8456c9c07722b10cf,7/24/25 13:40,1329,,,1,,19,1,3,,1,4,1,,,,,,,,5,,,1,4,3,3,4,3,3,3,3,4,2,3,3,3,5,-1,2,2,2,2,2,2,0,1,20000,100000,2,90000,70000,65000,140000,2,160000,110000,80000,1,120000,1,170000,1,1,0,2,2,0,0,0,3,1,3,2,5,4,3,2,3,1,3,2,2,1,2,2,1,,,,,1,0,2,,,,1,,,,,1,0,Georgia,30519,2,Georgia,Buford,2,3,4,6,3,3,,,,1,,,1,1,,1,,,,,,1,
67d9b887153011f49e8a5f3f,7/24/25 13:40,1410,,,.60000002,,28,1,4,,1,3,,,,,,,,,6,,1,,2,2,5,3,1,5,4,3,4,1,3,3,2,2,3,3,3,3,3,3,4,0,1,100000,250000,2,350000,350000,150000,500000,2,500000,500000,150000,1,150000,1,200000,5,10,0,2,0,0,0,0,4,1,5,3,2,4,4,3,5,4,5,2,3,4,3,2,1,,,1,,,2,4,,,,,,,1,,1,1,New York,20146,3,California,New York,3,4,7,1,7,4,,,1,,,,3,3,1,,,1,,,,,
616a1d9b1890ceba9b6df682,7/24/25 13:41,897,,,.89999998,,23,1,4,,1,3,,,,,,,,,6,,1,,2,4,4,5,3,5,3,3,3,3,2,2,3,5,2,2,1,3,2,2,3,1,0,40000,60000,1,80000,37500,,,,,,50000,0,50000,0,55000,2,4,0,2,2,0,0,2,3,1,3,2,5,4,4,2,3,2,3,2,2,3,2,4,1,,,,,1,0,0,,,,1,,,,,1,1,Arizona,85128,1,Arizona,Tuscon,2,0,3,3,3,2,1,,,,,,1,1,,,,,,,,,
5fa2b9a3c1d67f3a311db672,7/24/25 13:42,560,,,.89999998,,28,1,5,,1,3,,,,,,,,,7,1,,,1,1,5,2,1,5,5,5,5,1,1,2,1,1,1,1,1,3,4,3,2,0,1,10000,18000,2,30000,20000,28000,40000,2,50000,35000,50000,1,50000,1,50000,2,1,0,2,2,0,0,0,4,1,2,3,5,4,5,3,4,3,2,1,2,2,2,4,,1,,1,,,1,1,,,,,,,1,,1,1,Washington,98424,2,Texas,Fort Worth,2,0,4,6,4,3,1,,,,,,3,3,1,,,1,,,,,
5de8613ddf86d37c8a8ab294,7/24/25 13:42,297,,,1,,24,1,5,,1,3,,,,,,,,,7,,,1,2,1,4,3,1,4,5,4,4,3,1,1,1,1,1,1,1,3,3,5,3,1,0,72000,80000,1,80000,65000,,,,,,50000,1,72000,1,72000,1,1,2,2,2,0,2,2,2,1,4,3,5,2,4,5,4,2,2,2,3,1,5,5,,1,,,,1,0,3,,,,,,,1,,1,1,Georgia,30008,2,Massachusetts,Beverly,2,3,4,6,3,3,1,,,,,,3,3,1,,,1,,,,,
62dbcc6f4bb8a5fd4c24da09,7/24/25 13:42,454,,,.60000002,,29,1,4,,1,2,,,,,1,,,,5,,1,,4,4,5,4,2,5,4,4,5,2,2,2,4,1,2,2,2,1,1,2,3,1,1,110000,150000,3,190000,100000,,250000,2,290000,150000,200000,0,300000,0,300000,3,4,0,2,2,0,0,0,5,3,2,1,4,5,4,4,4,3,4,3,4,2,3,5,1,,,,1,,0,0,,,,,,,1,,1,1,Connecticut,06053,2,Connecticut,Hartford,3,0,6,7,3,3,1,,,,,,2,2,,,,1,,,,,
675b0b540136e11e9f32dc8b,7/24/25 13:44,1830,,,.89999998,,22,1,4,,1,4,,1,1,,,,,,4,1,,,2,2,4,4,3,5,4,3,3,1,3,3,4,-1,1,-1,-1,3,4,2,3,1,0,65000,70000,1,75000,40000,,,,,,70000,0,70000,0,70000,6,1,0,0,0,0,0,0,4,2,1,3,5,4,4,1,4,2,4,1,1,2,3,4,,1,,,,1,0,0,,,,,,,1,,1,1,Georgia,30025,2,Georgia,Social Circle,2,0,5,7,7,4,1,,,,,,3,3,1,,,,,,,,
66dceb449e0e3f3b1f239b3b,7/24/25 13:44,456,,,1,,28,0,2,,1,3,,,,,,,,,5,,1,,3,4,5,5,4,4,4,4,5,4,4,3,3,1,1,1,1,3,2,3,2,1,0,36000,60000,2,80000,60000,,,,,,75000,0,45000,0,60000,1,2,0,0,2,0,0,0,4,2,4,3,5,1,4,4,4,3,4,1,4,2,4,5,1,,,,,1,0,2,,,,,,,1,,1,1,Missouri,64112,3,Florida,Tampa,2,0,5,6,4,6,1,,,,,,2,3,,1,,,1,,,,
6760681f1bbc5b99ae53e6b9,7/24/25 13:44,833,,,1,,21,0,5,,1,4,,1,1,,,,,,7,1,,,2,4,5,3,2,5,4,5,4,2,2,2,3,1,1,2,2,2,1,3,1,0,1,6000,50000,2,70,35000,70000,80000,1,100000,70000,25000,1,80000,1,75000,2,5,0,0,0,0,0,0,4,1,3,2,4,5,5,3,1,3,2,1,2,1,5,4,,1,,,,1,0,3,,,,,,,1,,1,1,Georgia,30680,2,Georgia,Winder,2,3,4,7,3,2,,,,1,,,2,2,,,,,,,,,
5bda531987e0030001d6120a,7/24/25 13:44,802,,,1,,29,1,4,,1,4,,1,1,,,,,,6,,,1,1,1,5,3,1,4,4,4,5,4,2,1,2,1,2,2,2,4,4,4,4,1,1,78500,150000,1,300000,115000,,200000,1,500000,200000,80000,0,100000,0,120000,2,1,2,2,2,0,0,2,2,1,2,4,3,5,3,1,5,2,4,4,3,2,2,4,,1,,,,1,0,-1,,,,,,,1,,1,1,New York,10709,2,New York,Eastchester,2,0,6,7,6,7,1,,,,,,3,3,1,,,1,,,,,
60d3b417d47497f6ae55273f,7/24/25 13:45,975,,,1,,27,1,5,,1,5,,,,1,,,,,6,1,,,1,1,5,-1,-1,5,5,5,5,1,1,2,3,1,2,2,2,1,2,1,3,0,1,29000,80000,1,100000,60000,89000,150000,1,180000,100000,100000,1,120000,1,130000,1,3,0,0,2,0,0,0,4,2,4,5,3,1,4,1,2,4,4,1,2,2,3,1,,1,,,1,,0,3,,,,,,,1,,1,1,Ohio,45150,2,Kentucky,Bowling Green,2,5,8,8,3,3,,1,,,,,3,3,1,,,1,,,,,none
675a35800dc96d8b29feb198,7/24/25 13:45,1162,,,1,,27,0,4,,1,1,,,,,1,,,,6,1,,,1,4,4,3,1,2,4,4,5,4,5,2,2,1,2,2,2,3,3,3,4,0,1,100000,120000,3,150000,100000,115000,150000,2,109000,105000,110000,1,119000,1,120000,3,4,0,0,2,0,2,2,4,1,3,2,5,4,2,3,5,1,1,1,1,2,1,3,,1,,1,,,2,3,,,,,,,1,,1,1,Oklahoma,74110,3,Oklahoma,North richland hills,3,1,3,3,3,3,,,,,1,,2,2,,1,,,1,,,,
623ac50ed58ac10f7e259b8f,7/24/25 13:47,964,,,.60000002,,24,1,4,,1,4,,1,1,,,,,,6,1,,,1,3,4,3,2,3,5,2,2,1,2,2,3,1,3,3,3,3,3,3,4,1,1,80000,200000,3,300000,100000,,250000,2,300000,100000,60000,1,100000,1,150000,3,5,2,2,2,0,0,2,2,1,4,3,5,2,2,3,5,2,3,4,2,2,1,1,1,,,,,1,1,3,,,,1,,,1,,1,1,Nevada,89146,3,Illinois,Chicago,3,0,6,7,5,4,1,,,,,,3,3,1,,,1,,,,,Thank you for the opportunity to participate 
66197802de4cb7fdfc39ff7a,7/24/25 13:48,482,,,1,,21,1,4,,1,3,,,,,,,,,7,,,1,1,1,5,3,1,5,5,3,5,3,1,1,2,1,2,3,3,2,2,2,1,0,0,20000,100000,2,115000,50000,25000,,,,,24000,1,36000,1,50000,3,1,0,0,0,0,0,0,3,3,1,2,5,4,4,3,4,1,5,3,1,1,1,3,1,,,1,,,0,2,,,,,,,1,,1,1,New Mexico,87109,3,Arizona,Maricopa,3,3,4,7,7,6,,,,1,,,3,3,,,1,1,,,,,
6478e5fc76f5ecbc4f0ed353,7/24/25 13:49,527,,,1,,29,1,5,,1,5,,1,1,,,,,,7,1,,,1,1,4,1,2,5,5,4,5,1,5,1,2,1,1,1,2,1,3,2,2,0,1,49000,79000,2,79000,69000,59000,89000,2,89000,79000,89000,1,109000,1,119000,3,1,0,0,2,0,0,0,4,3,1,4,5,2,3,5,5,2,3,1,2,2,2,4,1,,,,,1,0,2,,,,,,,1,,1,1,Colorado,80133,1,Colorado,Colorado Springs,2,0,7,7,4,7,1,,,,,,2,3,,,1,1,,,,,
6621a2f38453311275d17d65,7/24/25 13:51,825,,,1,,24,1,5,,1,4,,1,1,,,,,,6,,1,,2,3,5,4,4,4,5,2,5,1,4,2,3,1,1,2,2,2,3,2,2,0,1,50000,65000,1,70000,50000,50000,70000,2,70000,45000,60000,0,60000,0,60000,1,5,0,2,2,0,0,0,4,1,2,5,4,3,5,5,2,2,2,2,1,1,3,4,,1,,,,1,0,0,,,,,,,1,,1,1,Idaho,83644,2,Idaho,Middleton ,2,0,5,5,6,6,,,1,,,,1,1,,,,,,,,,
63d3fbb451ad7ba5c2f30246,7/24/25 13:51,821,,,.80000001,,25,1,5,,1,5,,,,1,,,,,7,,,1,1,1,5,2,1,5,5,5,5,2,2,2,2,1,1,1,2,3,-1,3,1,0,1,17000,85000,2,135000,35000,50000,145000,2,165000,65000,150000,0,150000,0,175000,1,1,0,0,0,0,0,0,4,1,3,4,5,2,5,2,2,4,2,2,3,3,2,5,1,,,,,1,0,0,,,1,,,,,,1,1,New York,10029,3,New York,New York City,3,2,4,6,7,,,,,1,,,3,3,,,,1,,,,,
670ae0f9f8f15de0b8286141,7/24/25 13:53,1044,,,.89999998,,21,1,2,,1,2,,,,,,1,,,5,,,1,4,4,5,2,1,4,4,4,3,5,3,2,4,3,2,2,1,2,2,2,2,0,1,40000,20000,2,10000,50000,55000,60000,3,10000,10000,100000,1,50000,1,50000,10,10,0,0,0,0,0,0,4,3,5,1,4,2,4,2,2,4,3,2,4,3,4,2,,1,,,,1,0,2,,,,,,,1,,1,1,Florida,32094,1,Florida,Live oak ,1,1,3,6,4,2,,,,,,1,3,3,,,,,,,1,,
6109d49df4ec2c9b1b466a6b,7/24/25 13:55,2754,,,.80000001,,24,1,5,,1,5,,1,,,,,,,5,,1,,1,1,4,1,2,2,5,5,5,3,4,1,2,2,1,1,1,3,1,-1,1,0,1,1200,2000,1,30000,1200,48000,110000,2,200000,80000,40000,0,300000,0,300000,2,2,0,0,2,0,0,0,4,3,2,5,4,1,5,1,1,2,2,4,1,1,3,5,,1,,,,1,0,0,,,,,,,1,,1,1,South Carolina,29715,2,North Carolina,Pineville,2,0,3,4,3,4,,,,,,1,2,2,,,,,,,,1,Thank you!
65cb7c1cdf8ff14e2355c5e6,7/24/25 13:56,413,,,1,,23,1,4,,1,4,,1,,,,,,,5,1,,,2,3,5,4,2,5,3,3,4,4,4,2,2,2,2,3,3,2,2,3,3,1,1,50000,150000,2,125000,100000,,300000,1,350000,250000,100000,1,150000,1,150000,2,4,2,2,2,2,2,2,4,4,5,3,1,2,4,2,4,2,3,2,2,2,1,4,,1,,,,1,0,2,,1,,,,,,,1,0,California,95111,2,California,san jose,2,0,6,7,7,8,1,,,,,,1,3,,1,,1,,,,,
661ae1ef493d97d392db15c9,7/24/25 13:58,1707,,,.89999998,,23,1,5,,1,4,,,1,,,,,,5,1,,,2,-1,5,-1,-1,5,5,3,3,1,1,3,4,2,2,3,3,2,1,3,1,0,1,10000,75000,2,75000,0,75000,77000,2,75000,15000,85000,1,85000,1,85000,6,6,0,0,0,0,0,0,3,2,4,5,3,1,4,3,3,1,3,3,2,2,2,4,,1,,,,1,0,3,,,,,,,1,,1,1,Illinois,60135,2,Illinois,Genoa,2,3,5,6,2,3,,,,1,,,3,3,1,,,,,,,,
66e8ab881b2f3a27ce5ffb32,7/24/25 14:01,1032,,,1,,26,1,2,,1,5,,1,,,,,,,6,1,,,1,1,5,5,1,5,5,4,3,4,3,3,2,1,2,1,1,1,1,2,2,0,1,20000,50000,2,30000,20000,35000,50000,1,50000,30000,50000,1,50000,0,50000,1,1,0,0,0,0,0,0,5,1,3,2,4,5,1,2,1,4,1,1,1,1,2,2,,1,,,1,,2,2,,,,,,,1,,1,1,Kentucky,42431,1,Kentucky,madisonville,1,0,3,3,3,3,,,1,,,,3,3,1,,,1,,,1,,
67e802bc3bbe80b6474d75b9,7/24/25 14:07,1751,,,.5,,25,1,4,,1,4,,1,,,,,,,6,,,1,2,2,4,4,2,4,4,2,2,1,1,3,3,2,1,2,2,3,3,3,2,1,1,28000,250000,3,250000,200000,,450000,3,450000,420000,150000,1,280000,1,450000,4,4,0,0,0,0,0,0,5,2,4,3,5,1,4,3,2,3,3,3,2,3,2,3,,1,,,,1,0,3,,,1,,,,,,1,1,New York,20005,3,New York,,3,0,7,8,6,6,,1,,,,,2,3,,1,,1,,,,,
682a50d2769e21e578e1c3d4,7/24/25 14:15,1611,,,.89999998,,19,1,4,,1,4,,1,1,,,,,,6,,,1,2,2,5,2,1,5,4,2,5,1,2,2,3,2,2,2,3,2,3,2,3,0,1,100000,300000,2,300000,30000,150000,300000,2,400000,400000,150000,1,500000,1,500000,5,7,2,2,2,0,0,0,2,5,2,4,1,3,4,4,4,3,3,2,4,3,1,2,1,,,,,1,0,3,,,1,,,,,,1,1,Florida,33604,3,Florida,Tampa,3,4,3,9,4,4,1,,,,,,3,3,1,,,,,,,,I appreciate the chance i got to participate.
611115eb23d02f639a39f61e,7/25/25 12:13,481,,,1,,27,1,4,1,,3,,,,,,,,,6,,1,,2,2,5,5,2,4,4,5,5,5,4,2,3,1,2,-1,1,1,2,3,3,1,0,63000,78000,1,80000,70000,,,,,,75000,0,78000,0,85000,1,1,2,2,2,0,0,0,4,3,2,4,5,1,4,1,5,2,4,2,3,2,3,4,,1,,,,1,0,-1,,1,1,,,,,,1,0,Florida,33321,2,Florida,Tamarac,3,0,6,7,6,4,1,,,,,,3,3,1,,,1,,,1,,
5b19302c4c72120001f1d17e,7/25/25 12:13,818,1,,0,,22,1,5,,1,4,,1,1,,,,,,5,1,,,1,1,5,-1,1,5,5,5,5,1,1,2,3,1,1,2,1,2,3,2,2,0,1,10000,90000,2,120000,40000,20000,160000,1,200000,80000,30000,0,80000,0,100000,5,1,0,0,2,0,0,0,3,4,2,5,1,3,4,3,1,3,4,1,2,1,2,4,1,,,,1,,0,0,,,,,,,1,,1,1,New Hampshire,03281,1,New Hampshire,Goffstown,2,0,6,8,6,5,,,,,,1,3,3,1,,,,,,1,,
66e778dbd71f6556193bc9e5,7/25/25 12:13,572,,,.89999998,,20,0,3,1,,3,,,,,,,,,5,,,1,2,4,5,3,3,5,2,2,2,2,4,3,4,2,2,2,3,-1,-1,2,3,0,1,15000,110000,2,120000,80000,75000,180000,1,220000,140000,60000,0,100000,0,100000,2,5,2,2,2,0,0,2,2,1,3,5,2,4,4,2,4,2,5,3,2,1,2,3,1,,,,,1,0,-1,,,,1,,,,,1,0,Florida,33415,2,Florida,West Palm Beach,2,3,4,6,3,3,,,1,,,,2,3,1,,,,,,,,
5e8a1827052175000938eb91,7/25/25 12:13,499,,,.89999998,,26,1,4,,1,4,,1,,,,,,,6,1,,,2,2,4,-1,2,5,4,4,5,2,4,2,2,-1,1,1,1,3,2,3,1,0,1,6000,30000,1,70000,5000,60000,90000,2,130000,75000,90000,0,100000,0,125000,1,2,0,0,0,0,0,0,4,1,2,4,5,3,4,2,2,4,3,1,1,1,4,5,1,,,,,1,0,0,,,,,,,1,,1,1,Georgia,30294,2,Georgia,Lawrenceville,2,0,3,3,3,3,,,,,,1,2,2,,,,,,,1,,
58d7d2c2e9b6dc000129148a,7/25/25 12:13,796,1,,.1,,29,1,5,1,,4,,1,1,,,,,,7,,1,,1,1,5,1,1,5,5,4,5,1,5,1,2,1,1,1,1,1,1,1,1,0,0,500,25000,3,60000,18000,19000,,,,,26000,0,30000,0,30000,6,8,2,2,2,0,2,2,2,1,2,3,4,5,5,1,1,3,3,1,4,2,4,5,1,,,,,1,0,0,,,,,,,1,,1,1,West Virginia,26508,1,West Virginia,Clarksburg,1,0,1,3,3,1,,,,,,1,3,3,,,,1,,,,,I answered the job questions about my current income source (Profilic). I did only make $500 the other year because it was all the money I made on Prolific. But in the future I will have a regular job.
671d7a754bafa85dac6e0683,7/25/25 12:14,638,,,1,,21,1,2,1,,3,,,,,,,,,7,1,,,1,2,5,2,1,5,4,4,4,1,1,3,2,2,2,2,2,1,1,1,2,0,1,30000,50000,3,50000,25000,75000,90000,2,120000,50000,90000,0,10000,0,100000,1,1,0,0,0,0,0,0,4,4,1,5,2,3,4,1,2,4,2,3,1,1,5,1,,1,,,1,,0,0,,,,,,,1,,1,1,Tennessee,37801,2,Tennessee,Madisonville,2,0,3,3,3,3,,1,,,,,3,3,,,,,,,,,
67b8d3adc925460632e8e8a1,7/25/25 12:14,1663,,,.89999998,,19,1,5,,1,3,,,,,,,,,7,,1,,3,1,4,4,2,3,4,2,2,1,4,2,2,1,3,3,3,1,2,2,2,0,1,28000,200000,1,120000,50000,55000,300000,1,400000,30000,100000,1,100000,1,150000,10,4,2,2,2,2,2,2,2,1,3,2,4,5,3,4,2,3,3,1,2,2,2,3,,1,,,,1,0,3,,,,,,,1,,1,1,New York,10002,3,Mississippi,Louisville,1,2,4,8,5,5,,1,,,,,1,1,,,,,,,,,
66e12593ddd5a01785c4e288,7/25/25 12:14,478,,,1,,20,1,4,,1,4,,1,1,,,,,,5,,1,,1,2,5,3,2,3,3,2,2,5,1,1,2,2,2,2,2,3,3,3,3,0,1,0,50000,2,70000,40000,100000,150000,2,175000,90000,100000,0,70000,0,70000,1,6,0,0,0,0,0,0,2,1,3,2,5,4,5,1,3,1,3,1,1,2,2,3,1,,,,,1,0,0,,,,1,,1,,,1,1,California,95023,2,California,San Jose,3,2,4,6,4,5,,,,1,,,3,3,,,,,,,,,The survey was great!
60fda57e0916dfe2157c9b00,7/25/25 12:14,482,,,1,,25,0,1,1,,3,,,,,,,,,3,,,1,5,4,2,4,5,1,1,2,5,1,5,2,4,2,2,2,1,4,3,4,2,1,0,25000,80000,1,150000,30000,,,,,,30000,1,60000,1,60000,1,1,0,2,2,0,0,0,2,4,3,5,1,2,4,2,2,3,4,3,2,2,2,4,,1,,,,1,0,2,,,,,,,1,,1,1,Maryland,21044,2,Maryland,Ellicott City,2,0,6,7,9,6,1,,,,,,1,2,,1,,,1,,,,
64012ee6e3f2e59aaa36f718,7/25/25 12:14,2435,,,.89999998,,27,1,5,1,,1,,,,,1,,,,4,1,,,3,3,4,3,2,3,3,3,2,3,2,2,2,3,2,-1,-1,3,3,2,3,1,1,750000,150000,2,100000,90000,,150000,2,100000,90000,100000,1,150000,1,150000,8,4,0,0,2,0,0,0,5,4,1,2,3,5,3,3,4,2,2,2,4,1,1,1,,1,,,1,,2,4,,,1,1,,,,,1,1,Indiana,46953,1,Indiana,Marion,1,0,6,7,6,6,1,,,,,,2,2,,1,,1,,,,,
65cb708afe5755feaeec417f,7/25/25 12:14,455,,,1,,21,1,5,1,,3,,,,,,,,,3,,1,,1,1,4,4,2,-1,5,5,5,1,1,2,2,1,2,1,2,2,2,3,2,0,0,5000,140000,2,120000,100000,99999,,,,,99999,0,100000,0,100000,5,1,0,0,0,0,0,0,5,1,3,4,5,2,4,1,1,4,1,1,3,3,2,3,,1,,,,1,0,0,,1,,,,,,,1,0,Texas,77089,2,Texas,Houston,2,3,3,6,5,5,,,,1,,,3,3,1,,,,,,1,,
5e15615161b48ab823187c7d,7/25/25 12:14,653,,,.89999998,,28,0,4,,1,2,,,,,,,1,,6,,,1,2,4,4,-1,2,4,4,2,2,2,5,2,3,2,3,3,2,4,4,5,4,0,1,5000,2000,1,5000,2000,72000,84000,2,86000,78000,68000,1,68000,1,76000,2,3,0,0,2,0,0,0,4,2,3,5,4,1,4,3,5,1,5,2,1,1,2,1,,1,,1,,,2,4,,,,,,,1,,0,0,Michigan,48433,2,I did not reside in the United States,Warsaw,3,0,4,4,7,7,,,,,1,,1,1,,1,,,,,,,
607f25b09b8b44d089bfd49e,7/25/25 12:14,684,,,1,,23,0,2,,1,2,,,,,,,1,,7,,1,,3,3,5,5,4,1,4,2,4,1,1,1,2,1,2,2,2,2,2,2,3,0,1,40000,75000,1,70000,60000,90000,60000,1,60000,40000,45000,1,60000,1,70000,2,10,2,2,2,2,2,2,2,1,3,2,5,4,5,1,4,2,4,4,4,2,3,3,,1,,,1,,0,2,,,,,,,1,,1,1,New Jersey,07460,1,New Jersey,Jefferson,1,0,6,6,3,3,1,,,,,,3,3,1,,,1,,,,,
592a6246e1b21500015924ec,7/25/25 12:14,903,,,1,,27,1,5,,1,5,,1,1,,,,,,7,,1,,1,1,5,1,2,4,5,4,5,1,3,2,2,1,2,2,3,3,3,3,4,1,1,92400,150000,2,120000,90000,,180000,2,200000,150000,70000,0,100000,0,110000,1,1,0,2,2,0,0,0,4,2,1,5,4,3,2,2,5,1,2,1,2,2,2,3,1,,,,,1,0,0,,,,,,,1,,1,1,Wisconsin,53233,3,Wisconsin,Elkhorn,1,0,6,6,6,6,1,,,,,,3,3,1,,,1,,,,,
663a5d3e48441f253cc57071,7/25/25 12:14,723,,,1,,25,1,5,,1,5,,,1,,,,,,7,,,1,1,1,5,2,2,5,5,4,5,1,3,1,2,1,1,1,1,1,3,1,1,0,1,7000,25000,1,40000,12000,50000,50000,1,60000,35000,30000,0,35000,0,40000,2,4,0,0,2,0,0,0,2,2,3,4,1,5,5,5,3,3,3,1,3,2,4,5,1,,,,,1,0,0,,,,,,,1,,1,1,Kentucky,40356,2,Kentucky,hyden,1,0,4,6,3,3,,,1,,,,3,3,1,,,1,,,,,
67d9b924071234387a09f21b,7/25/25 12:14,1510,,,1,,27,1,5,1,,5,,,,1,,,,,5,,,1,1,2,5,3,3,4,5,5,5,2,1,2,3,1,2,2,2,3,3,1,3,0,1,35000,55000,2,49000,45000,80000,85000,1,83000,81000,90000,1,90000,1,95000,6,5,0,0,0,0,0,0,4,3,2,4,5,1,4,3,5,2,3,2,1,2,5,5,1,,,,1,,2,2,,,,1,,,,,1,1,Texas,76140,2,Texas,Grand Prairie,2,0,3,3,3,3,1,,,,,,2,2,,,,,,,,,
60919c8f1b024991374cfb2d,7/25/25 12:14,672,,,.89999998,,26,1,5,1,,5,,,1,,,,,,7,,1,,1,1,5,1,1,5,5,4,5,1,1,1,2,1,-1,2,-1,4,2,4,1,0,1,2500,3000,1,35000,10000,100000,100000,1,100000,85000,90000,0,100000,0,100000,5,5,0,2,2,0,0,0,3,4,2,5,1,3,5,5,2,1,3,2,2,2,5,5,,1,,,1,,0,-1,,,,,,,1,,1,0,Texas,75021,1,I did not reside in the United States,Sharjah ,2,0,5,6,6,8,,,1,,,,3,3,1,,,1,,,,,
63b6d8752dbe4d7650eb1d00,7/25/25 12:14,778,,,1,,23,1,5,,1,5,,1,1,,,,,,7,,1,,1,1,5,1,1,1,5,5,5,1,1,1,2,1,1,1,1,4,3,2,2,0,1,10000,40000,1,50000,5000,40000,80000,2,120000,45000,55000,1,90000,1,90000,2,1,0,0,2,0,0,0,4,2,3,4,5,1,4,4,5,3,3,1,4,3,4,5,,1,,,1,,0,2,,,,,,,1,,1,1,Georgia,30040,2,Georgia,Thomaston,1,0,5,6,6,7,,,1,,,,3,3,1,,,1,,,,,
67648b2d2ca3bdd206096be7,7/25/25 12:14,2206,,,1,,27,1,4,,1,4,,,1,,,,,,4,1,,,5,5,5,5,2,5,2,2,2,2,5,3,2,4,2,3,3,3,3,4,4,0,1,65000,150000,3,155000,130000,145000,250000,2,250000,200000,170000,1,200000,1,200000,6,5,0,0,2,0,0,0,2,3,5,2,4,1,4,5,5,1,5,3,2,2,1,2,,1,,1,,,1,3,,,,,,,1,,1,1,West Virginia,25601,3,Colorado,colorado,3,0,6,7,6,6,1,,,,,,1,1,,1,,,1,,,,
64077ddd11208afe2bec171a,7/25/25 12:14,1109,,,1,,29,1,4,1,,3,,,,,,,,,6,1,,,2,1,3,5,2,4,5,5,5,5,5,2,3,1,1,1,1,3,3,3,2,0,1,15000,35000,2,50000,20000,50000,75000,1,100000,40000,30000,0,20000,0,30000,1,6,0,2,2,0,2,2,2,1,2,3,5,4,5,1,3,3,2,3,3,2,4,5,1,,,,,1,0,0,,,,,,,1,,1,1,Georgia,31322,2,Georgia,Savannah,2,0,3,3,4,6,,,,,,1,2,1,,1,,,1,,,,
63616110a960512f99f95814,7/25/25 12:14,1020,,,1,,26,1,4,,1,4,,,,1,,,,,5,,,1,2,2,5,4,2,5,4,2,5,1,4,2,3,2,2,2,1,4,2,3,2,0,1,49000,130000,2,150000,60000,150000,200000,2,300000,100000,80000,1,120000,1,160000,1,1,0,0,0,0,0,0,4,1,5,3,4,2,4,4,5,2,4,2,3,3,2,4,1,,,,,1,0,3,1,,1,,,,1,,1,1,Florida,33605,2,Massachusetts,Duxbury,2,4,6,7,4,4,1,,,,,,1,1,,1,,,1,,1,,Thank you!
65fcdebb4bb107ea35f4ab42,7/25/25 12:14,690,,,.89999998,,26,0,3,,1,2,,,,,1,,1,,1,1,,,4,3,4,3,3,5,1,2,2,3,1,1,3,2,2,2,1,3,2,2,3,0,1,55000,100000,1,80000,40000,100000,200000,1,150000,100000,110000,1,130000,1,150000,1,1,0,2,2,0,0,2,2,1,4,2,3,5,4,3,5,2,3,4,2,3,2,1,,1,,,,,0,3,,,,1,1,,,,1,1,California,91208,3,California,Los Angeles,3,3,6,6,6,6,1,,,,,,3,3,1,,,1,,,,,Thank you
67cb51b23d74b436185a20eb,7/25/25 12:14,1918,,,.89999998,,29,1,3,1,,3,,,,,,,,,4,1,,,4,3,3,3,3,3,3,4,4,4,4,3,3,5,1,1,1,4,4,5,3,0,1,95000,150000,2,200000,120000,95000,150000,2,350000,300000,150000,0,0,0,0,2,3,0,1,2,0,0,1,3,2,3,1,5,4,4,5,3,3,3,4,2,2,2,2,,1,,1,,,1,2,,,,,,,1,,1,1,California,94549,3,California,Lafayette,3,0,6,8,6,6,1,,,,,,3,3,1,,,1,,,1,,no comment
5ef256599b968e0a44926c18,7/25/25 12:14,676,,,.89999998,,25,1,5,,1,4,,1,1,,,,,,7,,,1,1,1,5,2,1,5,5,5,5,1,1,1,3,2,3,2,3,-1,-1,4,4,0,0,72800,90000,1,120000,50000,162800,,,,,60000,0,70000,0,70000,8,8,2,2,2,0,0,0,3,2,1,4,5,3,4,1,4,3,2,4,2,1,2,5,1,,,,,1,0,0,,,,,,,1,,1,1,Kentucky,42101,2,Kentucky,Bowling Green,2,0,7,7,6,6,1,,,,,,3,3,1,,,1,,,,,
6633ff088a92287249f6968c,7/25/25 12:14,518,,,.89999998,,25,1,5,,1,5,1,,1,,,,,,7,,1,,1,3,5,1,5,5,5,5,5,1,5,1,1,1,2,2,3,3,1,3,2,1,0,25000,55000,3,100000,50000,,,,,,75000,1,95000,1,100000,1,1,0,0,2,0,0,0,2,1,3,2,5,4,1,4,5,2,4,2,1,1,3,4,,1,,,,1,0,5,,,1,,,,,,1,1,Georgia,31220,2,Florida,Tampa,2,0,3,5,5,5,1,,,,,,3,3,1,,,1,,,,,
64010f32f8dee9772983c7cd,7/25/25 12:14,655,,,1,,29,1,5,,1,5,,1,1,,,,,,7,1,,,1,1,5,3,1,5,5,5,5,1,1,1,2,3,1,-1,-1,2,3,5,1,1,0,8000,30000,1,90000,5000,,,,,,20000,0,20000,0,20000,5,1,0,0,2,0,0,0,5,1,2,5,3,4,5,2,1,4,5,1,1,4,4,5,1,,,,,1,0,0,,,,,,,1,,1,1,Utah,84051,1,Utah,Mountain Home,1,3,5,6,3,3,1,,,,,,3,3,1,,,1,,,,,
67ef9182644dae9ea4e3bb3d,7/25/25 12:14,3031,1,1,1,,22,1,4,1,,4,,1,,,,,,,6,1,,,1,3,5,5,5,4,5,4,5,3,1,2,3,1,1,1,2,3,2,3,3,0,1,15000,60000,1,80000,10000,110000,140000,2,110000,30000,150000,1,150000,1,140000,4,2,0,0,2,0,0,0,3,4,3,1,5,2,4,4,2,3,1,1,2,4,3,4,,1,,,,1,0,2,,,,,,,1,,0,0,Virginia,20146,3,Virginia,Ashburn,3,3,4,4,3,4,,,,1,,,3,2,,1,,,1,,,,
6678813aec86d687a654dedb,7/25/25 12:15,1425,,,1,,28,0,3,,1,1,,,,,,,1,,5,1,,,1,4,5,1,2,4,2,1,2,1,1,3,4,3,3,3,3,2,2,3,3,0,1,62000,106000,3,110000,90000,82000,150000,3,180000,140000,70000,1,95000,1,95000,7,7,2,2,2,0,2,2,1,5,4,3,2,1,5,4,5,1,5,4,2,2,2,2,1,,,1,,,1,2,,,1,,,,,,1,0,Georgia,30344,3,Georgia,Atlanta,3,0,6,6,6,6,1,,,,,,2,3,1,,,1,,,,,
665cc37706c5e959d6f680a3,7/25/25 12:15,1551,,,1,,22,1,4,1,,4,,,1,,,,,,6,,1,,1,2,5,5,4,-1,5,5,5,4,5,2,4,2,3,2,3,3,4,2,3,0,1,5000,50000,2,25000,10000,25000,50000,2,75000,15000,20000,1,40000,1,55000,6,7,0,0,2,0,0,0,4,4,1,5,2,3,4,2,4,2,4,4,2,1,3,2,1,,,,,1,0,2,,,,,,,1,,1,0,Florida,34491,2,Florida,Summerfield,2,3,5,6,4,7,,,,1,,,1,1,1,,,,,,,,
659aaea375eef229eb250614,7/25/25 12:15,812,,,1,,23,1,4,1,,3,,,,,,,,,2,,1,,1,1,5,3,1,5,4,4,5,1,1,3,3,1,3,3,2,4,4,4,3,0,1,42000,120000,2,100000,90000,43000,120000,3,100000,91000,70000,0,90000,0,100000,2,1,0,0,2,0,0,0,3,1,2,4,5,3,2,1,5,1,3,3,1,2,2,3,,1,,,,1,0,0,,,1,,,,,,1,1,Maryland,21030,3,Maryland,Baltimore,3,0,6,7,6,7,1,,,,,,3,3,1,,,1,,,,1,
65f3cd5743d9b2f3d6fc2c99,7/25/25 12:15,2023,,,.89999998,,20,1,4,1,,4,,,1,,,,,,4,1,,,2,3,5,5,3,4,5,2,2,2,5,4,5,5,2,3,3,1,1,2,3,0,1,55000,200000,2,300000,100000,95000,200000,2,300000,100000,125000,1,150000,1,175000,1,1,2,2,2,0,0,1,2,3,4,1,2,5,5,3,3,2,3,1,3,1,2,3,1,,,,,1,0,-1,,1,,,,,,,1,0,New York,10314,2,New York,Brooklyn,3,3,4,8,4,6,,1,,,,,2,2,,,,,,,1,,
62029a55ef1cb18a1337c61a,7/25/25 12:15,323,,,1,,27,0,3,1,,3,,,,,,,,,1,1,,,5,5,4,4,5,1,1,1,1,1,4,3,4,2,3,3,3,3,3,4,4,1,1,128400,250000,3,300000,175000,,600000,3,750000,500000,100000,0,150000,0,200000,1,1,2,2,2,0,0,0,1,2,1,4,3,5,1,5,5,1,5,4,1,1,1,1,1,,,,1,,0,0,,,,,,,1,,1,1,Oklahoma,73106,3,Virginia,Richmond,2,0,7,7,7,6,1,,,,,,1,3,,,,,1,,,,
5ebc9477f7c7370d8cfdb4bf,7/25/25 12:15,674,,,.89999998,,28,1,5,,1,5,,1,1,,,,,,6,,1,,1,2,5,1,2,4,5,4,5,1,3,3,4,1,3,3,3,3,2,4,2,1,1,32000,350000,3,400000,250000,,500000,2,600000,300000,120000,1,200000,1,350000,3,3,0,2,2,0,0,2,3,3,2,5,1,4,4,2,2,2,3,1,2,2,2,4,1,,,,,1,0,2,,,,,,,1,,1,1,California,92092,2,Minnesota,washington,2,6,6,9,6,7,,,,1,,,3,3,1,,,1,,,,,
61338374ecef87bfdfd1c7bb,7/25/25 12:15,704,,,1,,23,1,4,1,,3,,,,,,,,,6,,,1,2,2,5,2,1,4,4,4,4,2,3,1,3,2,2,2,2,2,3,3,4,1,0,54000,150000,2,250000,70000,,,,,,90000,0,110000,0,120000,2,1,0,2,2,0,0,2,4,1,5,4,2,3,2,2,4,3,3,2,3,2,2,4,1,,,,,1,0,0,,,,,,,1,,1,0,Minnesota,55408,3,South Carolina,Simpsonville,2,0,6,7,3,6,1,,,,,,3,3,1,,,1,,,,,
60fe58dabcac84f95b003aa0,7/25/25 12:15,827,,,1,,25,1,5,1,,5,,1,,,,,,,5,,1,,1,-1,5,2,-1,5,4,4,5,1,1,3,4,1,-1,2,2,-1,-1,3,-1,0,1,0,70000,2,70000,50000,100000,80000,1,110000,80000,70000,0,80000,0,80000,5,5,0,0,0,0,0,0,3,1,2,3,5,4,4,1,3,3,3,1,2,2,3,5,,1,,,,1,0,-1,,,,,,,1,,1,1,Florida,32832,2,Florida,Orlando,2,0,3,5,4,4,,,,,,1,3,3,1,,,,,,,,
62851efba924ed81f6f0e7f4,7/25/25 12:15,408,,,1,,26,1,5,1,,2,,,,,,,,1,6,,1,,1,1,5,1,1,5,4,5,5,1,2,1,2,2,2,1,2,3,2,3,3,0,1,65000,95000,1,140000,65000,104000,140000,1,205000,100000,90000,0,90000,0,90000,1,1,0,2,2,0,2,2,4,2,3,1,4,5,4,2,5,1,4,1,3,2,1,1,1,,,,1,,0,0,,,,,,,1,,1,1,Colorado,80909,3,Colorado,80027,2,0,6,6,6,6,1,,,,,,3,3,1,,,1,,,,,
66e85c3111a873ceb557fdc1,7/25/25 12:15,626,1,1,.89999998,,20,0,3,,1,3,,,,,,,,,3,1,,,2,3,5,2,2,2,2,2,4,5,3,2,2,1,2,2,2,1,2,2,1,0,1,0,135000,3,150000,120000,80000,200000,2,220000,180000,80000,1,200000,1,220000,1,1,0,0,2,0,0,0,1,3,2,1,5,4,2,1,1,2,3,4,1,2,1,4,,1,,,,1,0,2,,,1,1,,,1,,1,0,New York,11103,3,New York,Astoria,3,3,6,7,3,3,,,,1,,,2,2,,,,,,,1,,
66c224cd6a7f0c402d591979,7/25/25 12:15,742,,,1,,22,1,5,1,,5,,,1,,,,,,7,,,1,1,1,5,2,2,5,5,5,5,2,1,1,3,1,2,2,2,1,1,3,3,0,1,59000,79900,2,175000,40000,79000,150000,2,200000,70000,60000,0,65000,0,65000,8,10,0,0,2,0,0,0,4,1,3,5,4,2,5,3,5,3,3,2,3,3,3,5,,1,,,,1,0,0,,,,1,,,,,1,1,Georgia,30506,2,Georgia,Dawsonville,2,3,5,7,4,7,1,,,,,,3,3,1,,,,,,1,,
65c15279942f3449529c0110,7/25/25 12:15,984,,,1,,29,1,5,,1,5,,,1,,,,,,5,,,1,2,2,4,2,1,5,5,4,4,1,2,2,3,1,2,3,3,3,3,3,2,0,1,60000,130000,2,150000,90000,110000,200000,1,200000,180000,180000,1,180000,1,180000,10,6,0,0,0,0,0,0,4,1,5,2,4,3,2,4,4,1,3,3,2,2,3,3,,1,,,,1,1,-1,,,1,,,,,,1,1,Arizona,85379,2,Georgia,Atlanta ,2,2,4,7,7,3,,,1,,,,3,3,,,,,,,,,
60822c29ba64d380f7bd9fd8,7/25/25 12:15,631,,,1,,27,1,4,,1,3,,,,,,,,,7,,,1,1,2,5,3,1,4,4,4,5,2,4,2,5,1,2,3,2,3,3,4,2,1,0,4000,150000,2,110000,90000,,,,,,65000,0,120000,0,150000,1,1,0,2,2,0,0,1,2,3,4,2,1,5,4,2,4,2,3,2,3,2,1,4,1,,,,,1,0,0,,,,,,,1,,1,1,Indiana,46637,2,Alabama,Cullman,1,5,7,8,9,7,1,,,,,,3,3,1,,,1,,,1,,
62877d5f6a054e53313ac916,7/25/25 12:15,478,,,1,,28,1,4,1,,5,,1,1,,,,,,6,,,1,1,1,5,4,1,4,5,5,5,3,2,4,3,1,-1,2,2,2,2,4,2,1,1,46000,300000,2,430000,115000,,650000,2,800000,240000,25000,1,180000,1,350000,1,1,0,0,0,0,0,0,4,5,4,1,3,2,2,3,3,3,3,2,3,1,3,4,1,,,,,1,0,2,,,,,,,1,,1,1,Illinois,60647,3,Missouri,Columbia,2,0,6,9,7,9,1,,,,,,3,2,1,,,1,,,,,
67745cfb4893225ef8d4bc4a,7/25/25 12:15,664,1,,.30000001,,22,0,3,1,,3,,,,,,,,,4,1,,,3,3,4,3,5,1,1,4,4,2,5,2,1,1,1,2,2,1,3,1,1,1,1,10000,50000,1,100000,75000,,60000,1,30000,23000,10000,1,100000,1,120000,1,1,0,0,0,0,0,0,5,1,2,3,4,5,5,3,1,4,2,1,1,1,5,1,1,,,,,1,0,-1,,,,,,,1,,1,1,Ohio,45651,1,Ohio,Dayton,2,0,3,3,3,4,,,,,,1,1,1,,1,,,,,,,
63b897693f2aff0ef38adbba,7/25/25 12:16,836,,,.89999998,,25,1,5,1,,4,,,,1,,,,,6,,,1,1,1,5,1,1,5,5,5,5,3,1,2,3,1,2,2,1,1,1,2,3,0,1,43000,70000,1,70000,55000,120000,200000,1,200000,170000,150000,0,180000,0,180000,10,5,0,2,2,0,0,2,4,1,2,5,4,3,4,3,4,3,3,1,3,2,3,5,1,,,,1,,0,0,,,,1,,,,,1,0,California,91342,3,California,San Fernando,3,0,3,5,1,1,1,,,,,,2,3,1,,,1,,,,,
60ca846ffad77e5b1fee110a,7/25/25 12:16,1123,,,1,,27,1,4,1,,4,,1,1,,,,,,3,1,,,5,4,4,4,4,4,4,5,4,1,4,2,3,1,2,3,2,2,2,4,3,1,0,79000,150000,2,110000,79000,,,,,,200000,1,150000,1,200000,5,1,0,0,0,0,0,0,5,2,3,5,1,4,2,3,4,2,4,3,4,4,2,4,1,,,,,1,0,2,,,1,,,,,,1,0,Florida,33076,3,Florida,Parkland,3,0,6,9,9,7,1,,,,,,1,1,1,,,1,,,,,
5c4684826a7dbc00017c0a87,7/25/25 12:16,558,,,1,,26,1,5,,1,3,,,,,,,,,7,,,1,3,2,5,-1,1,5,5,5,5,2,2,3,4,1,1,2,-1,3,2,2,1,0,1,2000,50000,1,150000,30000,65000,85000,1,200000,60000,65000,0,40000,1,70000,2,2,0,0,2,0,0,0,5,4,2,5,3,1,4,4,2,2,3,1,4,3,4,4,,,1,,,1,0,-1,,,1,,,,,,1,1,Ohio,44060,2,Ohio,Euclid,2,0,3,6,4,3,,,,,1,,3,3,1,,,1,,,1,,
66a10e3345b0185f108d7eb3,7/25/25 12:16,722,,,.89999998,,23,1,5,,1,3,,,,,,,,,6,,1,,2,-1,5,3,1,5,5,4,5,2,2,2,3,1,1,2,1,1,2,2,1,0,1,4500,15000,1,30000,10000,75000,90000,1,120000,80000,65000,0,70000,0,80000,2,6,0,0,0,0,0,0,5,1,2,3,4,5,5,1,1,4,2,3,3,1,4,5,,1,,,,1,0,-1,,1,,,,,,,1,0,Nevada,89142,2,Nevada,Las Vegas,3,0,6,8,3,4,,,,,,1,3,3,1,,,1,,,1,,
58ab2db50da7f10001de8e34,7/25/25 12:16,830,,,1,,28,1,5,1,,5,,,,1,,,,,7,,,1,2,1,4,2,1,5,5,5,5,4,3,2,3,1,1,1,1,2,1,2,3,0,1,12000,70000,1,90000,60000,60000,110000,1,150000,80000,85000,0,120000,0,140000,1,5,0,0,0,0,0,0,4,3,2,5,1,4,5,2,1,4,2,1,4,3,4,5,1,,,,,1,0,0,,,,1,,,1,,1,0,New York,11220,3,New York,Brooklyn,3,0,6,6,3,2,,1,,,,,3,3,1,,,1,,,,1,
66ea3839cab7d348dc9fb59e,7/25/25 12:16,591,,,.89999998,,25,1,3,1,,3,,,,,,,,,4,,1,,3,1,2,4,-1,4,1,1,4,1,4,3,3,1,3,3,2,2,3,4,2,1,1,15000,150000,3,180000,80000,,300000,3,400000,250000,60000,1,100000,1,150000,10,10,2,2,2,0,0,2,2,4,5,1,2,3,2,2,2,1,3,3,1,1,1,3,,1,,,,1,0,3,,,,,,,1,,1,1,Kansas,66502,2,Kansas,wichita,3,6,6,9,6,6,,,,1,,,1,1,,1,,,,,,1,
631ab96a9f27876b9e4fe4c0,7/25/25 12:16,659,,,.80000001,,24,1,5,,1,4,,,1,1,,,,,5,,1,,1,2,5,1,1,5,5,4,4,1,1,3,4,2,2,3,3,3,3,2,3,1,1,47000,200000,3,220000,120000,,500000,2,550000,120000,85000,0,150000,0,150000,1,1,0,0,2,0,0,2,3,2,5,3,1,4,2,2,5,1,5,3,1,1,1,3,1,,,,,1,0,0,,,,,1,,1,,1,0,Michigan,48104,3,Michigan,Dearborn,2,3,4,9,3,3,1,,,,,,3,3,1,,,1,,,,,
611ab91a00baa062f55b86d8,7/25/25 12:16,1643,,,1,,25,1,4,1,,3,,,,,,,,,6,,,1,2,2,5,4,2,5,4,2,3,2,4,3,4,2,3,3,3,3,4,5,3,0,1,45000,20000,3,30000,90000,120000,500000,2,550000,100000,180000,1,200000,1,200000,2,4,0,0,2,0,0,0,3,4,2,5,1,3,2,4,4,2,3,3,2,2,2,3,,1,,,1,,0,2,,,,1,,,1,,1,0,Texas,77365,2,Texas,Houston,3,4,6,7,5,6,1,,,,,,2,2,,,,1,,,1,,
67158fc2d3dcb39fb10908dc,7/25/25 12:16,637,,,.60000002,,27,1,5,1,,5,,,,1,,,,,4,,1,,1,1,5,1,1,5,5,5,5,1,5,1,1,4,1,1,1,1,3,2,1,1,0,25000,40000,2,60000,50000,,,,,,30000,0,100000,0,200000,1,1,0,0,0,0,0,0,5,1,4,3,5,2,5,2,2,4,2,2,4,1,5,5,1,,,,,1,0,0,,1,,,,,,,0,0,New Jersey,08817,3,New Jersey,Saigon,3,0,6,6,3,3,,,1,,,,2,3,,,,,,,,,
60ff7377316fab2ad5f2a7d4,7/25/25 12:16,766,,,.89999998,,26,1,5,,1,5,,1,1,,,,,,6,,1,,2,1,5,4,2,5,5,5,5,5,2,1,2,1,1,2,1,2,3,2,2,0,1,30000,60000,1,75000,20000,75000,90000,1,100000,50000,50000,0,50000,0,50000,1,5,0,0,0,0,0,0,4,1,2,5,3,4,4,2,3,3,3,1,2,2,5,5,1,,,,,1,0,0,,,,,,,1,,1,1,Oklahoma,74804,2,Oklahoma,Shawnee,2,0,6,6,3,7,1,,,,,,3,3,1,,,1,,,,,"questions were clear, survey was an appropriate length"
60fec468f4995966355862d4,7/25/25 12:16,469,,,1,,26,1,5,,1,3,,,,,,,,,7,,1,,1,1,5,5,1,5,5,4,5,1,1,1,2,1,2,2,2,3,4,4,3,0,1,65000,100000,1,90000,80000,250000,250000,1,300000,175000,25000,0,80000,0,90000,5,1,0,0,2,0,0,0,4,2,1,4,5,3,3,1,4,1,3,1,2,2,2,4,,1,,,,1,0,0,,,,,,,1,,1,1,Georgia,30041,2,Georgia,Forsyth County,2,0,7,7,6,6,1,,,,,,3,3,1,,,1,,,,,
66bebab38c31e1f15e3e1fd5,7/25/25 12:16,533,,,1,,29,1,4,1,,3,,,,,,,,,6,,,1,2,1,4,4,2,4,4,2,5,2,2,2,2,2,1,1,2,2,2,3,2,0,1,1000,1000,2,1000,500,1000,1000,2,400,300,70000,0,50000,0,55000,5,4,0,0,0,0,0,0,2,1,2,5,4,3,2,3,2,2,2,1,1,1,1,2,,1,,,,1,0,2,,,,1,,,,,1,0,North Carolina,28904,1,Texas,"Weatherford,  Texas",1,3,5,6,2,2,,,,1,,,2,2,,,,,,,,,
65cb72a5bbccef2b87ca69ff,7/25/25 12:16,615,,,1,,22,0,1,1,,3,,,,,,,,,2,,1,,5,4,4,4,2,1,1,1,2,1,4,3,4,1,2,3,2,2,1,4,3,1,1,24000,150000,2,200000,75000,,200000,2,500000,80000,40000,0,250000,0,275000,1,5,0,2,2,0,0,1,2,2,1,4,3,5,4,5,5,1,5,4,1,1,2,4,,1,,,,1,0,0,,1,,,,,,,1,0,Minnesota,55129,2,Minnesota,Woodbury,2,3,4,6,6,6,1,,,,,,1,2,,1,,,,,,,
5b01bae6293d3100010241b5,7/25/25 12:16,987,,,1,,28,1,4,1,,5,,1,1,,,,,,6,1,,,1,1,5,2,1,5,5,5,5,3,2,1,2,2,2,2,2,3,3,3,2,0,1,35000,75000,1,100000,55000,60000,100000,1,135000,75000,48000,0,55000,0,60000,6,6,0,0,2,0,0,0,2,4,1,5,2,3,5,2,2,3,4,4,2,2,3,5,1,,,,,1,0,-1,,1,,,,,1,,1,0,California,95132,3,California,San Jose,3,0,7,8,5,5,,1,,,,,3,3,1,,,1,,,,,The questions about my future household were somewhat unclear. I think my future household will have a different composition than my current household. 
609495bf8308c0246d003bf0,7/25/25 12:16,602,,,1,,29,1,5,,1,5,,1,1,,,,,,7,,1,,1,1,5,2,1,5,5,5,5,1,2,1,2,1,1,1,1,3,4,4,2,0,1,40000,60000,1,75000,30000,100000,80000,1,150000,70000,50000,0,50000,0,60000,3,4,0,0,2,0,0,0,4,2,1,3,5,4,4,3,4,2,2,2,2,2,3,4,1,,,,,1,0,-1,,,,,,,1,,1,1,Kentucky,40515,2,Kentucky,Lexington,2,0,6,6,7,7,1,,,,,,3,3,1,,,1,,,,,
611309dda828618098695df5,7/25/25 12:16,572,1,1,.89999998,,23,1,4,,1,4,,,1,,,,,,7,1,,,1,1,4,2,1,4,5,4,5,4,3,2,3,2,1,2,2,2,2,4,3,0,1,5000,150000,2,200000,100000,100000,150000,1,300000,100000,100000,1,200000,1,200000,2,6,2,2,2,0,0,2,1,3,2,5,1,4,2,3,3,2,4,2,2,2,2,4,,1,,,,1,0,2,,,,,1,,1,,1,0,Washington,98629,1,California,Los Angeles,2,6,6,9,6,9,,,,1,,,3,3,1,,,1,,,,,
5ccc60abe787e000167f8143,7/25/25 12:16,633,,,1,,26,1,4,,1,5,,1,,,,,,,4,,1,,1,1,5,1,1,4,4,2,5,2,4,2,1,1,1,2,3,4,1,2,1,0,1,4000,120000,1,100000,40000,100000,100000,1,150000,40000,70000,0,180000,0,200000,1,1,0,0,0,0,0,0,4,2,4,3,5,1,4,2,1,4,2,4,3,1,4,5,1,,,,,1,0,1,,,,,,,1,,1,1,Massachusetts,01431,1,Massachusetts,Worcester,3,2,4,7,2,4,,,1,,,,3,3,,,,,,,,,
66463a3b43cd8f961e3cc8c3,7/25/25 12:16,354,,,1,,29,1,5,,1,2,,,,,,,1,,3,,1,,1,1,5,5,5,5,5,5,5,5,5,1,1,4,1,1,1,2,2,2,2,1,1,25000,50000,2,100000,50000,,120000,1,150000,50000,50000,0,50000,0,60000,1,1,0,0,0,0,0,0,5,3,4,5,1,2,5,3,2,3,3,1,2,2,2,3,1,,,1,,,1,1,,,,,,,1,,1,1,New Hampshire,03102,2,Massachusetts,Lowell,2,0,3,3,3,3,,,1,,,,2,2,,,,,,,,,
663a8b6eababda7c864ed2ce,7/25/25 12:17,790,,,1,,27,1,5,1,,5,,1,1,,,,,,4,,,1,1,1,4,4,1,3,4,5,5,5,4,2,3,2,1,3,2,4,2,4,1,1,0,24000,75000,3,90000,75000,,,,,,50000,0,100000,0,100000,1,1,0,0,0,0,0,0,5,1,2,3,5,4,5,4,2,3,4,4,2,2,5,4,,,1,,,1,0,0,,,,,,,1,,1,1,Georgia,31523,1,Georgia,Brunswick,3,0,6,7,,,,1,,,,,3,3,1,,,1,,,,,
665dea227996cd7a1459279b,7/25/25 12:17,768,,,.80000001,,25,1,5,,1,4,,1,1,,,,,,5,,1,,1,2,4,2,5,3,5,4,3,3,5,1,1,5,1,2,1,2,2,3,2,1,1,10000,100000,1,50000,40000,,100000,2,80000,40000,30000,1,70000,1,80000,5,5,0,0,0,0,0,0,5,2,4,5,3,1,5,4,3,3,2,2,2,1,1,4,1,,,,,1,1,3,,,1,,,,,,1,1,Arkansas,71653,1,Arkansas,Eudora ,1,1,3,3,3,3,,,,,,1,1,1,1,,,1,,,,,Loved the study
673c90022c553e1b8f60a3af,7/25/25 12:17,755,,,1,,27,0,1,1,,5,,,1,,,,,,6,,,1,3,3,4,3,4,4,3,5,3,3,3,3,3,3,1,2,-1,2,2,2,2,0,0,10000,40000,2,60000,40000,40000,,,,,70000,0,75000,0,80000,1,3,0,0,0,0,0,0,3,2,4,1,3,5,3,3,3,2,3,2,3,3,3,4,1,,,,,1,0,0,,,,1,,,,,1,0,California,93280,1,California,Wasco,1,0,3,5,3,1,,,,,,1,2,2,1,,,1,,,,,
633c74ad6178784ed5b52104,7/25/25 12:17,588,,,1,,28,1,5,,1,3,,,,,,,,,7,1,,,1,1,5,-1,1,5,5,5,5,1,1,2,3,2,1,1,1,2,2,2,1,0,1,38000,50000,1,60000,35000,120000,1500000,1,1800000,100000,200000,0,220000,0,230000,2,1,0,2,2,0,0,0,4,1,2,3,5,4,5,3,5,2,4,2,1,2,5,5,1,,,,,1,0,0,,,,1,,,,,1,0,California,93063,2,California,Simi Valley,2,0,5,5,1,1,1,,,,,,3,3,1,,,1,,,,,
67b368cc145cdf46380f5f94,7/25/25 12:17,1442,,,1,,26,1,4,1,,4,,,,1,,,,,3,1,,,1,2,4,4,4,4,5,4,5,3,4,2,3,1,1,2,2,2,3,2,2,1,1,80000,120000,2,110000,100000,,160000,2,150000,140000,130000,1,160000,1,180000,5,1,0,0,0,0,0,0,4,2,3,4,5,1,4,2,4,4,4,2,4,1,3,5,,1,,,,1,0,2,,,,,,,1,,1,1,Missouri,64151,3,Kansas,Kansas City,3,0,6,6,7,3,1,,,,,,2,2,,,,,,,,1,
5edbf245e31b590a6e572482,7/25/25 12:17,720,,,1,,25,1,5,,1,5,,1,1,,,,,,4,,,1,4,3,5,5,3,5,4,3,4,3,3,1,2,1,2,2,1,2,2,1,2,0,1,15000,35000,2,35000,20000,15000,35000,2,35000,20000,40000,1,50000,1,50000,5,5,0,0,0,0,0,0,4,2,4,1,5,3,5,3,4,3,3,1,4,1,1,5,,1,,,,1,0,0,,,,,,,1,,1,1,New Jersey,08081,2,New Jersey,Sicklerville ,2,0,6,6,3,4,1,,,,,,2,2,1,,,1,,,,,
65957d7d9f906b3df1cfdbce,7/25/25 12:17,1240,1,1,.89999998,,28,1,4,1,,3,,,,,,,,,5,,1,,2,3,4,3,2,4,3,3,4,1,2,3,1,1,1,2,1,3,3,3,3,0,1,30000,35000,2,31000,23000,29000,32000,2,35000,26000,36000,1,40000,0,26000,4,2,0,0,0,0,0,0,2,1,2,4,5,3,3,4,3,2,3,2,1,2,2,4,,1,,,1,,2,3,,,1,,,,,,1,1,Tennessee,38115,3,Tennessee,Nashville,3,0,4,5,5,3,1,,,,,,3,2,1,,,,,,,,
661ed51e233da9567074fc22,7/25/25 12:17,816,,,1,,29,0,1,1,,1,,,,,,,,1,2,,,1,4,4,4,-1,4,1,1,2,1,1,5,4,4,2,3,3,2,4,3,2,4,0,1,100000,160000,2,200000,100000,100000,160000,2,200000,100000,75000,1,100000,1,150000,1,3,0,0,0,0,0,0,1,1,5,4,2,3,4,3,4,3,4,4,1,1,2,1,,1,,1,,,2,4,,,,,,,1,,1,1,Utah,84401,2,California,Elk Grove,2,0,6,6,6,6,,,,,1,,1,1,,1,,,1,,,,
678006318afafe2d811d0277,7/25/25 12:17,521,1,,.5,,22,1,5,,1,4,,,1,,,,,,7,,,1,2,3,4,4,3,4,5,4,4,3,4,3,2,2,2,2,2,1,3,3,3,0,0,35000,75000,2,100000,55000,37000,,,,,35000,0,40000,0,40000,2,2,0,2,2,0,0,0,4,1,3,4,5,2,4,5,4,2,3,3,2,3,5,4,,1,,,1,,0,-1,,,,,,,1,,1,1,Colorado,81505,2,Colorado,gj,2,0,4,4,2,3,1,,,,,,2,2,1,,,,,,1,,
6164f32a3728684416599526,7/25/25 12:17,441,,,1,,27,1,5,1,,5,,1,1,,,,,,7,,,1,1,1,5,3,1,5,5,4,5,4,1,2,3,1,2,2,3,2,4,4,4,0,1,75000,120000,2,150000,95000,135000,210000,2,240000,190000,120000,0,130000,0,140000,6,6,0,2,2,0,0,2,2,1,2,5,4,3,5,1,5,1,4,3,1,1,1,1,1,,,,,1,0,0,,,,,,,1,,1,1,Ohio,43214,2,Ohio,Cleveland,3,4,6,8,4,7,1,,,,,,3,3,1,,,1,,,,,
6647b76b0e8f4c4cc2b8b4f6,7/25/25 12:17,1037,,,1,,24,1,3,,1,4,,1,,,,,,,2,,1,,3,4,4,3,4,4,5,4,3,2,3,2,2,2,1,-1,2,2,3,3,3,0,1,40000,60000,2,55000,50000,40000,50000,2,55000,50000,60000,0,60000,0,60000,2,4,0,0,0,0,0,0,5,2,4,1,5,3,4,3,3,2,3,2,2,1,2,1,1,,,,,1,0,0,,,,1,,,,,1,0,Alabama,36203,2,Georgia,Marietta,3,0,3,6,2,2,1,,,,,,2,2,,,,,,,,,
671a6d57cb932ed4526d42df,7/25/25 12:17,553,,,1,,23,1,5,,1,5,,1,,,,,,,5,,,1,2,4,5,3,1,5,5,5,5,1,1,2,2,1,1,2,2,2,3,3,2,0,1,35000,50000,2,70000,30000,50000,100000,2,150000,50000,40000,0,60000,0,60000,3,2,0,0,2,0,0,0,4,1,3,4,5,2,4,4,4,3,4,1,2,2,4,5,,1,,,1,,0,0,,,,,,,1,,1,1,Wisconsin,53569,1,Wisconsin,N/A,1,0,3,7,3,2,,1,,,,,3,3,,,,,,1,1,,
67193faab4dac3bad64adb5d,7/25/25 12:17,3234,,,1,,28,0,3,,1,3,,,,,,,,,5,,,1,2,4,4,4,5,5,4,3,3,4,5,3,3,5,2,2,2,3,3,3,3,0,1,45000,79000,2,81000,40000,70000,120000,2,145000,65000,100000,1,100000,1,100000,1,1,0,0,2,0,0,0,4,3,5,2,1,4,4,4,4,3,3,3,2,2,2,3,1,,,,,1,0,1,,,1,,,,,,1,1,Illinois,60445,2,Illinois,Chicago,3,0,4,4,4,3,1,,,,,,2,2,1,,,1,,,,1,positive 
66467e6f4c38889f9d043c4b,7/25/25 12:18,934,,,1,,29,1,5,1,,3,,,,,,,,,7,,,1,1,3,5,1,2,5,5,2,5,5,2,2,3,4,2,2,2,3,3,2,3,0,1,40000,100000,1,150000,60000,100000,200000,2,250000,150000,160000,1,200000,1,250000,3,4,0,2,2,0,0,0,2,3,2,4,5,1,4,5,4,2,4,3,3,2,2,5,,1,,,1,,0,1,,1,,,,,,,1,0,Texas,78704,3,Texas,houston,3,0,6,6,4,4,1,,,,,,3,3,1,,,1,,,,,
6785704c3b1ab8813a4958b0,7/25/25 12:18,1035,,,1,,29,1,5,,1,4,,1,,,,,,,5,1,,,1,1,5,3,2,5,5,4,5,1,1,1,2,1,1,1,1,2,3,3,3,0,1,3000,10000,2,10000,3000,99000,110000,2,110000,99000,90000,1,95000,1,100000,2,7,0,2,2,0,0,2,2,1,2,5,4,3,2,3,4,2,3,3,2,2,3,1,,1,,1,,,1,1,,,,,,,1,,1,1,Nevada,89011,3,Nevada,las vegas,3,0,6,6,3,3,,,,,1,,2,2,1,,,,1,,,,"only some of the questions about primary employment. I'm a ""gig worker"" and get 1099s, sell on ebay etc, so I'm not really employed, and not in the workforce anymore in my degree field. It's a gray area and I might reccomend adding more options to fit these non-traditional jobs. "
670ac63d582f99ee8ca120b2,7/25/25 12:18,1269,1,1,1,,20,1,4,,1,4,,,1,,,,,,6,,,1,4,3,5,-1,1,5,4,3,4,1,2,2,3,2,2,2,2,2,2,3,2,0,1,400,83000,2,120000,60000,130000,220000,1,280000,100000,150000,1,160000,1,150000,10,5,0,0,2,0,0,0,2,1,2,3,5,4,4,4,1,3,2,1,3,3,3,4,,1,,,,1,0,-1,,,1,,,,,,1,1,Texas,77095,2,Louisiana,Denham Springs,2,3,5,9,4,4,,,,1,,,2,2,,,,,,,,,
61451e21a303bee08cbb86ea,7/25/25 12:18,590,,,1,,24,1,5,1,,3,,,,,,,,,4,,,1,1,1,5,5,3,5,3,5,5,1,3,1,2,1,1,1,1,2,2,2,2,0,1,0,5000,1,3000,800,0,4000,1,3000,900,50000,0,50000,0,50000,1,5,0,0,0,0,0,0,5,2,1,4,5,3,5,1,3,1,3,3,1,1,1,4,1,,,,,1,0,-1,,,,,,,1,,1,1,Maryland,20871,2,Maryland,Montgomery County,2,0,3,3,3,3,,,,,,1,2,2,,,,,1,,,,
63d00622fd37f382d3ce2ec1,7/25/25 12:18,1407,,,1,,29,1,5,,1,4,,,,1,,,,,6,1,,,1,1,5,1,1,5,5,5,5,5,2,1,2,1,-1,2,-1,2,3,3,1,0,1,10000,30000,1,20000,10000,30000,50000,1,70000,10000,25000,1,35000,1,45000,1,6,0,0,0,0,0,0,4,1,2,4,5,3,5,4,1,3,3,1,2,2,3,4,1,,,,1,,0,1,,,,,,,1,,1,1,Wisconsin,53809,1,Wisconsin,Fennimore,1,0,4,6,3,3,,1,,,,,3,3,1,,,1,,,1,,
65dcb7a3923a6e33c5e1fc97,7/25/25 12:18,662,,,.80000001,,27,1,4,1,,2,,,,,1,,,,7,,1,,1,2,5,3,4,5,5,3,4,5,1,2,2,1,1,-1,1,2,2,3,3,0,1,50000,100000,3,150000,80000,100000,200000,2,300000,150000,60000,0,80000,0,100000,3,6,0,2,2,0,0,0,2,1,2,4,5,3,4,3,4,3,2,3,2,2,3,1,,1,,,1,,0,0,,1,,,,,1,,1,1,Ohio,45213,3,Ohio,Newport Beach,2,0,6,6,6,6,,1,,,,,2,3,1,,,1,,,,,
650356574411960c9f161662,7/25/25 12:18,939,,,1,,25,1,5,1,,3,,,,,,,,,7,1,,,1,1,5,2,3,5,5,5,5,1,1,2,2,1,1,3,3,2,2,2,3,0,1,45000,90000,2,100000,45000,95000,170000,2,250000,90000,70000,1,100000,1,130000,1,1,0,0,2,0,0,0,1,1,5,2,4,3,5,5,3,2,2,2,2,2,2,2,,1,,,,1,0,2,,,1,,,,,,1,1,Kentucky,40011,3,Florida,Pompano beach,3,4,6,7,2,2,,1,,,,,3,3,1,,,1,,,,,
677e09d332acbbd97ca33ae4,7/25/25 12:18,1102,,,1,,23,1,4,1,,4,,1,,1,,,,,6,1,,,2,1,5,4,2,5,5,5,5,2,-1,1,2,1,3,3,2,1,1,1,3,0,1,39000,86000,1,90000,70000,60000,180000,1,220000,80000,80000,1,90000,1,90000,3,2,0,2,2,0,0,2,4,3,4,2,5,1,2,4,5,1,5,1,2,1,3,4,,1,,,,1,0,4,,,,1,,,,,1,0,California,90623,2,California,Santa Ana,2,0,4,4,3,3,1,,,,,,1,1,,1,,,1,,,,
6791337a984fa58bf2ff4119,7/25/25 12:18,539,,,1,,27,0,3,1,,3,,,,,,,,,4,,1,,3,2,5,3,3,3,3,2,2,2,3,3,3,3,2,3,3,1,1,2,2,1,1,24000,124000,2,200000,60000,,350000,2,500000,125000,40000,1,240000,1,240000,3,5,0,0,2,0,0,0,4,2,3,5,1,4,4,3,3,1,5,4,2,2,2,3,1,,,,,1,0,2,,,,,,,1,,1,1,South Carolina,29631,2,Alabama,Birmingham,2,5,7,8,6,7,1,,,,,,2,2,,,1,,,1,,,
607b73619e1bfba7bfb23cce,7/25/25 12:19,902,,,1,,28,1,4,,1,4,,1,,,,,,,5,1,,,2,2,4,3,3,4,4,5,4,3,4,2,3,2,2,2,2,3,3,3,3,0,1,10000,10000,1,40000,10000,90000,92000,1,90000,80000,80000,0,80000,0,80000,1,4,0,0,0,0,0,0,4,1,2,3,5,4,2,3,4,2,3,1,2,1,2,3,1,,,,,1,0,1,,,,,,,1,,1,1,Ohio,45122,2,Ohio,goshen,2,0,3,3,3,3,,1,,,,,2,2,,1,,,1,,,,thank you very much for the study !
667452a884ddbe4ec009e968,7/25/25 12:19,1016,,,1,,24,1,5,1,,4,,,,1,,,,,6,,1,,1,1,5,2,1,4,4,5,5,2,2,1,2,2,3,2,2,4,2,4,2,1,1,0,80000,2,90,75000,,150000,1,175000,120000,60000,1,90000,1,90000,4,1,1,1,2,0,1,2,2,4,2,5,3,1,3,2,4,2,4,2,2,2,2,4,,1,,,,1,0,3,,,,,,,1,,1,1,Washington,98346,2,Washington,Kingston,2,0,7,8,7,6,1,,,,,,3,3,1,,,1,,,,,
5d3695969749cc00165c222f,7/25/25 12:19,1002,,,1,,29,1,4,,1,4,,,1,,,,,,7,,,1,1,2,5,1,2,5,5,1,4,1,4,2,2,2,1,2,1,4,5,4,2,0,1,13500,32000,1,55000,15000,65000,85000,1,105000,75000,50000,0,125000,0,130000,1,1,2,2,2,0,2,2,4,1,3,4,2,5,4,1,1,3,3,4,4,2,3,3,1,,,,,1,0,0,,,,,,,1,,1,1,Texas,77584,2,Texas,Houston,2,0,4,4,6,6,,,1,,,,3,3,1,,,,1,,,,
62aa28c1027ae7d68ef3571c,7/25/25 12:19,1300,,,.80000001,,23,1,5,,1,5,,1,1,,,,,,6,,1,,1,2,5,2,1,5,5,5,5,1,1,1,3,1,1,2,1,4,1,3,2,0,1,5000,60000,2,70000,45000,79000,130000,2,145000,115000,100000,0,115000,0,130000,2,1,0,2,2,0,0,0,4,1,2,5,3,4,4,1,2,4,3,1,3,2,2,5,,1,,,,1,0,0,,,,1,,,1,,1,1,Virginia,20165,2,Virginia,Fairfax ,2,0,6,6,3,5,,,,,,1,3,3,1,,,1,,,,,
5fe4e6bf8bcb1f2bd103d1c7,7/25/25 12:19,773,,,.89999998,,26,1,5,1,,5,,,,1,,,,,6,,1,,1,1,5,2,-1,4,5,4,5,2,2,2,2,1,-1,2,2,3,3,3,1,0,1,2000,70000,1,100000,36000,100000,100000,2,120000,100000,60000,0,75000,0,80000,1,1,0,0,2,0,0,0,4,2,1,4,5,3,4,2,2,3,2,1,1,1,5,4,1,,,,,1,0,-1,,,,,,,1,,1,1,Georgia,30120,2,Georgia,Cartersville,2,0,3,3,4,6,,,,,,1,2,2,1,,,1,,,,,
66c1c5cb4b460dacc8290b9e,7/25/25 12:19,754,,,1,,29,1,5,1,,3,,,,,,,,,4,,1,,1,1,4,-1,1,5,5,5,5,1,1,2,3,1,1,3,2,2,2,2,2,1,1,47500,90000,3,90000,76000,,90000,2,80000,75000,75000,1,75000,0,75000,5,5,0,0,2,0,0,0,1,1,3,5,4,2,1,3,4,2,5,1,1,2,4,5,,1,,,1,,2,4,,,,1,,,,,1,1,Delaware,19720,2,Florida,Lauderhill,2,3,5,7,7,4,1,,,,,,3,3,1,,,1,,,,,
65bf9aeb592e888df327d648,7/25/25 12:19,767,,,1,,20,1,5,1,,3,,,,,,,,,4,,1,,4,-1,4,4,4,4,4,4,4,4,3,2,2,1,1,2,1,1,1,1,1,0,1,10000,50000,2,100000,25000,10000,100000,1,100000,25000,10000,0,70000,0,70000,1,1,0,0,0,0,0,0,4,1,2,4,5,3,4,5,1,3,2,1,4,3,5,5,,1,,,,1,0,0,,,,1,,,1,,1,0,Michigan,48210,1,Michigan,detroit,1,0,3,4,3,3,,,1,,,,1,1,,,,,,,,,
6684bbcfad6facc374fd6523,7/25/25 12:19,801,,,1,,29,1,5,,1,5,,,1,1,,,,,5,,1,,1,1,4,4,1,5,5,5,5,1,2,2,2,1,2,2,2,4,4,4,2,1,1,21000,80000,1,90000,70000,,120000,1,140000,90000,80000,0,80000,0,90000,2,6,0,0,2,0,0,0,4,3,1,4,5,2,5,1,4,2,3,4,3,2,2,5,,1,,,,1,0,-1,,,,,,,1,,1,1,Idaho,83706,2,Virginia,Virginia Beach,2,5,6,8,6,9,,,,1,,,3,3,1,,,1,,,,,
6646abc0720d1baaa7e0af4c,7/25/25 12:19,2111,,,.89999998,,26,1,5,,1,4,,,1,1,,,,,7,,,1,1,1,5,1,1,5,5,5,5,4,1,2,2,1,2,3,2,1,1,1,1,1,0,700,55000,2,66000,10000,,,,,,60000,0,65000,0,70000,10,3,0,2,2,0,0,0,4,5,2,4,1,3,4,5,2,2,4,3,3,2,2,3,,1,,,,1,0,0,,1,,,,,,,1,0,Massachusetts,01603,3,Massachusetts,"Worcester, Massachusetts",3,0,6,7,1,5,,,1,,,,3,3,1,,,1,,,1,,I think the survey length was reasonable!
63f7ac13d942e94c18c92d4b,7/25/25 12:19,705,,,1,,26,1,4,,1,4,,1,,,,,,,5,1,,,2,3,3,2,2,4,4,-1,4,-1,2,2,2,1,-1,2,2,4,3,3,2,1,0,65000,90000,1,120000,85000,,,,,,145000,0,145000,0,145000,2,1,0,2,2,0,0,0,4,1,2,3,5,4,4,2,3,3,2,3,2,2,3,5,1,,,,,1,0,0,,1,,,,,,,1,0,New Jersey,08817,2,New Jersey,,2,0,6,6,6,7,1,,,,,,3,3,1,,,1,,,,,
675675770dbc8c098596f973,7/25/25 12:19,2691,,,1,,27,1,5,,1,5,,,1,,,,,,7,,,1,1,1,5,4,1,5,5,5,5,1,1,2,2,1,2,2,2,1,1,1,1,0,1,5000,60000,2,100000,40000,50000,100000,1,100000,40000,70000,1,100000,1,150000,4,6,0,0,0,0,0,0,4,2,1,4,5,3,4,3,4,4,3,2,3,2,3,4,,1,,,,1,0,2,,,1,,,,,,1,1,Florida,32960,2,Florida,West palm beach,2,3,6,7,7,4,,,,,,1,3,2,,,1,,,,1,,
5d9622a2d6f35500179ed47c,7/25/25 12:19,2640,,,.60000002,,24,1,5,,1,4,,,,1,,,,,7,,1,,1,3,5,3,2,3,3,5,5,3,3,3,2,1,2,3,1,3,2,4,1,1,1,15000,10000000,3,30000000,100000,,10000000,3,30000000,100000,40000,1,80000,1,80000,10,10,0,0,0,0,0,0,3,1,3,2,5,4,1,5,5,3,5,1,1,2,1,4,1,,,,,1,0,2,,,1,,,,,,1,1,Michigan,48601,3,Michigan,Saginaw,3,0,3,3,6,6,,1,,,,,2,2,,1,,,,,,,
6104d73b7cdac0a47a905f0d,7/25/25 12:20,683,,,.60000002,,25,1,5,,1,5,1,1,,,,,,,5,,1,,1,2,5,5,3,5,5,5,5,2,2,2,1,1,2,2,1,2,2,2,2,0,1,20000,40000,2,80000,60000,40000,100000,1,100000,90000,40000,0,50000,0,50000,1,1,0,0,2,0,0,0,4,2,1,3,5,4,4,2,4,3,2,2,3,2,3,4,,1,,,,1,0,0,,,,1,,,,,1,0,California,92395,2,California,Hesperia,2,3,6,7,3,3,,1,,,,,3,3,1,,,1,,,1,,
67e97a22653a5c0aba16efe5,7/25/25 12:20,1701,,,.89999998,,24,1,5,1,,5,,,1,,,,,,6,1,,,2,2,5,1,1,5,4,2,5,1,1,1,3,1,1,1,1,2,2,3,2,0,1,27000,50000,1,70000,40000,48000,120000,1,130000,100000,70000,1,110000,1,120000,7,3,0,0,0,0,0,0,4,1,4,2,5,3,2,4,2,4,3,2,3,2,3,4,1,,,,1,,0,2,,,1,,,,,,1,1,Texas,76134,3,California,San Diego,3,2,5,7,4,5,,1,,,,,1,2,,1,,,,,,,
66b92157768c48d2392621de,7/25/25 12:20,576,,,.89999998,,21,1,4,,1,4,,,1,,,,,,6,1,,,2,2,4,4,2,5,5,4,5,3,4,4,5,3,2,2,2,4,2,3,2,0,0,3000,70000,2,100000,40000,65000,,,,,55000,1,80000,1,80000,5,1,0,0,2,0,0,0,4,1,3,2,5,4,4,4,4,3,5,1,4,2,3,5,1,,,,,1,0,4,,,,,,,1,,1,1,Missouri,63304,2,Missouri,St.Charles,2,2,4,6,7,7,,,,1,,,2,2,,,,,,,,1,
63174f52c207f299e8f8dc08,7/25/25 12:20,742,,,1,,29,0,4,1,,3,,,,,,,,,5,,1,,2,1,4,3,4,4,3,2,4,-1,4,3,3,-1,1,-1,-1,3,2,3,2,0,1,45000,85000,1,90000,40000,80000,140000,1,140000,60000,60000,0,60000,0,60000,6,3,0,2,2,0,0,0,3,1,2,3,5,4,3,4,3,2,3,4,2,3,5,1,1,,,,,1,0,0,,,,,,,1,,1,1,Tennessee,37601,1,Tennessee,Johnson City,1,0,4,4,3,1,,1,,,,,1,1,,1,,,1,,,,N/A
66a542c5fea50bbabcfa6ef0,7/25/25 12:20,1078,,,.89999998,,25,1,5,,1,5,,1,1,,,,,,5,1,,,1,1,5,2,1,5,5,5,5,2,1,2,2,1,2,1,2,2,1,2,3,0,1,24000,45000,1,75000,20000,52000,75000,2,90000,30000,50000,1,75000,1,80000,2,4,0,0,2,0,0,0,4,1,2,4,3,5,4,2,5,1,5,2,2,2,3,5,,1,,,1,,0,-1,,,,,,,1,,1,1,Texas,75056,2,Wisconsin,Fond du Lac,1,0,5,6,5,5,1,,,,,,3,3,1,,,1,,,,,
5c113ae4b7fb2f00011a6b7e,7/25/25 12:20,620,,,.89999998,,25,1,5,1,,4,,1,1,,,,,,7,,1,,1,1,5,2,1,5,5,4,5,3,2,1,2,2,2,2,2,1,2,3,2,1,0,35000,85000,2,95000,55000,,,,,,45000,0,75000,0,85000,4,1,0,0,0,0,0,0,2,1,5,3,2,4,5,1,4,2,3,3,1,2,2,5,,,1,,,1,0,0,,,,,,,1,,1,0,California,90046,3,Maryland,Silver Spring,2,5,7,8,6,8,,,,1,,,3,3,,,1,1,,,,,
5f4fc18ae52c090c077efd1c,7/25/25 12:20,664,,,1,,24,1,5,1,,5,,1,1,,,,,,6,1,,,1,1,5,4,1,5,5,5,5,1,1,1,2,1,2,2,2,2,2,2,3,0,1,50000,80000,3,95000,65000,80000,80000,3,80000,70000,80000,1,100000,1,100000,2,6,0,0,0,0,0,0,2,2,1,5,3,4,4,4,2,2,4,2,2,4,2,4,,1,,,,1,0,1,,,,1,,,,,1,0,Texas,78415,2,Texas,Corpus Christi,2,4,6,8,3,,,1,,,,,3,3,,,,1,,,,,
66c4b62a43b7ea9fa8d655b6,7/25/25 12:20,947,,,1,,26,1,4,1,,4,,,1,,,,,,6,,1,,1,1,5,4,1,5,4,4,5,1,2,1,2,1,2,2,2,3,3,4,3,1,1,55000,80000,2,65000,55000,,80000,2,65000,55000,75000,1,100000,1,100000,6,10,0,0,2,0,0,0,5,1,2,5,4,3,2,2,5,3,3,2,2,2,1,2,,1,,,1,,2,3,,,,,,,1,,1,1,New York,13669,1,New York,"Ogdensburg, NY",1,3,3,6,7,3,1,,,,,,2,2,,,,,,,,1,none
60ff7c8f4f066ccf6fe05587,7/25/25 12:21,587,,,1,,28,1,5,,1,5,,1,,,,,,,6,,,1,1,1,5,2,1,5,5,5,5,1,1,1,1,1,2,2,2,3,3,4,3,1,1,75000,85000,2,90000,80000,,150000,1,200000,85000,90000,1,150000,1,175000,6,3,0,2,2,0,0,2,2,3,2,5,4,1,5,1,5,1,5,4,1,1,2,4,,1,,,,1,0,3,,,,,,,1,,1,1,Kansas,66202,2,Kansas,olathe,2,0,7,9,4,7,1,,,,,,3,3,,,,1,,,,,
655f972cbc7b681ef0fdc0bd,7/25/25 12:21,674,,,1,,29,1,4,1,,3,,,,,,,,,5,,,1,4,4,5,4,4,5,1,2,5,2,3,3,4,2,2,3,3,-1,-1,4,3,1,1,110000,400000,2,650000,65000,,650000,2,1000000,120000,60000,1,250000,1,250000,3,3,1,2,2,0,0,0,2,2,1,5,3,4,4,4,5,3,3,4,3,3,2,3,,1,,,,1,0,3,,1,,,,,,,1,0,New Jersey,07307,3,Washington,Seattle,2,0,7,7,6,7,1,,,,,,1,3,,,1,1,,,,,
663d68214bf4501737f36275,7/25/25 12:21,685,,,1,,23,1,5,1,,4,,1,,,,,,,7,,,1,-1,4,5,3,2,5,5,5,5,5,2,3,2,1,1,-1,-1,3,3,2,-1,0,1,20000,70000,1,80000,50000,140000,100000,1,80000,70000,140000,0,120000,0,120000,5,5,0,0,0,0,0,0,4,1,2,4,5,3,5,2,1,4,2,1,3,2,3,5,,1,,,,1,0,0,,,,,,,1,,1,1,Texas,75126,2,Texas,DALLAS,3,0,6,6,4,6,,,,,,1,3,2,1,,,,,1,,,
5d3566cdcb8e950001c31070,7/25/25 12:21,1650,,,.80000001,,28,1,5,1,,4,,,1,,,,,,4,,1,,2,3,4,5,3,4,5,4,5,3,4,2,2,3,1,1,1,2,2,3,1,0,1,15000,50000,2,75000,20000,15000,75000,2,100000,35000,25000,0,50000,0,50000,3,3,0,0,0,0,0,0,4,1,3,4,5,2,4,2,2,3,3,2,1,1,1,3,1,,,,,1,0,0,,,,,,,1,,1,1,Kentucky,42256,1,Kentucky,Morgantown ,1,0,4,4,7,3,,,,,,1,1,1,,,,,,,,,
673a172a0bf4c7d387f8e00e,7/25/25 12:21,2796,1,1,1,,25,1,4,1,,2,,,,,1,,1,,2,1,,,3,4,5,4,3,4,2,5,4,2,2,3,4,1,3,2,1,3,4,2,4,1,1,65000,65000,2,85000,85000,,32000,2,35000,30000,50000,1,3,0,3,2,4,0,0,0,0,0,0,4,5,1,4,3,2,5,3,3,3,4,2,4,4,3,3,1,,,1,,,1,3,,,,,,,1,,1,1,New York,11230,2,New York,Brooklyn,2,0,6,6,6,6,1,,,,,,1,1,,1,,,1,,,1,None
67841f3e989c0c31c093bc05,7/25/25 12:21,906,,,1,,19,0,3,,1,3,,,,,,,,,5,,1,,3,2,4,4,3,4,2,2,3,3,5,2,3,5,2,2,2,3,3,3,3,0,1,1000,45000,2,50000,20000,130000,150000,1,130000,120000,60000,1,100000,1,200000,6,8,0,2,2,0,0,0,4,2,3,4,5,1,4,3,2,1,4,1,3,1,2,3,,1,,,,1,0,-1,,,,,,,1,,1,1,Pennsylvania,18944,1,Pennsylvania,Doylestown,1,3,3,7,,,,,,1,,,1,1,,1,,,,,1,,
665e13453c02a3bddea07cfd,7/25/25 12:21,1116,,,1,,22,1,5,,1,5,,1,1,,,,,,6,,,1,1,1,5,2,1,5,5,5,5,1,1,3,4,1,2,3,3,2,-1,1,2,0,1,5000,250000,3,175000,55000,34000,300000,3,225000,126000,90000,1,250000,1,350000,1,1,0,0,0,0,0,2,4,1,2,4,3,5,2,5,2,3,3,1,2,4,4,4,,1,,,,1,0,2,,,1,,,,,,1,0,Florida,33613,3,Florida,Tampa,3,3,4,8,4,4,,,,1,,,3,3,1,,,,,,,,
6715b0cc1fca13ce9bee61cd,7/25/25 12:21,1542,,,.80000001,,22,1,4,1,,3,,,,,,,,,4,,,1,2,3,5,5,2,5,-1,3,4,3,3,4,3,5,2,3,2,4,1,4,3,0,1,65000,90000,2,100000,75000,60000,115000,1,120000,100000,120000,1,120000,1,120000,2,3,0,0,0,0,0,0,3,2,1,3,5,4,3,3,5,2,3,3,2,2,1,3,,1,,,,,0,3,,1,,,,,1,,1,0,Maine,04210,2,Maine,Portland,2,3,4,7,7,6,,1,,,,,3,3,1,,,,,,1,,
66157e83cd5c3f8e9325bce1,7/25/25 12:21,1201,,,.80000001,,21,1,5,1,,3,,,,,,,,,6,,,1,2,2,5,3,3,5,4,4,5,2,2,3,3,2,2,2,2,2,2,2,2,0,1,2000,80000,2,100000,60000,5000,180000,2,210000,150000,10000,0,250000,1,300000,3,5,0,2,2,0,0,1,4,1,2,4,5,3,3,3,2,3,3,3,3,2,2,3,,1,,,,1,0,2,,1,,,,,,,1,0,Georgia,30022,2,Georgia,Roswell,2,3,4,7,1,1,,1,,,,,3,3,1,,,,,,,,
6757272b68f4c65faf2c88d9,7/25/25 12:21,541,,,.80000001,,24,1,4,,1,4,,1,1,,,,,,5,,1,,2,3,5,2,2,5,5,5,4,1,2,1,2,2,2,2,1,2,-1,2,2,0,1,41000,60000,2,80000,40000,50000,100000,3,80000,50000,35000,0,50000,0,50000,1,6,0,0,2,0,0,0,4,2,3,4,5,1,5,4,2,2,5,1,2,3,2,5,,1,,,,1,0,0,,,1,,,,1,,1,1,Utah,84043,2,Utah,Draper,2,0,6,7,5,,1,,,,,,3,3,,,,1,,,,,
5dcc5fee28e3148e8009491e,7/25/25 12:21,456,,,.80000001,,27,0,1,,1,0,,,,,,,,,5,1,,,5,3,1,5,4,1,1,2,5,5,5,3,5,1,3,2,-1,1,4,4,4,1,0,155000,250000,1,300000,180000,,,,,,100000,0,75000,0,75000,1,10,0,0,2,0,0,0,1,2,4,1,5,3,1,3,5,3,3,4,4,1,2,4,1,,,,,1,0,0,,,,,,,1,,1,1,Arizona,85008,3,New Jersey,N/A,2,0,4,6,6,6,1,,,,,,1,1,,1,,,1,,,,
6060ddd26de46b745d90990c,7/25/25 12:22,1089,,,1,,25,1,5,,1,5,,1,,,,,,,7,1,,,5,5,5,5,5,5,5,5,5,4,5,3,3,2,2,2,2,3,3,3,4,1,1,50000,60000,1,60000,60000,,75000,1,75000,75000,60000,1,70000,1,80000,1,9,0,2,2,0,0,2,5,5,4,2,1,3,4,3,4,1,3,3,1,1,2,1,1,,,,,1,0,2,,,,,,,1,,1,1,Missouri,65738,3,Missouri,"""Missouri Hamilton, Greene County""",3,3,6,6,6,6,1,,,,,,3,3,1,,,1,,,1,,none
5fadeb340e10471fdeb5fbf5,7/25/25 12:22,1559,1,,.2,,27,1,4,1,,3,,,,,,,,,6,1,,,2,2,4,3,2,4,4,2,4,2,2,1,3,2,2,2,2,2,2,3,3,0,1,33000,50000,2,65000,40000,100000,130000,1,140000,90000,75000,1,90000,1,90000,2,2,0,2,2,0,0,0,3,3,2,4,1,5,4,2,3,2,4,4,2,2,2,4,1,,,,,1,0,3,,,,1,,,1,,1,1,California,90731,3,California,San Pedro,3,0,3,3,3,3,1,,,,,,2,2,,,,,,,,,
6538129b881209799ea3e6ae,7/25/25 12:22,1566,,,1,,28,1,4,1,,3,,,,,,,,,5,1,,,2,3,4,1,2,4,4,4,5,-1,-1,3,-1,1,2,-1,1,3,-1,3,3,0,1,2000,5000,2,10000,1000,60000,90000,1,90000,50000,70000,0,60000,0,60000,4,10,0,0,2,0,0,0,4,5,4,2,3,1,4,2,3,2,4,2,3,2,3,4,1,,,,,1,0,0,,,1,,,,,,1,1,Tennessee,38106,3,Tennessee,Memphis,3,0,3,4,2,3,,,,,,1,2,2,,,,,,,,,"I didn't have any confusing about the survey, and the length felt appropriate."
5ce9bfc4d439ae00015968dd,7/25/25 12:22,878,,,1,,28,1,4,1,,4,,1,,,,,,,6,1,,,1,2,4,3,2,5,4,3,4,3,2,3,3,1,2,2,-1,3,1,3,2,0,1,30000,45000,1,50000,30000,50000,60000,1,60000,40000,50000,0,50000,0,55000,6,5,0,0,0,0,0,0,4,3,1,4,5,2,5,2,4,2,3,2,3,2,3,4,,1,,,,1,0,0,,,,,,,1,,1,1,South Carolina,29379,2,South Carolina,union,1,0,3,3,3,3,,,1,,,,2,2,,,,,,,,,
66c95504723c57c900715764,7/25/25 12:22,577,,,1,,24,1,5,1,,4,,1,1,,,,,,5,,1,,2,1,-1,2,1,5,5,5,5,4,1,1,2,1,1,1,1,2,2,2,1,0,1,2300,45000,1,55000,35000,90000,100000,1,120000,93000,120000,0,100000,0,120000,4,5,2,2,2,0,0,2,4,1,2,3,5,4,4,2,1,4,3,2,2,2,3,4,,1,,,,1,0,0,,,,,,,1,,1,1,Indiana,47546,2,Indiana,,2,0,6,6,3,4,,,,,,1,3,3,1,,,1,,,,,
5e0ced5eb633b5499b654db5,7/25/25 12:22,813,,,1,,27,0,5,1,,5,,1,1,,,,,,7,,,1,1,1,5,3,1,5,5,4,5,2,3,2,3,5,2,2,2,3,2,3,3,1,0,56000,65000,2,62000,60000,,,,,,60000,0,60000,0,60000,1,1,0,0,1,0,0,0,4,3,1,5,4,2,4,2,4,2,4,2,2,1,2,5,,1,,,,1,0,0,,,,1,,,,,1,0,Connecticut,06511,3,Connecticut,Bridgeport,3,0,6,6,1,3,1,,,,,,3,3,1,,,1,,,,,none
674d88fbb9f6c14eec70ecbb,7/25/25 12:22,1223,,,1,,23,0,3,,1,3,,,,,,,,,2,1,,,3,4,4,4,2,5,3,3,3,1,-1,2,3,1,1,2,2,3,3,3,2,0,1,5000,70000,1,50000,5000,160000,300000,1,350000,100000,75000,1,150000,0,75000,1,2,0,0,2,0,0,0,5,1,2,4,5,3,5,3,1,2,2,1,1,1,3,4,,1,,,,1,0,1,,,,,,,1,,1,1,Tennessee,37818,2,Tennessee,Greeneville,2,0,3,4,2,3,,,,,,1,2,2,,,,,,,,,
67b795fcea3a1dba350ab9b4,7/25/25 12:22,693,,,1,,27,1,3,,1,4,,1,,,,,,,4,,1,,1,2,1,4,2,2,1,1,4,1,4,4,5,1,1,2,2,3,3,3,3,1,0,50000,90000,2,110000,70000,,,,,,75000,1,75000,1,90000,2,3,2,2,2,0,0,2,1,1,3,2,4,5,5,3,5,3,4,3,2,2,1,1,1,,,1,,,2,3,1,,,,,,,,1,1,Oklahoma,74055,2,Oklahoma,Claremore,2,0,6,7,4,5,1,,,,,,2,2,,,,,1,,,,
65e00891e4c0c8cad9c1583a,7/25/25 12:22,1101,,,1,,27,0,3,1,,3,,,,,,,,,7,,1,,2,4,1,1,5,5,1,5,1,1,4,2,2,3,3,3,3,3,3,3,2,0,1,25000,2500000,1,200000,100000,25000,2500000,1,250000,100000,25000,1,80000,1,120000,1,1,0,2,2,0,0,0,4,5,1,2,3,4,1,4,1,4,3,3,4,2,2,3,1,,,,,1,0,2,,,,,,,1,,1,1,Minnesota,55110,2,Minnesota,White Bear Lake,2,1,3,3,3,6,,,1,,,,2,2,,,,,,,,,Thank you
63162bda14b96736b08a554d,7/25/25 12:22,479,,,.89999998,,23,1,4,1,,4,,1,,,,,,,6,,1,,2,2,5,3,1,5,4,4,4,1,2,2,3,2,3,2,3,3,2,5,4,1,1,65000,200000,2,200000,80000,,350000,1,400000,150000,55000,1,250000,1,250000,3,3,0,0,2,0,0,0,2,1,5,3,2,4,2,5,5,2,2,4,3,3,3,4,,1,,,,1,0,3,,,,,,,1,,1,1,California,90064,3,California,Hermosa Beach,2,0,6,6,9,9,1,,,,,,3,3,1,,,1,,,1,,
67426d29a9611b8c62f39312,7/25/25 12:22,1099,,,1,,21,0,3,1,,3,,,,,,,,,7,,1,,3,-1,5,3,4,5,3,3,4,3,5,-1,3,4,2,3,3,3,3,4,4,0,1,60000,100000,1,80000,70000,100000,200000,2,150000,100000,100000,0,120000,0,150000,2,1,0,0,0,0,0,0,4,1,4,2,5,3,4,2,4,1,3,4,1,1,1,1,1,,,,,1,0,-1,,,,,,,1,,1,1,New York,11570,2,New York,hempstead,2,3,5,6,6,3,,1,,,,,2,2,,,,,,,,,
6026311f83e259259bda6a57,7/25/25 12:22,1201,,,.60000002,,21,1,5,1,,1,,,,,1,1,1,,7,1,,,1,1,5,5,5,5,5,5,5,4,1,2,3,1,1,1,1,1,1,1,4,0,1,70000,250000,2,200000,105000,200000,350000,2,250000,250000,180000,1,210000,1,260000,1,3,0,0,0,0,0,0,3,1,2,4,5,3,3,4,4,3,2,2,3,3,3,5,1,,,1,,,1,2,,,,1,,,1,,1,0,Massachusetts,02780,2,Massachusetts,boston,2,2,3,4,2,3,1,,,,,,3,3,1,,,,,,,,
67804329e487d9b33685480c,7/25/25 12:22,686,1,,.5,,24,0,3,,1,3,,,,,,,,,2,,1,,2,3,4,4,4,2,3,4,4,3,5,3,2,5,2,2,3,2,4,3,3,0,1,25000,39000,2,36000,56000,25000,40000,3,69000,69000,40000,1,39000,1,80000,4,9,0,0,2,0,2,2,5,3,1,4,5,2,4,4,3,3,4,2,1,1,3,3,,1,,,,1,0,2,,,,1,,,1,,0,0,Texas,78574,2,Texas,McAllen,2,3,6,6,6,3,,,,1,,,1,1,,1,,,1,,,,N/A
60b9051c231093597299280d,7/25/25 12:22,1504,,,1,,22,1,5,,1,5,,1,1,,,,,,7,,,1,1,1,5,1,1,5,5,5,5,1,1,1,2,1,2,1,1,3,2,4,3,1,0,20000,30000,1,50000,10000,,,,,,30000,0,40000,0,50000,5,5,2,2,2,2,2,2,2,2,5,1,3,4,4,5,1,3,3,2,4,2,4,5,1,,,,,1,0,-1,,,,,,,1,,1,1,Illinois,60613,3,Wisconsin,McFarland,2,0,6,7,6,6,,,1,,,,3,3,1,,,1,,,,,N/A
60fce46a474c45f2d1b7ca5c,7/25/25 12:23,639,,,1,,24,1,4,1,,4,,1,,,,,,,5,,,1,4,3,4,4,4,5,4,2,4,4,4,2,3,1,1,2,2,3,3,3,2,0,1,52000,65000,3,72000,62000,100000,120000,2,150000,115000,110000,1,130000,1,135000,2,3,0,2,2,0,0,2,4,1,3,4,5,2,4,2,4,2,4,3,2,2,3,4,,1,,,,1,0,2,,,,,,,1,,1,1,Massachusetts,01040,2,Massachusetts,Holyoke,2,0,6,7,9,6,1,,,,,,2,2,,1,,,,,,,
5e6445748a25da1ce689a14c,7/25/25 12:23,602,,,.80000001,,26,1,5,,1,5,,,1,,,,,,6,,,1,1,1,5,1,1,5,3,4,5,1,1,4,5,5,3,3,2,-1,-1,2,1,0,1,20000,80000,1,100000,40000,65000,200000,2,150000,70000,30000,0,50000,0,50000,10,4,0,0,2,0,0,2,3,4,2,5,1,3,5,1,2,3,3,3,1,2,2,5,,1,,,,1,0,0,,,1,,,,,,1,0,Indiana,46231,2,Indiana,Indianapolis,3,0,4,9,2,1,,1,,,,,3,3,,,,1,,,,,
662848c40caa342b28493265,7/25/25 12:23,2742,,,.89999998,,27,1,4,,1,4,,1,,,,,,,5,,1,,3,2,5,4,2,4,3,4,5,1,2,3,3,1,2,2,3,3,3,3,2,0,0,30000,60000,2,80000,50000,45000,,,,,25000,0,30000,0,35009,6,6,0,0,0,0,0,0,4,1,4,5,3,2,4,1,2,4,3,2,1,2,1,3,,1,,,,1,0,-1,,,,,,,1,,1,0,California,92374,3,California,San Bernardino,3,0,6,7,3,3,,,,,,1,2,3,1,,,1,,,,,
5cb50cffce95710018cc9c9e,7/25/25 12:23,1048,,,.89999998,,25,1,5,1,,4,,,,1,,,,,3,,1,,1,1,5,2,1,5,4,4,4,1,1,2,3,1,2,2,3,1,3,3,4,0,1,68000,90000,2,85000,70000,123000,200000,2,160000,110000,100000,1,200000,1,250000,8,7,0,2,2,0,0,0,4,1,2,5,4,3,4,3,5,3,2,4,2,2,2,4,,1,,,1,,0,2,,,1,,,,1,,1,1,Connecticut,06010,2,Connecticut,Bristol,2,0,6,6,5,4,1,,,,,,3,3,1,,,1,,,1,,
67aa4c3d54c8e17bcc8a7975,7/25/25 12:23,1133,,,.89999998,,28,0,2,,1,3,,,,,,,,,2,1,,,5,4,3,3,4,2,2,1,3,1,5,4,5,2,2,3,2,1,4,5,4,0,1,100000,200000,2,250000,150000,200000,400000,2,500000,30000,200000,1,250000,1,300000,2,1,2,2,2,0,2,2,2,1,2,4,5,3,3,2,5,1,3,4,2,2,2,1,,1,,1,,,1,4,,,,,1,,1,,1,0,New Jersey,07666,2,California,La Jolla,2,0,7,7,7,8,1,,,,,,1,1,,,,,,,,,
65ef305ac2c664ceb8c9ef29,7/25/25 12:23,906,,,.89999998,,23,1,5,,1,3,,,,,,,,,7,1,,,1,3,5,3,3,5,5,4,3,5,2,3,4,4,3,3,3,2,-1,3,4,0,0,90000,100000,3,200000,30000,92000,,,,,40000,0,40000,0,50000,2,2,0,0,0,0,0,0,5,3,1,5,2,4,4,5,5,1,5,2,1,2,2,2,1,,,,,1,0,0,1,,1,,,,,,1,1,Nebraska,68112,3,Nebraska,Omaha,3,0,3,6,6,,1,,,,,,3,3,1,,,,,,,,This was a great study it went by quick and had a generous pay.
67f08bdf831588fb2cba7ff2,7/25/25 12:23,2135,,,.80000001,,22,1,5,,1,3,,,,,,,,,6,1,,,4,2,4,2,2,5,4,2,4,1,2,2,4,2,2,3,2,2,3,2,2,1,1,50000,300000,2,250000,200000,,700000,2,650000,600000,150000,1,250000,1,600000,7,5,0,0,0,0,0,0,2,2,4,1,5,3,2,5,2,3,3,2,3,3,2,3,,1,,,,1,0,3,,,1,,,,,,1,1,South Carolina,29577,2,Mississippi,Tchula,1,0,8,8,6,6,,1,,,,,3,3,,1,,,,,,,No comment
67898c5438697a8da6a434a6,7/25/25 12:24,1145,,,1,,25,1,4,1,,4,,1,,,,,,,4,1,,,3,4,4,3,3,3,3,2,4,2,3,3,2,2,2,2,1,2,2,2,3,1,1,52000,70000,2,75000,52000,,110000,2,140000,95000,68000,1,115000,1,140000,1,3,0,0,0,0,0,0,3,1,2,4,5,3,2,2,4,2,4,2,2,2,2,3,,1,,,,1,0,2,,,,,,,1,,1,1,Pennsylvania,18235,2,Pennsylvania,Palmerton,2,0,6,7,4,3,1,,,,,,2,2,,1,,,,,,,
66549a6ec9a01953337344f6,7/25/25 12:24,555,,,1,,23,1,5,1,,4,,1,,,,,,,6,,1,,1,1,4,3,2,4,5,5,5,2,4,3,3,1,2,3,1,4,3,4,2,1,1,70000,200000,1,200000,150000,,400000,1,300000,250000,100000,1,500000,1,500000,2,2,0,1,2,0,0,0,4,2,4,1,5,3,2,4,2,3,3,3,3,2,2,4,1,,,,,1,0,2,,,,,,,1,,1,1,California,90034,3,California,Mission Viejo,2,0,6,6,6,6,1,,,,,,3,3,1,,,1,,,,,None
5eb5f6d5e38e9f4e6c8dde3f,7/25/25 12:24,1191,,,1,,27,1,5,,1,5,,1,,,,,,,7,,1,,1,5,5,4,4,3,5,5,5,1,1,1,1,1,1,1,1,5,5,5,3,1,1,60000,70000,2,800000,30000,,70000,1,80000,30000,60000,1,80000,1,80000,1,5,0,0,2,0,0,2,4,1,3,5,2,4,5,1,5,2,4,3,2,2,2,3,,1,,,,1,0,2,,,,,,,1,,1,1,Oregon,97404,3,Oregon,EUGENE,3,0,6,6,3,3,1,,,,,,3,3,1,,,1,,,,,Great survey.
5dc97276b98b12697204526d,7/25/25 12:24,800,,,1,,24,1,5,,1,5,,,,1,,,,,5,,1,,1,1,4,4,1,5,5,5,5,1,1,2,3,1,1,2,2,3,3,3,1,0,1,5000,50000,1,90000,25000,100000,80000,1,100000,50000,40000,0,40000,0,40000,3,3,0,0,2,0,0,0,4,1,3,4,5,2,5,2,1,4,2,1,2,2,4,5,1,,,,,1,0,0,,,1,,,,,,1,1,California,90212,3,Florida,Orlando,2,0,5,6,7,6,,,,,,1,3,3,1,,,1,,,1,,
5e9b77b68e7d5808097fafe5,7/25/25 12:25,584,,,1,,26,0,1,1,,1,,,,,1,,,,3,1,,,3,2,5,5,4,1,1,3,3,-1,5,3,4,2,2,2,2,3,3,3,3,0,1,45000,70000,3,80000,60000,130000,150000,2,160000,130000,1000000,1,120000,1,120000,4,3,0,2,2,0,1,2,4,2,5,4,1,3,3,1,5,1,4,2,1,1,1,3,,1,,,,1,0,2,,,,,,,1,,1,1,Connecticut,06057,2,Connecticut,New Hartford,2,4,6,7,7,6,1,,,,,,2,2,,,1,,,1,1,,
60e9fd8a2f52070be49cf317,7/25/25 12:25,923,,,.89999998,,25,0,3,1,,3,,,,,,,,,1,1,,,5,5,5,4,3,1,1,1,1,1,1,3,4,3,3,3,3,4,4,4,4,1,1,85000,160000,3,140000,100000,,250000,2,200000,160000,70000,1,150000,1,200000,1,5,2,2,2,2,2,2,1,2,3,1,5,4,3,2,5,1,5,4,1,1,1,2,1,,,,,1,0,3,,,,,,,1,,1,1,New Jersey,07050,2,New Jersey,Morris Plains,2,0,6,6,6,6,1,,,,,,1,1,,1,,,1,,,,none thank you!!
67574ff1297b5a8b5d132ba8,7/25/25 12:25,426,,,.89999998,,29,1,5,,1,5,,1,1,1,,,,,7,1,,,1,1,5,1,1,5,5,5,5,2,2,1,2,-1,2,2,2,2,-1,2,4,0,1,80000,110000,1,22000,55000,150000,200000,1,450000,80000,100000,1,120000,1,120000,10,6,2,2,2,0,2,2,2,5,3,2,1,4,4,1,4,3,3,4,3,3,3,4,,1,,1,,,0,2,,,,,,,1,,1,1,Texas,76209,2,Georgia,Macon,3,0,8,8,4,7,1,,,,,,3,3,1,,,1,,,,,
663ec4f143f43835a04be979,7/25/25 12:25,412,,,1,,29,1,5,,1,5,,,1,,,,,,7,1,,,1,3,5,5,5,5,5,4,5,2,2,2,3,1,1,1,1,3,3,2,2,0,1,15000,20000,2,20000,20000,15000,20000,2,20000,20000,30000,1,30000,1,30000,1,1,0,0,0,0,0,0,4,1,3,2,4,5,4,2,3,3,3,2,3,2,5,4,,1,,,,1,2,2,,,,,,,1,,1,1,Idaho,83805,1,Oregon,Portland,2,0,3,3,3,4,,1,,,,,3,3,1,,,1,,,,,
675c15e099767573c1619b7f,7/25/25 12:26,1553,,,.89999998,,22,1,5,1,,5,,,1,,,,,,7,,1,,5,5,5,5,5,5,5,4,4,3,3,3,3,5,3,3,3,3,3,3,4,0,1,80000,100000,3,100000,90000,80000,100000,3,100000,90000,80000,1,80000,1,80000,4,5,0,0,2,0,0,0,3,3,4,1,5,2,5,3,5,1,4,4,1,2,1,2,1,,,,1,,0,2,,,1,,,,,,1,0,Illinois,60644,1,Illinois,chicago,1,0,6,7,6,6,1,,,,,,1,1,,1,,,,,,1,nothing really
5ebce13c139d7400088934fe,7/25/25 12:26,1297,,,1,,21,1,5,,1,5,,1,1,,,,,,7,1,,,1,1,5,2,1,5,5,5,5,1,1,2,3,2,2,3,3,1,5,3,1,1,1,9000,400000,3,600000,300000,,475000,2,720000,300000,50000,1,80000,1,90000,3,1,0,2,2,0,0,2,1,2,5,4,1,3,3,2,2,3,4,3,2,1,1,2,,,,,,1,0,2,,,1,,,,1,,1,1,Illinois,60607,3,Illinois,Olympia Fields,2,3,4,9,6,4,,,,1,,,3,3,1,,,,,,,,None
6171bd9a5b4994447442a49d,7/25/25 12:26,576,,,1,,29,1,5,,1,5,,1,1,,,,,,7,1,,,1,1,4,4,2,5,5,5,5,4,4,1,3,1,2,3,2,2,1,2,2,1,0,28000,100000,2,500000,40000,,,,,,40000,0,60000,1,90000,8,3,0,2,2,0,0,0,4,2,3,1,4,5,4,3,4,2,3,2,2,1,3,5,1,,,,,1,0,2,,,1,,,,1,,1,1,Pennsylvania,15211,3,Pennsylvania,Sharon,2,0,4,6,4,3,,1,,,,,3,3,1,,,1,,,1,,
67a7cee40b175c5c1991bbb1,7/25/25 12:26,1194,1,,.5,,23,1,5,,1,5,,1,,,,,,,7,,,1,3,4,5,4,2,5,5,3,5,2,3,2,2,2,3,3,3,3,2,3,3,0,1,38000,60000,2,60000,50000,37000,60000,2,80000,40000,45000,1,70000,1,80000,6,6,0,0,0,0,0,0,2,2,4,1,5,3,4,4,5,3,2,2,1,1,2,2,,1,,,,1,0,2,,,,,,,1,,1,1,Mississippi,39402,2,Mississippi,Glendale,2,4,6,7,7,7,1,,,,,,3,3,1,,,1,,,1,,
5f587cde2fd4333e3549cb6b,7/25/25 12:26,841,,,1,,25,1,5,1,,3,,,,,,,,,4,,1,,1,1,5,1,1,5,5,5,5,1,1,1,1,1,2,2,2,2,1,1,1,0,1,35000,25000,1,40000,0,62000,65000,1,75000,0,30000,0,45000,0,55000,6,1,0,0,0,0,0,0,5,2,1,5,4,3,5,3,2,3,2,1,4,4,5,5,,1,,,,1,0,0,,,1,1,,,,,1,0,Florida,33647,2,Florida,Tampa,2,0,6,6,5,5,,1,,,,,3,3,,,1,1,,,,,
67411aa0172afbb200bd2c59,7/25/25 12:26,1000,,,1,,24,1,4,,1,4,,1,1,,,,,,5,1,,,2,1,4,-1,2,5,5,4,5,1,4,1,2,1,1,2,1,2,2,3,1,0,1,10000,80000,2,90000,30000,50000,150000,1,175000,50000,65000,1,85000,1,85000,1,1,0,0,0,0,0,0,4,1,2,4,5,3,4,2,2,4,2,1,2,3,4,5,,1,,,1,,0,2,,,,,,,1,,1,1,Texas,78749,3,Florida,Tampa,3,2,6,6,6,3,1,,,,,,2,2,,,,,,,,,
5f4fe426bc50f511ff591125,7/25/25 12:27,1536,,,1,,23,1,5,,1,0,,,,,,,,,4,,1,,2,-1,5,-1,-1,5,4,4,5,-1,-1,2,1,2,1,3,2,-1,-1,2,1,0,1,300,25000000,1,20000,500,10000,1000000,1,50000,0,10000,0,70000,1,100000,3,3,0,2,2,0,0,0,3,3,4,1,5,2,4,5,1,3,3,1,4,2,3,5,,,,,,1,0,-1,,,,1,,,,,1,0,North Carolina,28054,2,North Carolina,Gastonia,2,0,3,4,4,2,,,,,,1,2,2,,,,,,,,,
67d095bc257ecc840642912e,7/25/25 12:27,1317,1,,.40000001,,27,1,4,1,,5,,1,,,,,,,2,,1,,2,2,5,5,5,5,5,4,4,3,5,1,4,1,2,3,2,4,4,3,2,1,1,30000,120000,3,180000,100000,,300000,3,400000,200000,60000,1,80000,1,120000,5,5,0,0,0,0,0,0,4,1,3,2,5,4,2,3,2,3,2,1,4,3,4,4,,1,,,,1,0,2,,,,,,,1,,1,1,Arkansas,72335,2,Arkansas,Forrest City,2,0,6,6,4,5,1,,,,,,1,1,,,,,,,1,,
6671e630d492b149069c46c1,7/25/25 12:27,542,,,1,,27,1,4,1,,4,,1,,,,,,,5,1,,,3,3,5,4,3,4,4,4,4,3,3,1,2,1,2,2,2,3,4,3,3,0,1,21000,70000,2,100000,40000,110000,140000,2,200000,90000,120000,1,150000,1,200000,3,6,0,0,0,0,0,0,3,2,4,1,5,3,4,4,3,3,3,2,3,3,2,4,,1,,,,1,0,3,,,,,,,1,,1,0,Florida,34683,2,Texas,Houston,2,0,6,7,3,2,,1,,,,,1,2,,1,,,1,,,,Thank you again!!
61022a84042923c389bf1499,7/25/25 12:27,671,,,1,,22,1,5,,1,5,,1,,,,,,,7,,,1,1,1,5,2,2,5,5,4,5,2,2,3,4,4,2,2,2,1,1,2,2,0,1,9000,62000,1,70000,46000,90000,120000,1,140000,85000,95000,1,125000,1,130000,5,4,0,2,2,0,0,0,4,2,5,3,1,4,5,2,3,2,3,2,3,2,3,4,1,,,,,1,0,3,,,,1,,,,,1,0,New Jersey,08901,2,New Jersey,New Brunswick,2,0,6,6,2,2,,,1,,,,3,3,1,,,1,,,1,,
5c4ea7c3889752000156ddc5,7/25/25 12:27,934,,,1,,28,1,5,,1,3,,,,,,,,,6,1,,,1,1,5,2,1,5,5,5,5,2,2,2,2,1,1,-1,-1,3,2,2,2,0,1,4000,65000,1,70000,60000,70000,80000,1,85000,60000,95000,0,80000,0,100000,1,1,0,0,2,0,0,0,2,1,3,2,5,4,2,2,2,4,2,1,3,2,5,4,1,,,,,1,0,0,,,1,,,,1,,1,1,California,92344,2,California,Whittier,3,0,3,4,4,4,,,,,,1,3,3,1,,,1,,,,,
65e0d6cf1db39b05bb2b3f98,7/25/25 12:27,1026,,,1,,23,1,5,1,,5,,1,1,,,,,,6,1,,,2,4,5,5,-1,5,5,4,5,4,2,2,3,1,1,2,3,3,2,4,2,0,1,55000,22000,1,35000,10000,55000,60000,1,65000,50000,55000,1,70000,1,70000,5,7,2,2,2,2,2,2,4,5,1,3,4,2,5,3,2,4,1,3,3,3,4,5,,1,,,,1,0,2,,,,,,,1,,1,1,Texas,76531,1,Texas,Hamilton,1,0,4,4,7,3,,,,,,1,2,2,,,,,,,,,
60ff5536a0a45d27c45079b9,7/25/25 12:27,270,,,.89999998,,22,0,2,,1,3,,,,,,,,,6,,1,,3,5,3,1,2,3,4,4,-1,3,3,4,5,4,2,1,2,2,4,4,5,1,0,15000,15000,2,500000,500000,,,,,,150000,0,200000,0,500000,1,1,0,0,0,0,0,0,3,1,3,5,4,2,4,4,4,2,5,2,3,3,2,4,1,,,,,1,0,0,,,,,,,1,,1,1,North Carolina,28270,3,North Carolina,charlotte,3,3,6,6,6,6,,1,,,,,1,1,,1,,,1,,,1,
60fd8920ba73375685705aee,7/25/25 12:27,789,,,.89999998,,23,1,5,1,,5,,1,,,,,,,4,,1,,1,4,5,1,3,5,5,4,5,3,1,3,2,1,2,2,2,2,2,2,2,0,1,11000,25000,1,50000,15009,35000,60000,1,50000,35000,75000,0,79000,0,90000,1,1,0,0,0,0,0,0,4,2,1,4,5,3,3,2,3,3,3,1,3,3,4,4,,1,,,,1,0,0,,,,1,,,1,,1,0,Florida,33076,1,Florida,Coral Springs,1,0,6,6,3,3,1,,,,,,3,3,1,,,1,,,,,
5e6439d24659d01c218bcbc9,7/25/25 12:27,807,,,1,,27,1,5,1,,3,,,,,,,,,6,1,,,1,1,5,4,1,5,4,1,4,1,-1,1,2,2,1,2,2,2,3,2,4,0,1,100000,120000,3,140000,120000,145000,175000,2,175000,185000,100000,0,100000,0,100000,1,1,0,0,2,0,0,0,4,1,2,5,3,4,2,1,5,2,2,1,1,1,2,1,,1,,1,,,0,0,,,,,,,1,,1,1,Kentucky,40219,3,Kentucky,lexington,3,3,6,6,6,5,1,,,,,,3,3,1,,,1,,,,,
6772eefa63ec1102cc8bce2e,7/25/25 12:27,3198,,,1,,28,1,5,,1,5,1,1,1,,,,,,4,1,,,2,3,4,4,4,4,4,4,3,3,3,3,3,5,2,2,2,3,3,3,3,0,1,70000,150000,2,150000,150000,150000,15000,3,150000,150000,150000,1,150000,0,150000,1,1,0,0,0,0,0,0,5,3,5,4,1,2,5,3,4,2,4,4,1,1,1,2,,1,,1,,,1,2,,,,,,,1,,0,1,Georgia,24069,2,Georgia,Santa Clara,2,0,6,9,3,3,1,,,,,,1,1,,1,,,,,,1,the study is easy and clear
6400d8e645e80091a53f9b21,7/25/25 12:27,955,,,1,,26,1,4,,1,4,,1,1,,,,,,6,,,1,2,1,4,4,5,4,5,4,5,1,4,4,3,2,3,3,3,5,5,5,5,0,1,75000,65000,3,80000,60000,75000,120000,3,145000,85000,80000,0,80000,0,80000,2,4,0,2,2,0,0,0,4,3,4,2,5,1,4,4,4,2,3,4,2,2,2,2,1,,,,1,,0,0,,,,,,,1,,1,1,Kentucky,40004,2,Kentucky,Hodgenville ,1,3,6,6,3,3,1,,,,,,3,3,1,,,1,,,,,
6671addff35007ecc777b619,7/25/25 12:27,619,,,.89999998,,20,1,5,1,,3,,,,,,,,,6,,1,,1,1,5,1,1,5,4,5,5,2,2,2,4,1,2,2,2,2,3,3,2,0,1,30000,65000,1,85000,36000,52000,85000,1,110000,60000,45000,0,120000,0,120000,2,5,0,2,2,0,0,2,4,1,3,2,4,5,2,2,4,3,2,2,2,1,2,5,1,,,,,1,0,0,,,,,,,1,,1,1,Texas,76205,2,Texas,Garland,2,3,4,6,4,4,,,,1,,,3,3,1,,,,,,,,
663e4e9297279aa9e54d2383,7/25/25 12:28,1043,,,1,,26,1,5,1,,3,,,,,,,,,5,1,,,2,1,4,2,1,5,4,4,4,1,2,2,2,2,1,2,2,2,2,2,2,1,1,21000,50000,2,60000,34000,,100000,2,120000,80000,50000,1,60000,1,50000,5,3,0,0,2,0,0,0,4,2,5,4,3,1,2,4,2,3,2,1,3,3,2,4,,1,,,,1,3,4,,,,,,,1,,1,1,Massachusetts,01550,3,Maine,Orland,1,3,4,6,6,3,1,,,,,,3,3,,,,,,,,,
5c144c641f6f1500014950e5,7/25/25 12:28,714,,,.89999998,,26,1,5,,1,4,,,1,,,,,,7,1,,,1,1,5,1,1,5,5,4,5,1,2,1,2,1,2,2,1,2,3,3,2,0,0,25000,50000,2,70000,15000,65000,,,,,40000,0,40000,0,40000,1,1,0,2,2,0,0,0,4,4,1,5,2,3,5,5,4,1,3,4,2,2,3,4,,1,,,,1,0,-1,,,,,,,1,,1,1,Washington,98570,1,Washington,Onalaska,1,0,5,5,5,5,,,1,,,,3,3,1,,,1,,,,,
6759e54d994e3aa6f5878afd,7/25/25 12:28,1783,,,1,,29,1,5,1,,5,,1,,,,,,,7,,,1,1,5,5,5,5,5,5,3,3,3,3,3,3,5,3,3,3,3,3,3,5,0,1,130000,150000,3,150000,130000,130000,150000,3,150000,130000,130000,1,150000,1,150000,3,4,0,0,2,0,0,0,3,4,3,1,2,5,5,4,5,1,5,4,1,1,1,2,,,1,,1,,0,3,,,1,,,,,,1,0,Illinois,60644,1,Illinois,chicago,1,0,6,7,6,6,1,,,,,,3,3,1,,,1,,,1,,nothing please
5df0be5ec1e3e5103f61f397,7/25/25 12:28,1118,,,1,,24,1,5,,1,5,,1,,,,,,,7,,1,,1,1,5,1,1,3,5,5,5,1,1,2,2,1,1,1,1,1,2,1,1,0,0,10000,25000,1,30000,17000,10000,,,,,60000,0,65000,0,65000,6,5,0,0,0,0,0,0,4,1,2,3,4,5,5,2,2,4,1,1,2,3,4,5,,1,,,1,,0,-1,1,,,,,,,,1,1,Pennsylvania,15465,1,Pennsylvania,uniontown,2,0,3,4,4,2,,1,,,,,3,3,1,,,1,,,,,
66d1bb695a980c3096334edc,7/25/25 12:28,1431,,,1,,24,1,2,1,,2,,,,,1,1,,,5,,,1,4,4,4,1,4,4,2,4,4,2,5,3,3,2,2,2,2,4,3,4,4,1,1,74567,89000,2,90678,100000,,89000,2,78906,97809,34765,0,90976,0,100000,1,1,0,0,0,0,0,0,4,5,4,2,3,1,4,4,4,2,4,4,2,2,2,2,1,,,,,1,0,2,,,,,,,1,,1,1,Nevada,89115,2,Nevada,Las Vegas,2,0,3,3,3,3,1,,,,,,2,2,,1,,,1,,,,good study
60c3aa01f9f6e994d8d7a273,7/25/25 12:28,561,,,1,,29,1,4,,1,3,,,,,,,,,6,1,,,2,2,4,3,3,4,4,4,4,1,4,3,4,2,2,2,-1,3,2,4,3,1,1,40000,75000,2,750000,55000,,75000,2,75000,55000,55000,0,60000,0,65000,2,1,0,1,2,0,0,0,3,1,4,2,5,3,2,2,5,2,2,1,4,2,2,3,1,,,,,1,0,0,,,1,,,,,,1,0,Georgia,30549,2,New York,Wheatley Heights,2,0,4,4,7,7,1,,,,,,3,3,1,,,1,,,,,
66abbaa7e79344e4b77a7834,7/25/25 12:28,2545,,,1,,26,0,4,1,,3,,,,,,,,,6,1,,,2,3,3,4,4,-1,3,3,-1,1,4,3,3,1,1,-1,1,3,3,3,-1,0,1,0,10000,1,25000,5000,100000,150000,2,175000,75000,120000,1,130000,1,150000,10,10,0,2,2,0,0,0,4,1,2,3,5,4,4,2,4,1,3,1,1,1,1,1,,1,,1,,,2,2,,,,,,,1,,1,1,Illinois,62254,2,Illinois,Troy,1,0,3,3,3,3,,,,,1,,1,1,,1,,,,,,,
67322d8df2710691a669327b,7/25/25 12:28,1116,,,.89999998,,24,1,2,1,,3,,,,,,,,,5,,1,,4,3,5,2,3,3,4,4,5,1,3,1,2,1,2,2,3,2,-1,3,1,0,1,25000,200000,2,300000,100000,25000,260000,2,360000,160000,50000,0,100000,0,100000,10,1,0,2,2,0,2,2,2,2,5,4,1,3,2,2,2,2,4,2,3,2,3,4,,1,,,,1,0,0,,1,,,1,,1,,1,0,South Carolina,29690,1,Georgia,Roswell,3,6,6,9,7,7,,,,1,,,2,2,,,1,1,,,,,
655f8b959477c803eb906622,7/25/25 12:28,849,,,.80000001,,21,1,5,1,,4,,,1,,,,,,6,1,,,2,3,5,-1,2,5,5,4,4,3,1,2,3,-1,2,2,3,2,3,2,2,0,1,4500,85000,2,95000,80000,25000,150000,2,175000,135000,65000,1,85000,1,90000,5,5,0,0,2,0,0,0,3,1,2,4,5,3,4,2,2,2,3,2,2,1,2,4,,1,,,,1,0,2,,,,,1,,,,0,0,Ohio,44146,2,Ohio,Bedford,2,2,4,6,3,4,,,,1,,,3,3,,,,,,,,,
668e8eb304552df4f32b2316,7/25/25 12:28,566,,,1,,26,1,4,1,,3,,,,,,,,,7,1,,,2,3,4,3,3,4,5,3,4,3,3,1,2,2,2,2,1,3,3,3,2,1,1,40000,60000,2,80000,50000,,100000,2,120000,80000,60000,1,100000,1,150000,1,1,0,2,2,0,0,2,4,1,2,4,5,3,4,4,4,3,4,2,3,2,4,4,1,,,,,1,0,2,,,,,,,1,,1,1,Wisconsin,54016,2,Wisconsin,Eau Claire,2,0,3,3,5,3,1,,,,,,2,2,1,,,,,,,,Thank you. 
65f1e602324cee4a8e9c8177,7/25/25 12:28,622,,,1,,28,1,4,,1,5,,1,,,,,,,6,,,1,1,1,4,4,5,1,5,4,5,2,5,1,3,1,2,2,3,3,3,3,3,0,1,92000,130000,2,150000,100000,160000,180000,2,200000,160000,100000,1,100000,1,120000,5,2,0,2,2,0,0,0,2,1,2,3,4,5,4,2,5,2,4,3,1,1,1,1,1,,,1,,,0,3,,,,,,,1,,1,1,New York,14040,1,New York,Buffalo,3,0,6,6,5,3,1,,,,,,1,1,,1,,,1,,,,
59f22a9fd6380600018b2929,7/25/25 12:28,608,,,1,,29,1,5,,1,3,,,,,,,,,7,,,1,1,1,5,2,1,5,5,4,5,1,1,2,2,1,2,3,1,2,2,3,3,0,1,2000,50000,2,65000,40000,75000,85000,2,90000,75000,80000,1,80000,1,90000,5,6,0,0,0,0,0,0,2,1,3,2,4,5,5,2,2,3,2,1,1,1,2,4,,1,,1,,,3,3,,,,,,,1,,1,1,Ohio,43054,2,New Jersey,southern NJ,1,0,5,7,2,2,,,1,,,,3,3,,,,,,,,,
673c065c29e2fe78aa0c44aa,7/25/25 12:28,568,,,1,,28,1,4,,1,5,1,,,,,,,,6,1,,,1,1,5,1,1,5,5,5,5,4,2,2,2,1,1,1,1,3,3,4,2,1,0,20000,100000,2,10000,4000,,,,,,60000,0,85000,0,100000,1,4,0,0,0,0,0,0,4,1,5,4,3,2,5,3,1,4,2,1,4,3,3,5,1,,,,,1,0,0,,,,,,,1,,1,1,Texas,78641,3,Ohio,Strongsville,3,0,6,7,6,6,,1,,,,,3,3,1,,,1,,,1,,
677dc8b2a9160d395ca7e008,7/25/25 12:28,1474,1,1,.80000001,,20,1,4,1,,4,,1,,,,,,,6,,1,,4,2,5,3,1,5,5,1,5,1,1,1,3,1,3,3,3,3,3,3,3,1,0,50000,80000,2,100000,60000,,,,,,60000,0,70000,0,80000,5,7,0,2,2,0,0,2,5,5,2,4,3,1,5,1,4,3,4,3,3,2,2,4,,1,,,,1,0,2,,,,,,,1,,1,1,North Carolina,27103,3,North Carolina,Salem,2,3,6,8,6,6,1,,,,,,1,1,,1,,,1,,,1,
671bdd06525adeea062a1d73,7/25/25 12:29,764,,,1,,28,1,5,,1,5,,1,,,,,,,7,,,1,1,1,5,5,1,5,5,4,5,3,2,3,4,2,2,3,3,1,1,2,2,1,1,30000,60000,2,50000,70000,,80000,2,70000,90000,10000,0,75000,0,80000,1,1,0,2,2,0,0,2,4,1,3,2,5,4,4,2,2,2,2,3,3,3,2,5,1,,,,,1,0,0,,1,,,,,,,1,1,New York,11235,3,New York,BROOKLYN,3,0,4,4,4,6,,1,,,,,3,3,1,,,,,,,,
5e6e93825712a9456c70a80d,7/25/25 12:29,1309,,,1,,19,1,4,,1,2,,,,,,,1,,7,,1,,4,3,5,2,4,1,5,5,4,4,5,1,4,1,2,3,3,1,1,2,1,1,1,35000,350000,3,400000,120000,,800000,2,1000000,500000,100000,1,200000,1,500000,1,1,0,0,2,0,0,0,4,2,3,4,5,1,2,3,1,3,3,1,4,2,2,3,1,,,,,1,0,4,,,,1,,,,,1,0,California,95336,2,California,Manteca,2,3,4,6,2,2,,,,1,,,3,3,1,,,,,,1,,
671d48bbee99c1439ae0d0de,7/25/25 12:29,1016,,,1,,29,1,4,1,,3,,,,,,,,,7,,,1,2,2,5,2,2,5,4,2,5,1,2,2,4,2,3,3,3,3,3,3,4,1,1,72000,124500,2,135000,85000,,200000,1,250000,140000,65000,1,150000,1,180000,5,8,2,2,2,0,0,2,1,1,3,2,5,4,1,3,5,1,4,4,2,1,1,3,,1,,1,,,1,3,,,,,,,1,,1,1,Massachusetts,01331,3,Massachusetts,Athol,3,0,6,8,6,6,1,,,,,,1,1,,1,,1,,,,1,
62b628e4351d179f1ff6cc59,7/25/25 12:29,267,,,1,,27,0,3,1,,3,,,,,,,,,1,,1,,5,5,4,4,5,1,1,1,1,3,3,4,4,2,3,3,3,2,3,5,1,0,1,10000,500000,3,600000,400000,165000,750000,3,800000,500000,100000,0,150000,0,200000,1,1,2,2,2,0,0,0,2,1,2,3,4,5,1,1,5,1,5,4,1,1,1,2,,1,,,1,,0,0,,1,,,,,1,,1,0,Oklahoma,73106,3,Virginia,Richmond,2,6,9,9,9,9,,,,1,,,1,3,,,,,,,,,
6640be7edc706d4622dbab1c,7/25/25 12:29,572,,,1,,24,1,5,1,,5,,1,1,,,,,,7,,,1,1,1,5,2,1,5,5,5,5,1,1,1,1,1,2,2,1,1,1,2,1,1,0,6500,8000,1,10000,6500,,,,,,12000,0,15000,0,20000,1,1,0,0,0,0,0,0,4,1,2,5,4,3,5,3,2,4,3,1,4,4,3,5,,1,,,,1,0,0,,,1,,,,1,,1,1,Texas,79411,3,Louisiana,new orleans,3,0,3,3,7,3,1,,,,,,3,3,1,,,,,,1,,
66940332d70583ebe9a33c05,7/25/25 12:29,2549,,,.89999998,,19,1,4,1,,3,,,,,,,,,6,,,1,3,4,4,3,2,5,5,3,4,2,2,3,3,4,2,2,2,3,4,4,3,0,1,3000,150000,1,200000,50000,300000,150000,1,450000,50000,100000,0,200000,0,150000,1,2,0,2,2,0,0,0,4,3,5,2,1,4,3,2,5,3,4,4,3,2,2,3,1,,,,,1,0,0,,,,,,,1,,1,1,New York,14623,2,New York,Rochester,2,3,4,6,7,9,,1,,,,,2,3,1,,,,,,1,,
6706af217ea3142dd07d1e83,7/25/25 12:29,1925,1,,.40000001,,28,1,4,,1,4,,1,1,,,,,,7,,,1,4,3,5,4,4,4,5,4,3,2,4,2,2,2,2,3,2,3,3,3,4,0,1,205000,250000,3,280000,175000,195000,260000,2,230000,200000,250000,1,3550000,1,400000,5,5,0,0,0,0,0,0,2,2,3,1,4,5,5,3,5,1,5,3,2,2,2,1,,1,,1,,,1,2,,,,,,,1,,1,1,Alabama,36480,3,Alabama,Uriah Alabama,3,3,6,7,6,7,1,,,,,,3,3,1,,,1,,,1,,
5bf571f03508750001423e07,7/25/25 12:29,1667,,,1,,27,1,5,1,,3,,,,,,,,,6,1,,,3,4,5,3,1,2,5,5,5,5,5,1,3,1,2,2,3,2,2,2,2,0,1,52000,75000,1,64000,45000,95000,125000,1,115000,85000,130000,0,140000,0,140000,3,7,2,2,2,2,2,2,4,1,5,3,2,4,4,2,2,3,3,2,3,3,4,5,1,,,,,1,0,-1,,,,1,,,,,1,0,California,90623,3,California,La Palma,3,0,4,6,3,3,1,,,,,,3,3,1,,,1,,,,,
6110a3b40a78b1ac0d964366,7/25/25 12:29,778,,,1,,23,1,4,,1,4,1,,,,,,,,6,,,1,1,1,5,3,3,5,4,4,5,5,2,2,2,1,2,2,2,1,4,4,1,0,1,45000,100000,1,750000,60000,150000,200000,1,130000,100000,100000,1,300000,1,300000,3,3,0,0,2,0,0,0,5,4,5,2,3,1,4,3,4,3,4,4,1,3,4,5,,1,,,,1,0,3,,,,,,,1,,1,1,Arizona,85018,2,Arizona,phoenix,2,0,6,7,2,6,1,,,,,,2,2,1,,,,,1,,1,
6695541a6e0d986b02c25dd9,7/25/25 12:29,1965,,,1,,25,0,4,1,,4,,1,,,,,,,5,,1,,1,1,5,3,3,4,4,3,4,1,2,4,5,2,1,3,2,2,-1,2,3,1,1,14500,35000,2,50000,25000,,55000,2,70000,50000,25000,1,40000,1,45000,2,3,0,2,2,0,0,2,2,1,5,3,4,2,4,4,4,1,3,2,2,3,2,2,,1,,,,1,0,3,,,1,,,,,,1,1,Georgia,31903,3,Georgia,Columbus,3,0,3,4,2,,1,,,,,,3,3,1,,,1,,,1,,No additional feedback 
656f7fba85a23ce8c05f5e01,7/25/25 12:29,557,,,1,,22,1,5,,1,5,,,1,,,,,,5,,1,,2,1,5,5,4,5,5,5,5,1,1,2,3,1,2,1,2,3,3,3,3,0,1,52000,75000,1,90000,60000,100000,125000,1,125000,100000,100000,0,100000,0,100000,1,1,0,0,2,0,0,0,4,3,2,5,1,4,5,1,4,3,2,2,2,2,3,5,,1,,,,1,0,0,,1,,,,,,,1,1,New York,11361,2,New York,bayside,2,0,6,7,6,6,1,,,,,,3,3,1,,,1,,,1,,
675a2864cf3d9d870639c42b,7/25/25 12:29,715,,,1,,25,1,5,1,,2,,,,,1,1,,,5,1,,,2,4,5,4,4,4,5,4,5,2,2,2,3,1,2,2,1,3,3,3,3,0,1,70000,120000,2,170000,85000,130000,20000,2,225000,160000,115000,1,175000,1,225000,1,1,0,0,2,0,0,0,4,1,2,4,5,3,4,2,5,2,4,2,2,2,2,1,1,,,,,1,0,2,,,,,,,1,,1,1,Illinois,60451,2,Illinois,Plainfield,2,0,6,6,6,5,1,,,,,,1,1,,1,,,1,,,,"no issues at all, was a fair survey, thanks!"
641e3e47556ffc12b0489d88,7/25/25 12:30,870,,,.89999998,,22,1,5,1,,3,,,,,,,,,6,1,,,1,3,5,1,1,5,5,3,4,1,3,2,4,1,2,3,2,2,2,2,3,1,1,21000,55000,2,70000,20000,,90000,1,100000,50000,30000,1,43000,1,55000,1,2,0,0,0,0,0,0,2,1,4,3,5,2,5,3,5,2,4,3,2,1,1,4,1,,,,,1,0,3,,,1,,,,,,1,1,Illinois,60466,3,Illinois,Chicago,3,0,3,5,3,3,,1,,,,,3,3,1,,,1,,,,,
672da8c47dddf2de17d21700,7/25/25 12:30,501,,,.89999998,,26,0,4,1,,3,,,,,,,,,6,,,1,2,2,5,5,2,4,3,4,4,2,4,4,4,1,1,-1,2,3,3,3,2,1,0,55000,150000,2,160000,120000,,,,,,70000,1,130000,1,150000,1,1,2,2,2,2,2,2,1,3,5,1,2,4,5,3,2,4,3,3,4,2,2,5,1,,,,,1,0,2,,,,,,,1,,1,1,Illinois,60607,3,Illinois,Schaumburg,2,0,6,6,6,6,1,,,,,,2,1,,1,,,,,,,I do not have any feedback to share.
67db3dd91c05b7278a0aad44,7/25/25 12:30,1952,,,.60000002,,21,1,4,,1,4,,1,,,,,,,7,,,1,1,4,4,2,4,4,4,3,4,1,3,4,4,2,2,3,2,3,3,3,3,0,1,45000,60000,1,60000,55000,65000,85000,1,85000,65000,75000,1,75000,1,75000,5,4,0,0,0,0,0,0,4,3,4,2,5,1,2,3,4,2,3,4,2,2,2,2,,1,,1,,,1,2,,,,,,,1,,1,1,Mississippi,39108,2,Mississippi,McCool,2,0,5,5,5,6,,1,,,,,1,1,1,,,,,,,,None
5ebb96b6cd673a0008ace9ce,7/25/25 12:30,599,1,,.2,,28,1,5,1,,3,,,,,,,,,6,,1,,2,2,5,2,1,5,5,4,5,2,4,4,5,2,1,2,2,2,2,3,1,0,0,3000,110000,2,230000,30000,47000,,,,,25000,0,25000,0,26000,2,3,1,2,2,0,2,2,5,2,1,4,5,3,4,2,3,2,4,2,3,2,2,5,1,,,,,1,0,-1,,1,,,,,,,1,0,Texas,75248,2,Texas,Dallas,2,3,4,6,7,7,,,,1,,,3,3,,,,1,,,,,
66084948d448dd0a7845eeaf,7/25/25 12:30,897,,,1,,27,0,5,,1,4,,,,1,,,,,6,1,,,1,2,5,1,1,4,5,4,5,1,1,2,4,3,2,3,2,2,2,2,3,1,1,42000,120000,1,175000,100000,,290000,1,350000,200000,42000,1,75000,1,75000,2,3,0,2,2,0,0,2,4,3,4,2,5,1,4,2,3,2,3,3,2,2,2,4,,1,,,,1,0,1,,,,,,,1,,1,1,New York,13063,1,New York,Syracuse,1,0,8,8,5,5,1,,,,,,2,3,1,,,1,,,,,
6110878b7d1780f35b6d53b4,7/25/25 12:30,756,,,1,,25,1,3,,1,5,1,1,1,,,,,,6,,,1,2,2,4,4,2,5,5,5,5,1,2,1,3,1,1,2,2,1,1,2,3,1,1,70000,100000,2,100000,80000,,130000,1,160000,100000,95000,1,150000,1,150000,2,2,0,0,0,0,0,0,4,1,3,2,4,5,4,3,5,3,2,1,2,4,3,1,,1,,,1,,0,4,,,,,,,1,,1,1,West Virginia,25313,2,California,Sacramento,3,3,5,6,3,2,1,,,,,,2,2,,,,,,,1,,
671fd53242f89dc5b4933754,7/25/25 12:30,468,,,.80000001,,22,1,4,,1,4,,1,,,,,,,7,1,,,1,2,3,4,4,4,4,5,4,3,3,3,4,5,3,3,3,3,4,4,4,0,0,35000,5000000,3,6000000,1000000,30000,,,,,25000,1,200000,1,300000,1,4,0,0,0,0,0,0,2,2,4,5,1,3,4,5,5,1,5,4,2,2,2,2,1,,,,1,,0,2,,,,,,,1,,1,1,West Virginia,25703,3,West Virginia,Kermit ,1,3,4,6,6,3,1,,,,,,1,3,,,,,,,,,
677c43da75c833e552e51f21,7/25/25 12:30,1666,,,.89999998,,28,0,4,,1,3,,,,,,,,,6,,,1,3,5,5,3,2,3,3,1,4,1,5,3,3,5,1,2,2,3,3,3,4,0,1,45000,60000,3,55000,50000,88000,120000,2,120000,100000,100000,1,100000,1,120000,5,4,0,0,0,0,0,0,5,2,4,1,5,3,4,5,3,2,3,3,3,4,2,3,,1,,1,,,1,2,,,,,,,1,,1,1,Michigan,48090,2,Michigan,Addison,1,4,6,7,4,5,1,,,,,,2,2,,1,,,1,,,,
67d4ba7e61ab8f9deb8ffb2e,7/25/25 12:30,1958,1,1,.40000001,,25,1,5,,1,3,,,,,,,,,6,,1,,2,2,5,2,1,4,4,2,4,1,2,2,3,2,2,2,2,2,2,3,3,0,1,63000,150000,2,130000,100000,130000,250000,2,230000,200000,100000,1,130000,1,140000,4,5,0,0,0,0,0,0,4,2,4,5,3,1,2,4,4,2,3,2,2,3,3,3,1,,,,,1,0,4,,,,,,,1,,1,1,North Carolina,28226,3,North Carolina,Charlotte,3,3,6,7,7,7,1,,,,,,3,3,,1,,1,,,,,What a nice study!
67d1e699af2dd980a764accb,7/25/25 12:30,1092,,,.80000001,,24,1,4,,1,4,,,1,,,,,,6,,,1,4,4,5,5,1,5,4,2,5,2,2,3,3,2,2,3,3,3,3,3,3,1,1,40000,200000,3,200000,150000,,200000,3,200000,150000,60000,1,100000,1,200000,3,4,0,0,2,0,0,0,1,2,4,1,5,3,2,4,3,3,3,2,2,4,3,3,1,,,,,1,0,2,,,,,,,1,,1,1,Texas,78753,3,Texas,Texas,1,3,5,8,4,5,,1,,,,,1,1,,1,,1,,,,,
60ff43cfde3f14b5f8d5aa10,7/25/25 12:30,576,,,1,,23,1,5,1,,3,,,,,,,,,6,1,,,1,1,5,3,1,4,5,5,5,1,1,1,2,2,1,2,1,2,3,3,3,1,1,53200,65000,1,70000,60000,,100000,1,120000,90000,50000,1,110000,1,120000,1,2,0,0,0,0,0,0,3,2,3,4,5,1,3,1,5,2,3,3,2,1,2,3,,1,,,,1,0,3,,,,,,,1,,1,1,Wisconsin,53208,3,Wisconsin,Milwaukee,3,0,6,7,6,2,1,,,,,,3,3,1,,,1,,,,,
5bdbce5593c9ba0001ef52a0,7/25/25 12:30,938,,,.89999998,,30,1,4,1,,3,,,,,,,,,5,,,1,2,2,5,-1,2,-1,4,5,3,2,4,1,2,1,-1,1,1,2,3,2,1,1,0,3600,50000,1,65000,40000,,,,,,40000,,,0,50000,1,1,0,2,2,0,1,2,2,1,2,5,4,3,5,1,2,3,3,2,2,2,3,5,1,,,,,1,0,0,,,,,,,1,,1,1,New York,13905,1,New York,Tioga,1,0,4,4,3,4,,,1,,,,2,2,,,,,,,1,,
67062295123561f8241f65fc,7/25/25 12:30,917,,,1,,29,0,4,,1,4,,,,1,,,,,6,,,1,3,2,4,4,4,3,3,2,-1,1,5,4,5,2,2,3,2,2,2,2,2,1,1,3000,70000,2,120000,35000,,100000,2,200000,60000,39000,1,65000,1,70000,5,1,2,2,2,0,2,2,2,2,1,4,5,3,4,3,3,3,4,3,4,3,4,4,1,,,,,1,0,2,,,,,,,1,,1,1,Louisiana,70663,2,Louisiana,Sulphur,2,0,3,5,4,7,,,1,,,,2,1,,1,,,1,,,,
65958c11eace7483b2a729eb,7/25/25 12:30,1624,1,,.5,,22,1,5,1,,3,,,,,,,,,5,1,,,1,1,4,4,2,3,5,3,5,-1,-1,1,2,2,-1,1,1,-1,3,3,1,0,1,10000,100000,3,85000,60000,60000,170000,1,175000,100000,80000,0,60000,0,75000,4,5,0,0,2,0,0,0,1,1,2,4,5,3,3,2,1,2,3,1,3,2,5,5,1,,,,,1,0,-1,1,,1,,,,1,,1,1,Connecticut,06010,2,Connecticut,windsor locks,2,2,4,6,7,7,,,,1,,,2,2,1,,,,,,,,
62963dcc7beb938157b706ed,7/25/25 12:30,1239,1,,.30000001,,29,1,4,1,,4,,1,1,,,,,,6,,1,,1,1,5,4,1,5,4,3,4,4,5,2,3,2,1,2,1,1,2,3,3,1,1,60000,150000,2,250000,80000,,180000,2,280000,100000,120000,0,150000,1,180000,2,3,0,0,0,0,0,0,4,2,1,5,4,3,4,4,5,1,3,2,2,1,2,5,1,,,,,1,0,2,,,,1,,,,,1,0,New York,11747,2,New York,Melville,2,0,6,6,1,3,1,,,,,,1,2,,1,,,1,,,,
67ace31300abf1fb686b8ce1,7/25/25 12:30,1871,,,1,,25,1,5,1,,5,1,1,1,,,,,,6,,,1,1,4,5,5,2,5,5,2,1,1,2,3,3,3,2,3,3,3,3,4,4,0,1,90000,250000,2,300000,150000,85000,250000,2,250000,150000,70000,1,90000,1,100000,4,2,0,0,2,0,0,0,1,4,5,1,3,2,4,4,4,2,3,3,2,2,2,3,,1,,1,,,2,3,,,,,,,1,,1,1,Ohio,44012,3,Ohio, Avon Lake,2,4,6,7,4,6,1,,,,,,1,1,,1,,,1,,,1,
66a7a55b09c40fcb076a1ffb,7/25/25 12:31,1496,,,.89999998,,23,1,5,1,,5,,,1,,,,,,7,,,1,1,5,5,5,5,5,5,5,5,4,1,3,4,2,2,3,3,3,4,3,4,0,1,74000,300000,3,350000,200000,148000,400000,3,55000,450000,250000,1,350000,1,550000,5,3,0,0,0,0,0,0,5,2,4,3,1,5,2,5,4,2,3,3,2,4,3,5,1,,,1,,,2,3,,,,,,,1,,1,1,Colorado,20177,2,Colorado,Denver,2,0,6,7,6,7,1,,,,,,1,1,,1,,,,,,,Great study...
65e6bb6d663548c538da4fae,7/25/25 12:31,577,,,1,,24,1,5,1,,5,,,1,,,,,,6,,1,,1,1,2,4,1,5,5,2,5,1,1,1,1,1,1,2,3,1,2,4,2,1,0,22000,100000,3,70000,60000,,,,,,40000,0,35000,0,60000,1,1,0,0,0,0,0,0,5,3,2,4,5,1,5,2,2,4,4,2,2,1,4,5,1,,,,,1,0,-1,,,,1,,,,,1,0,California,93268,1,California,Bakersfield,3,2,4,6,1,3,,,,1,,,3,2,1,,,,,,,,
61bb389140db417c1a138ca1,7/25/25 12:31,685,,,.89999998,,26,1,5,,1,3,,,,,,,,,5,,1,,1,1,5,5,2,5,5,5,5,4,2,2,2,2,1,1,1,2,2,2,2,0,1,500,18000,1,25000,10000,45000,75000,1,75000,45000,46000,1,52000,0,56000,8,3,0,0,0,0,0,0,5,1,3,4,5,2,4,3,1,4,3,1,3,2,4,5,,,,,,1,1,-1,,,,,,,1,,1,1,Colorado,80538,2,Colorado,Longmont,2,0,3,3,6,2,,,,,,1,3,3,1,,,1,,,,,
672257bc1a2a2082750a1a44,7/25/25 12:31,1099,,,1,,22,1,5,1,,4,,1,,,,,,,5,,1,,1,1,5,1,1,5,5,4,4,1,1,4,3,1,2,2,2,1,3,3,2,0,1,10000,400000,2,600000,140000,110000,400000,2,650000,180000,90000,0,140000,1,200000,1,1,0,0,2,0,0,0,2,1,3,2,5,4,2,5,1,2,3,1,1,1,5,3,1,,,,,1,0,0,,,,1,,,,,1,0,Texas,78572,2,Texas,McAllen,3,2,4,7,2,3,,,,1,,,3,3,,,,,,,,,
673b5aa0b4acff48429f7a37,7/25/25 12:31,1420,,,.80000001,,28,0,3,,1,3,,,,,,,,,5,,,1,2,3,4,4,4,3,3,3,4,4,3,2,2,2,2,2,2,3,3,3,3,0,1,85000,150000,2,100000,85000,85000,150000,2,100000,85000,100000,1,150000,1,150000,5,5,0,0,0,0,0,0,2,2,4,1,5,3,2,3,4,2,5,3,2,2,3,4,,1,,1,,,2,2,,,1,,,,,,1,1,Georgia,30314,3,Georgia,Atlanta,3,0,6,8,6,6,1,,,,,,1,1,,1,,,1,,,,
5dfdc45e617219a8e2e05c26,7/25/25 12:31,449,,,1,,29,1,5,,1,3,,,,,,,,,4,1,,,2,1,3,1,1,5,5,5,5,3,2,4,5,2,1,-1,1,3,2,2,3,0,1,40000,5000,2,30000,0,50000,500000,1,10000000,0,30000,0,35000,0,35000,1,1,0,0,0,0,0,0,4,2,1,5,4,3,5,1,4,1,3,4,1,1,4,2,1,,,,,1,1,1,,,1,,,,,,1,1,Maryland,20746,2,Maryland,Hyattsville,2,3,5,6,3,3,1,,,,,,3,3,,,,,,,,1,
663b768eacd36834105dcd5d,7/25/25 12:31,896,1,1,1,,26,1,5,,1,5,,1,1,,,,,,3,1,,,1,2,5,1,1,5,5,5,5,4,1,2,2,1,2,2,1,1,2,2,3,0,1,500005,52000,3,56000,50000,100000,120000,2,126000,100000,80000,1,120000,1,150000,10,1,0,2,2,0,0,0,2,5,3,2,1,4,2,3,5,1,5,2,1,1,1,3,,1,,,1,,0,3,,,,1,,,,,1,0,Arkansas,71655,1,Texas,Baytown,2,4,7,8,1,1,1,,,,,,3,3,1,,,1,,,,,
63d3fb1e3808efad214cccf0,7/25/25 12:31,534,,,1,,29,1,5,,1,3,,,,,,,,,7,,1,,2,4,5,5,2,5,5,5,5,5,2,3,4,3,2,2,1,1,1,1,2,1,1,21000,30000,2,40000,24000,,35000,2,40000,24000,50000,0,50000,0,50000,10,6,0,0,1,0,0,0,5,2,1,5,4,3,5,1,4,2,2,1,3,2,2,5,,1,,,,1,0,0,,,,1,,,,,1,0,California,92335,3,California,San Bernardino,3,3,5,7,2,2,,1,,,,,3,2,,,1,,,1,,,
67cf23087b91eeb52d262869,7/25/25 12:31,3039,,,.69999999,,25,1,5,,1,5,,1,,,,,,,7,,,1,2,4,5,4,1,5,5,3,4,1,3,2,3,2,2,3,3,2,1,3,3,0,1,152000,500000,3,700000,350000,152000,500000,3,700000,350000,80000,1,200000,1,500000,4,5,0,2,2,0,0,0,4,4,5,2,3,1,5,5,4,2,4,3,4,2,4,3,1,,,,1,,1,4,,,,,,,1,,1,1,Illinois,60010,2,Illinois,"Springfield, Illinois.",2,4,6,8,6,6,,1,,,,,1,1,,1,,,1,,,,
67cf6e7886676a605559f7b7,7/25/25 12:31,1335,,,.89999998,,26,1,5,1,,5,1,,,,,,,,7,,1,,2,4,5,5,3,4,4,2,3,1,1,3,4,1,2,3,3,3,3,3,3,0,1,50000,10000,2,100000,80000,50000,100000,2,100000,80000,100000,1,120000,1,150000,3,5,0,0,0,0,0,0,2,2,4,3,5,1,5,5,5,1,4,3,4,4,3,3,,1,,1,,,1,3,,,1,,,,,,1,1,New York,10006,3,Alabama,alabama,3,4,6,7,6,6,1,,,,,,2,2,,1,,,,,,,
629e4d79be0e1ecd4ce30ab4,7/25/25 12:32,720,1,,.5,,27,1,5,1,,4,,,1,,,,,,5,,1,,1,1,4,2,1,5,5,5,5,4,2,3,3,2,2,3,2,4,3,2,2,0,1,20000,90000,3,150000,30000,50000,90000,3,50000,30000,60000,1,90000,1,100000,5,1,0,0,2,0,0,0,4,3,1,4,2,5,4,4,3,2,5,1,3,3,3,5,,1,,,,1,0,2,,,,,,,1,,1,1,Utah,84663,3,Utah,Springville,3,0,4,6,4,4,1,,,,,,3,3,1,,,1,,,,,
67246794a85893f571f01fcc,7/25/25 12:32,1139,,,.89999998,,28,0,2,1,,1,,,,,,,1,,2,,,1,5,4,5,5,5,5,1,2,2,2,2,2,3,2,2,3,3,3,2,3,3,0,1,70000,100000,2,100000,80000,145000,190000,2,200000,180000,125000,1,150000,1,170000,1,2,0,0,0,0,0,0,4,1,2,3,4,5,2,5,4,2,2,4,3,3,3,4,,1,,1,,,1,3,,,,,,,1,,1,1,Alabama,36611,3,Alabama,Chickasaw,3,0,6,8,6,5,1,,,,,,3,1,,1,,,1,,,,The survey was okay
5c747b0f181ad300113363ed,7/25/25 12:32,830,,,1,,31,1,5,,1,3,,,,,,,,,7,,,1,1,3,5,1,1,5,4,3,4,2,4,1,2,1,2,2,2,3,2,3,3,0,1,65000,85000,1,90000,30000,99000,130000,1,150000,50000,100000,,,1,100000,1,1,0,2,2,0,0,2,4,1,3,4,2,5,4,3,4,2,3,2,2,3,3,1,1,,,1,,,2,2,,,,,,,1,,1,1,Florida,33594,2,Florida,Tampa,2,0,6,6,3,6,1,,,,,,3,3,1,,,1,,,,,
6728f3d973b4504d88a81299,7/25/25 12:32,2313,,,1,,22,1,5,1,,3,,,,,,,,,7,1,,,1,2,5,3,4,5,5,4,5,4,2,2,1,2,-1,2,3,3,4,3,4,1,1,78000,150000,2,130000,40000,,300000,1,250000,140000,50000,1,120000,1,140000,10,5,0,0,2,0,0,0,4,5,3,2,1,4,4,4,5,1,4,3,2,2,2,3,,1,,,,1,0,2,,,,,,,1,,1,1,Florida,33147,3,New York,Buffalo,2,0,6,7,6,7,1,,,,,,3,3,1,,,,,,,,
67f8607be129189cd9ea4c0a,7/25/25 12:32,1016,1,,.40000001,,29,0,2,,1,3,,,,,,,,,5,1,,,4,2,5,5,2,5,4,1,1,2,1,3,2,2,2,3,2,2,3,3,4,0,1,90000,300000,3,250000,190000,142000,600000,3,400000,350000,100000,1,250000,1,420000,6,6,0,0,0,0,0,0,3,1,3,2,5,4,2,5,4,2,4,4,2,2,2,1,1,,,1,,,2,2,,,,,,,1,,1,1,Missouri,63114,2,Missouri,Missouri city,2,0,6,9,4,4,1,,,,,,1,1,,1,,1,,,,,
6784912ccf5664bd1c08be9f,7/25/25 12:32,711,,,1,,25,1,4,,1,4,,1,1,,,,,,5,,1,,2,2,5,4,2,5,5,4,4,4,5,2,3,2,2,2,2,2,4,1,3,1,0,54000,80000,2,70000,45000,,,,,,40000,0,54000,0,70000,1,1,0,0,2,0,0,0,4,1,5,2,3,4,4,4,4,2,3,3,2,2,2,1,1,,,1,,,0,0,,,,1,,,,,1,1,Texas,77521,3,Texas,Houston,3,4,6,7,3,6,1,,,,,,1,2,,1,,,1,,,,
5d847ac9be4b0b00188463d7,7/25/25 12:32,2788,,,.89999998,,28,1,4,1,,4,,,1,,,,,,6,,1,,1,1,5,5,-1,5,4,4,5,1,5,2,3,1,1,1,1,2,2,2,1,0,1,30000,30000,3,40000,25000,40000,40000,2,50000,25000,25000,0,40000,0,40000,3,5,0,1,2,0,0,1,5,2,1,5,4,3,5,3,1,4,2,4,1,1,5,5,1,,,,,1,0,0,,,,,,,1,,1,1,Michigan,48035,2,Michigan,Lincoln Park,2,0,3,3,3,3,,,,,,1,2,2,,1,,,,,,,
6105b070e8c88d85f08bbe25,7/25/25 12:32,667,,,1,,24,1,5,,1,5,,,,1,,,,,7,1,,,1,1,5,1,1,5,5,5,5,1,4,1,1,1,1,1,1,1,2,2,1,0,1,13000,50000,1,65000,43000,26000,40000,2,70000,50000,150000,0,200000,1,600000,4,1,0,0,0,0,0,0,5,3,1,5,2,4,5,4,2,4,1,1,5,3,4,5,,,1,,1,,0,2,,,,,,,1,,1,1,Texas,78628,2,Texas,Atlanta,1,0,5,6,4,3,,,,,,1,3,3,,,,1,,,1,,
64135e3d9cd5e3f16290d29c,7/25/25 12:32,1867,,,.69999999,,27,1,5,,1,5,,1,,,,,,,6,,1,,2,4,5,4,1,4,5,4,5,4,2,2,3,1,1,2,1,2,1,2,2,1,1,25000,40000,2,50000,30000,,70000,1,80000,65000,120000,1,250000,1,500000,2,4,0,2,2,0,0,0,5,1,2,5,4,3,4,3,4,3,2,1,2,3,5,5,1,,,,,1,0,2,,1,,,,,,,1,0,Florida,33322,3,Florida,Sunrise,3,0,6,6,5,6,,1,,,,,3,3,1,,,1,,,,,
67447a01deb7398581f3b3be,7/25/25 12:32,1281,1,1,1,,23,1,3,,1,3,,,,,,,,,3,1,,,4,4,5,4,3,2,4,5,4,2,4,1,3,2,2,3,3,2,3,2,3,0,1,28000,100000,2,200000,100000,75000,250000,1,300000,200000,150000,1,150000,1,200000,5,4,0,0,0,0,0,0,4,3,5,1,4,2,5,4,3,3,3,2,3,3,3,3,1,,,,,1,0,3,,,1,,,,,,1,0,New Jersey,08101,2,New Jersey,Camden,2,0,6,8,5,6,1,,,,,,1,2,,1,,,,,,,
67dc70145c70ad07748b3f1b,7/25/25 12:32,1964,,,.80000001,,28,0,4,1,,2,,,,,1,1,,,6,1,,,2,2,5,2,1,2,2,2,1,1,2,3,2,1,2,3,3,3,3,3,4,0,1,85000,150000,2,250000,90000,370000,600000,2,500000,300000,350000,1,500000,0,350000,4,8,0,0,0,0,0,0,2,3,5,1,4,2,4,5,5,2,4,4,3,4,2,3,1,,,1,,,2,3,,,,,,,1,,1,1,Michigan,20017,3,California,Berkeley,3,0,8,9,7,7,1,,,,,,3,3,,1,,1,,,,,
6286b2b633eaea5194b9ba13,7/25/25 12:32,1778,,,1,,22,1,5,1,,5,,,,,,,,,7,1,,,1,1,5,4,1,5,4,4,5,3,3,3,2,1,1,2,-1,4,2,3,3,0,1,7250,65000,1,50000,32500,24500,130000,1,92000,32500,36000,0,55000,1,135000,5,1,0,0,0,0,0,0,4,4,3,1,5,2,5,3,3,3,2,2,2,2,5,4,1,,,,,1,0,2,,,,1,,,1,,1,1,Texas,78840,1,Texas,Del Rio,1,3,5,6,3,3,,,,1,,,2,2,,,,,,,,,"The length of the survey was fair, the questions were simple and easy. Great work."
65e1f75ab3efd22e847cfbf0,7/25/25 12:32,1863,,,.89999998,,25,1,5,1,,5,,1,1,,,,,,6,,,1,1,1,4,5,1,5,5,5,5,5,5,2,2,1,2,2,2,3,3,3,3,0,1,60000,100000,2,70000,100000,60000,100000,2,80000,70000,80000,1,100000,1,120000,1,3,0,0,2,0,0,0,4,1,3,2,5,4,4,4,4,3,3,2,3,3,3,3,,1,,,,1,0,2,,,,,,,1,,1,1,Missouri,63129,2,Missouri,"Saint Louis, MO",2,3,6,6,3,3,1,,,,,,2,2,1,,,1,,,,,
672d75cbdb3a18df5461c818,7/25/25 12:32,1216,,,.89999998,,20,1,5,,1,5,,1,1,,,,,,6,,,1,1,1,5,5,2,5,5,5,5,4,5,4,5,2,1,3,3,4,3,2,1,0,0,10000,300000,2,400000,80000,40000,,,,,60000,1,200000,1,300000,1,1,0,0,0,0,0,0,4,1,3,2,5,4,4,3,1,4,3,1,3,3,4,4,1,,,,,1,0,4,,,,,,,1,,1,1,Texas,76244,2,Texas,Fort Worth,2,3,3,9,6,6,,,,1,,,2,1,,,,,,,1,,
667715b0cad8d06ec690ef00,7/25/25 12:32,714,,,1,,29,1,4,1,,4,,1,1,,,,,,5,,1,,2,2,5,4,2,4,4,2,4,3,2,3,3,1,2,1,2,4,4,4,3,1,0,49000,60000,3,65000,54000,,,,,,65000,1,65000,1,65000,6,5,0,0,0,0,0,0,4,3,1,4,5,2,4,2,5,1,4,2,2,3,2,4,,1,,,,1,3,3,,,,,,,1,,1,1,Texas,77380,3,Texas,Hightstown New Jersey,2,0,6,6,3,3,1,,,,,,1,2,,1,,,1,,,,"Nothing, thank you."
6296bef3248bf76cc113926b,7/25/25 12:32,1681,,,1,,26,0,1,1,,4,,1,,,,,,,6,,1,,4,3,4,2,5,2,2,3,2,4,3,3,4,3,3,2,3,2,4,1,4,0,1,35000,100000,2,85000,60000,100000,200000,1,80000,50000,50000,0,50000,0,80000,1,1,0,0,0,0,0,0,3,2,4,5,3,1,2,4,3,2,4,3,4,2,2,3,1,,,,,1,0,0,,,1,,,,,,1,1,Nevada,89002,2,Nevada,vegas,3,1,3,3,3,3,1,,,,,,3,3,1,,,1,,,1,,
66957ab0e33f6b17bea3a067,7/25/25 12:32,616,,,1,,20,1,4,1,,3,,,,,,,,,3,,,1,2,2,5,4,2,5,4,4,4,4,4,3,3,2,1,2,1,2,4,3,3,0,1,25000,60000,1,50000,40000,40000,120000,1,120000,80000,40000,1,40000,1,50000,10,3,0,0,2,0,0,2,4,1,2,3,5,4,2,3,4,2,5,1,2,2,2,3,,1,,,1,,0,3,,,,,,,1,,1,1,Kentucky,42103,3,Kentucky,BOWLING GREEN,3,0,3,4,3,3,1,,,,,,3,3,,,,,,,,,
67e79b8eb309a37a7c53d3d3,7/25/25 12:32,1256,,,.89999998,,25,1,5,1,,5,,,1,,,,,,7,,,1,4,2,5,5,2,5,5,4,5,5,4,2,3,2,2,2,2,2,3,2,2,0,1,36000,100000,2,110000,80000,69000,140000,2,160000,120000,100000,1,120000,1,130000,3,5,0,0,2,0,0,2,2,1,5,2,3,4,1,4,4,4,3,2,4,3,4,3,1,,,,,1,0,2,,,,,,,1,,1,1,Texas,78393,2,Texas,Woodsboro,2,0,6,7,6,6,,1,,,,,1,1,,1,,,1,,,,
67e1a7be19db516f062a8ba8,7/25/25 12:32,1581,1,,.2,,29,1,4,,1,3,,,,,,,,,7,,,1,2,4,5,5,5,5,5,5,4,2,5,2,3,2,3,3,2,3,3,3,3,0,1,101000,300000,2,290000,110000,150000,400000,3,400000,350000,300000,1,350000,1,400000,10,5,0,0,1,0,0,0,5,1,4,2,5,3,3,3,5,4,3,2,3,4,2,1,1,,,1,,,3,3,,,,,,,1,,1,1,Georgia,30742,2,Georgia,Oglethorpe,2,0,7,8,6,6,1,,,,,,1,1,,1,,,1,,,,none
5ea361c1e8046c12f27bc2c8,7/25/25 12:33,758,,,.80000001,,24,0,3,,1,4,,,1,,,,,,5,,,1,3,4,3,1,2,2,1,1,1,4,5,2,4,3,-1,-1,1,1,-1,1,1,1,0,12000,50000,1,150000,0,,,,,,30000,0,,0,,10,5,0,1,2,0,0,0,2,3,2,5,1,4,4,3,1,4,2,1,4,1,5,5,1,,,,,1,0,-1,,,,,,,1,,1,1,California,94704,3,Idaho,Meridian,2,0,4,4,,,,,1,,,,2,2,1,,,,,,,,
60fc65faaad08e9c5457b082,7/25/25 12:33,659,,,1,,23,0,5,1,,4,,,1,,,,,,6,,,1,1,3,5,1,1,5,4,4,3,1,1,3,4,2,2,3,-1,3,2,5,3,0,1,55000,200000,2,250000,100000,110000,400000,1,500000,200000,55000,1,150000,1,150000,5,4,0,2,2,0,0,0,2,5,1,4,2,3,2,5,5,1,4,4,2,2,2,4,,1,,,,1,0,-1,,,,,,,1,,1,1,California,90026,3,California,LA,3,0,6,6,9,9,1,,,,,,3,3,1,,,1,,,,,
6721e6f65852f068dcbb4658,7/25/25 12:33,622,,,.89999998,,25,1,4,1,,3,,,,,,,,,6,,1,,1,3,5,3,1,5,5,4,5,5,1,2,3,1,1,2,2,2,3,3,2,0,1,38000,80000,2,80000,40000,40000,100000,2,90000,40000,50000,1,100000,1,200000,1,3,0,0,0,0,0,0,4,2,4,1,5,3,4,3,4,3,3,1,1,1,3,4,1,,,,,1,0,2,,,,1,,,1,,1,0,Minnesota,55379,2,Minnesota,Cottage Grove,2,2,5,6,4,6,1,,,,,,3,3,1,,,1,,,,,
6608fe79836be5ccd7136892,7/25/25 12:33,1210,,,1,,27,0,1,,1,3,,,,,,,,,3,,1,,2,2,4,4,5,1,1,2,4,3,5,2,3,2,2,2,1,2,1,3,4,0,1,85000,105000,2,120000,95000,130000,160000,2,185000,150000,75000,1,100000,1,100000,1,1,0,2,2,0,0,0,4,2,3,1,5,4,4,2,5,2,4,4,2,1,2,4,1,,,,,1,0,2,,,,,,,1,,1,1,Kentucky,42001,1,Illinois,Metropolis,1,0,7,7,7,2,1,,,,,,1,2,,1,,,1,,,,
676e205d9d4ed64ca5e21411,7/25/25 12:33,928,,,.80000001,,19,1,5,,1,5,,1,1,,,,,,6,1,,,2,3,4,4,3,2,4,5,4,4,4,3,2,2,2,2,2,3,3,4,2,0,1,1500,84000,2,90000,15000,5000,20000,2,85000,20000,60000,1,70000,1,70000,3,5,0,0,2,0,0,0,5,2,3,4,5,1,4,2,4,3,2,1,4,4,2,4,1,,,,1,,0,2,,,,,,,1,,1,0,Texas,78223,3,Texas,San Antonio,3,0,2,3,3,3,,,,,,1,2,2,,,,,,,,,
65da5ea53cf757c346ee5b18,7/25/25 12:33,525,,,1,,28,0,2,,1,2,,,,,,,1,,4,,1,,1,1,4,2,2,4,4,2,2,2,2,1,2,2,1,2,2,2,2,2,2,0,0,10000,75000,2,70000,55000,45000,,,,,100000,0,100000,0,100000,5,5,0,0,2,0,0,0,2,4,3,5,1,2,4,2,2,3,3,4,2,2,4,4,1,,,,,1,0,0,,,,,,,1,,1,0,Illinois,60010,2,Illinois,Chicago,3,0,9,9,4,3,,1,,,,,1,3,1,,,,,1,,,
67def1ffa304d6e7be52ae22,7/25/25 12:33,1956,,,1,,30,1,3,,1,3,,,,,,,,,6,1,,,2,4,5,5,3,4,5,4,4,3,3,3,4,5,2,2,3,3,3,3,4,0,1,75000,150000,3,150000,30000,70000,150000,2,10000,50000,100000,,,1,150000,10,5,0,0,2,0,0,0,5,1,2,3,5,4,3,4,4,3,3,4,3,3,2,2,,1,,1,,,2,3,,,,,,,1,,1,1,Texas,75001,3,Texas,Houston,3,0,7,9,6,6,,,1,,,,2,2,,1,,,,,,,positive
6674830ad593c88a632ca252,7/25/25 12:34,349,,,1,,27,0,3,,1,3,,,,,,,,,4,,1,,1,3,4,3,3,5,4,2,3,2,2,2,3,3,2,3,2,2,2,2,2,1,1,10000,200000,1,200000,120000,,200000,1,200000,120000,80000,1,220000,1,200000,1,1,0,2,2,0,0,0,3,2,3,1,5,4,4,3,4,1,4,1,2,2,2,3,1,,,,,1,0,2,,1,,,,,,,1,0,California,90001,3,California,Bakersfield,3,0,6,9,2,2,,1,,,,,3,3,,,,,,,,,
66deeccfa4a8c62e75e0a557,7/25/25 12:34,3347,,,1,,26,1,4,1,,4,,1,,,,,,,5,,,1,2,2,4,3,4,4,3,3,3,3,3,3,3,5,3,3,3,2,2,3,4,0,1,85000,65000,3,85000,75000,145000,180000,3,180000,165000,155000,1,165000,1,180000,5,5,0,0,0,0,0,0,4,4,2,5,3,1,5,5,4,2,1,2,2,1,1,2,,1,,1,,,1,2,,,,,,,1,,1,1,Florida,32736,3,Florida,Florida,3,5,8,8,8,8,1,,,,,,1,1,,1,,,1,,,,nice study
67acea60283b9ad009444b49,7/25/25 12:34,1982,,,1,,29,1,4,,1,4,,1,,,,,,,7,,1,,2,2,5,4,3,5,5,3,4,4,3,4,4,3,2,3,2,2,4,4,3,0,1,40000,50000,2,60000,45000,90000,110000,2,125000,90000,100000,0,100000,0,110000,7,6,0,2,2,1,0,1,4,1,5,2,4,3,4,2,4,3,3,1,2,2,3,4,,1,,,1,,0,0,,,,,,,1,,1,1,Alabama,36420,1,Alabama,Troy ,1,3,6,6,6,6,1,,,,,,2,2,,,,,,,,,
67ef13f21c5514bb06d4fc75,7/25/25 12:34,3960,,,1,,24,1,4,,1,3,,,,,,,,,5,1,,,3,4,4,3,4,4,4,4,3,4,4,4,4,3,2,2,2,3,3,4,4,0,1,70000,180000,3,200000,150000,140000,360000,3,400000,280000,200000,1,200000,1,300000,6,4,0,0,0,0,0,0,4,1,5,3,4,2,4,5,5,1,4,2,1,1,1,2,,1,,,1,,0,2,,,,,,,1,,1,1,Washington,98501,2,Texas,Fort Worth,2,4,7,8,7,7,1,,,,,,1,1,,1,,,1,,,,
67f05d8a2b2f772e31167590,7/25/25 12:34,1485,,,1,,28,0,2,1,,3,,,,,,,,,6,1,,,4,5,5,5,4,5,3,3,5,5,4,3,3,3,2,3,3,3,4,3,3,0,1,60000,160000,3,150000,130000,60000,300000,3,300000,250000,350000,1,250000,1,350000,1,2,0,0,2,0,0,0,2,3,5,1,4,2,1,4,5,1,4,4,2,1,2,1,1,,,1,,,1,3,,,,,,,1,,1,1,Florida,32250,3,Florida,Jacksonville beach,3,5,7,8,6,6,1,,,,,,1,1,,1,,,1,,,1,none
670d26896cf59f0439013716,7/25/25 12:34,1003,,,1,,28,1,5,1,,5,,1,,,,,,,6,,,1,1,1,3,1,1,5,4,4,4,2,1,2,4,2,2,2,2,4,4,4,4,1,1,150000,250000,2,400000,50000,,300000,2,600000,100000,100000,1,150000,1,175000,10,1,0,0,2,0,0,2,4,2,1,4,5,3,4,1,5,3,2,3,3,2,2,4,1,,,,,1,0,0,,,,,,,1,,1,1,Illinois,60647,3,Wisconsin,Milwaukee,2,0,6,6,7,9,1,,,,,,3,3,1,,,1,,,,,
663cd4d41eedc75c912e604d,7/25/25 12:34,977,,,1,,27,1,5,1,,4,,1,,,,,,,6,,1,,1,1,5,1,1,5,5,4,5,1,1,2,3,1,2,-1,-1,3,2,3,2,0,1,15000,80000,2,70000,50000,90000,145000,2,125000,100000,70000,0,110000,0,125000,5,5,0,0,2,0,0,0,2,1,4,2,5,3,5,2,4,2,3,2,2,1,4,4,,1,,,,1,0,-1,,,,,,,1,,1,1,Massachusetts,02019,2,Massachusetts,Bellingham,2,0,3,6,6,3,,1,,,,,3,3,1,,,,,,,,
672d7efea81892409cff5c84,7/25/25 12:34,2032,,,.80000001,,24,1,5,,1,4,,,1,,,,,,6,,1,,2,2,4,-1,1,5,5,5,5,2,2,2,3,2,1,-1,2,3,1,2,1,1,1,22000,90000,1,80000,30000,,40000,1,60000,20000,40000,1,70000,1,90000,3,2,0,2,2,0,0,0,4,1,2,4,5,3,4,2,4,4,3,1,3,2,4,5,,,1,,1,,0,2,,,,1,,,1,,1,0,Illinois,60609,3,Illinois,Chicago,3,4,6,7,4,1,1,,,,,,3,3,1,,,,,,1,,
5f83aa68ed5575548c117363,7/25/25 12:35,1018,1,,.40000001,,26,1,5,,1,5,,,,1,,,,,5,,,1,1,1,5,1,1,5,5,5,5,5,1,1,1,1,-1,2,2,-1,-1,2,1,0,1,500,700,1,1000,300,24000,30000,1,30000,15000,24000,0,24000,0,24000,1,5,0,0,0,0,0,0,4,1,2,4,5,3,5,1,4,3,2,4,3,3,3,1,1,,,,,1,0,0,,,,1,,,1,,1,1,California,95355,2,California,Modesto,2,0,3,3,,,,,,,,1,3,3,,,,1,,,,,
67f0470dc52f142ca66823c8,7/25/25 12:35,2208,,,.89999998,,23,1,5,1,,4,,1,1,,,,,,5,,1,,1,1,5,5,1,5,4,2,1,1,2,2,1,3,2,3,3,3,3,4,3,0,1,45000,200000,2,300000,150000,130000,400000,2,350000,200000,200000,1,200000,1,300000,3,5,0,2,2,0,0,2,4,3,4,2,5,1,4,4,4,3,4,1,3,3,2,2,,1,,,,1,0,2,,,,,,,1,,1,1,New Jersey,07090,3,New Jersey,07090,3,3,5,7,6,6,,1,,,,,2,1,,1,,,1,,,,N/A
67aa80c774c81448a3876d15,7/25/25 12:35,1326,,,.89999998,,25,0,2,1,,3,,,,,,,,,2,,,1,5,2,5,4,5,5,1,3,4,1,1,3,3,1,2,3,2,2,1,3,3,0,0,50000,150000,3,100000,80000,50000,,,,,150000,1,200000,1,250000,2,2,0,0,0,0,0,0,5,1,4,3,5,2,4,4,3,3,4,2,4,2,2,3,,1,,,,1,1,3,,,,,,,1,,1,1,New York,10306,3,New York,Staten Island,3,5,8,9,2,2,,1,,,,,3,3,,1,,,1,,,,Everything was clear.
66f0bcad545ecf68df970a46,7/25/25 12:35,1037,,,1,,25,0,3,1,,3,,,,,,,,,4,,1,,3,3,4,3,3,2,1,3,4,2,4,2,4,2,2,2,-1,1,1,2,1,0,1,5500,50000,1,105000,2000,98000,100000,1,200000,48000,95000,1,75000,1,90000,5,6,2,2,2,0,2,2,2,3,2,4,5,1,4,3,1,4,1,1,2,1,4,5,1,,,,,1,0,4,,,,1,,,,,1,1,Utah,84074,2,Utah,Salt Lake City,3,3,4,6,5,7,,,,1,,,1,1,,1,,,1,,1,,
663aef0aebe90e5eae33712b,7/25/25 12:35,1249,,,1,,24,1,5,,1,3,,,,,,,,,7,1,,,1,1,5,1,1,5,5,5,5,1,1,2,2,1,1,-1,-1,1,3,2,1,0,1,300,35000,2,60000,30000,33000,65000,2,70000,50000,50000,0,60000,0,60000,1,1,0,0,0,0,0,0,5,1,2,4,5,3,4,2,1,4,1,1,2,2,4,5,,1,,,,1,0,-1,,,1,,,,1,,1,1,Pennsylvania,18701,2,Pennsylvania,Wilkes-Barre,2,0,6,6,6,1,,,,,,1,3,3,1,,,1,,,,,
6119f2f6a0b020eb3941b3e1,7/25/25 12:35,2092,,,.80000001,,25,1,5,1,,3,,,,,,,,,6,,1,,1,1,5,2,1,4,5,4,5,1,2,2,3,2,1,1,1,3,4,4,1,1,0,1500,25000,2,40000,10000,,,,,,25000,0,80000,0,95000,1,2,2,2,2,0,0,2,2,2,1,4,5,3,4,2,2,4,2,3,3,3,4,5,,1,,,,1,0,0,,,,,,,1,,1,1,Louisiana,70124,2,Louisiana,New Orleans ,2,0,4,6,6,9,,,1,,,,3,3,,,,,,,,,
672feaa71ba8b290765e0c7a,7/25/25 12:35,907,,,.80000001,,29,0,3,1,,3,,,,,,,,,4,1,,,5,5,4,5,5,3,4,1,2,4,5,3,4,5,3,3,3,3,3,4,4,1,0,100000,170000,2,150000,90000,,,,,,85000,1,100000,1,115000,5,8,0,2,2,0,0,0,4,2,5,1,4,3,1,5,5,1,5,4,1,1,2,1,1,,,1,,,2,5,,,,,,,1,,1,1,South Dakota,57438,1,South Dakota,Aberdeen ,1,0,3,3,3,3,1,,,,,,1,1,,,,,1,,,,
611ef5ee1cd15b1722b2d592,7/25/25 12:36,661,,,1,,28,1,4,1,,3,,,,,,,,,5,,1,,2,2,4,5,3,3,4,5,4,2,5,2,3,1,2,2,2,3,2,2,3,0,1,25000,32000,2,35000,27000,69000,80000,2,100000,75000,72000,0,72000,0,77000,1,1,0,0,2,0,0,0,2,2,1,5,4,3,4,2,5,2,4,2,1,2,1,1,,1,,1,,,0,0,,,,,,,1,,1,1,Louisiana,70403,2,Louisiana,Metairie,3,0,6,6,4,3,1,,,,,,1,3,,1,,,,1,,,
6711761901d1f85f5be6184b,7/25/25 12:36,1786,,,.89999998,,26,1,5,,1,5,,,1,,,,,,7,1,,,2,2,5,2,1,5,4,2,5,1,3,2,3,2,2,2,2,3,3,3,4,0,1,70000,120000,2,120000,100000,69000,120000,2,120000,100000,110000,1,150000,1,150000,5,7,0,0,0,0,0,0,4,5,3,1,4,2,4,3,4,2,4,3,4,4,4,5,,1,,1,,,2,2,,,,,,,1,,1,1,New York,10012,2,New York,Brooklyn,2,0,7,7,6,6,1,,,,,,1,1,,1,,,1,,,,
67e923d008c9e3479c33f071,7/25/25 12:36,1928,,,.89999998,,27,1,5,,1,5,,1,,,,,,,6,,1,,1,2,5,4,2,4,4,4,4,3,3,1,3,2,2,3,3,4,5,4,2,0,1,49000,120000,3,150000,45000,89000,200000,3,250000,100000,120000,1,160000,1,200000,7,5,0,0,0,0,0,0,3,5,3,1,4,2,2,3,2,2,4,1,2,3,4,5,1,,,1,,,1,3,,,,,,,,1,1,1,New York,13164,2,New York,Brooklyn,3,2,6,7,6,7,,1,,,,,2,3,,1,,,,,,,
672005100e15419eaceecb22,7/25/25 12:36,1613,1,,.1,,29,1,5,1,,4,,,1,,,,,,7,1,,,4,4,5,4,2,5,5,4,4,1,4,3,3,1,2,2,3,4,3,3,3,0,1,120000,500000,3,500000,300000,120000,1500000,2,3000000,1500000,2000000,1,200000,1,200000,4,4,0,2,2,0,0,0,2,2,5,1,4,3,5,4,5,1,5,3,2,1,2,3,1,,,1,,,1,2,,,1,,,,,,1,1,Maryland,20903,3,Texas,Austin,3,5,7,8,7,8,1,,,,,,1,1,1,,,1,,,,1,
67cb01a82dda2577eb6ee320,7/25/25 12:36,1516,,,1,,26,1,4,,1,4,1,1,,,,,,,5,,1,,1,3,5,4,5,5,5,4,4,3,2,1,3,1,2,3,3,2,2,2,3,1,1,61000,250000,3,300000,150000,,120000,2,350000,200000,180000,1,200000,1,280000,3,5,0,0,2,0,0,0,3,3,5,2,4,1,1,4,4,1,3,3,1,2,4,4,,1,,,,1,0,4,,,,,,,1,,0,1,Kentucky,34219,3,Kentucky,parrish,3,0,7,8,6,6,1,,,,,,2,2,1,,,,,,,,
66a9b3218f8e4eb0be082305,7/25/25 12:36,884,,,.89999998,,22,1,4,1,,5,,1,,,,,,,6,1,,,1,1,5,4,2,5,5,2,4,3,4,2,3,1,1,3,-1,3,4,2,1,0,1,18000,72000,2,63000,58000,54000,99000,3,79000,70000,64000,1,100000,1,100000,6,4,0,0,0,0,0,0,3,2,1,3,5,4,4,3,3,2,5,3,4,3,3,4,1,,,,,1,0,2,,1,1,,,,,,1,0,Nevada,89142,3,Nevada,Las Vegas,3,0,3,4,3,3,,,1,,,,2,2,,,,,,,,,
6745731e75a88802a56be3ef,7/25/25 12:36,742,,,1,,18,0,3,,1,3,,,,,,,,,3,,1,,4,4,5,-1,1,4,2,5,-1,-1,-1,2,2,-1,1,3,-1,2,2,3,3,0,1,25000,100000,2,100000,10000,25000,100000,3,100000,12000,50000,0,200000,0,200000,1,2,0,0,2,0,0,0,5,1,5,4,2,3,4,4,4,2,2,2,1,1,1,2,1,,,,,1,0,3,,,1,,,,,,1,1,New York,10454,3,New York,bronx,3,2,3,3,3,3,,1,,,,,2,2,,,,,,,,,
67eca2f6e306872f48826cf2,7/25/25 12:36,1104,1,,.1,,24,1,2,,1,4,,,1,,,,,,6,,,1,2,3,4,3,4,4,4,5,4,4,5,2,3,5,3,1,2,2,2,4,3,1,1,39999,150000,3,150000,120000,,150000,3,170000,130000,140000,1,100000,1,120000,10,7,0,0,0,0,0,0,4,1,5,4,3,2,4,4,2,2,4,2,2,3,3,2,,1,,,,1,0,2,,,,1,,,,,1,1,Michigan,48134,2,Michigan,Michigan,2,0,6,8,7,7,1,,,,,,3,3,1,,,1,,,1,,NO
5ea70fb15789a40c67f9cf04,7/25/25 12:36,672,,,1,,27,1,5,1,,5,,,1,,,,,,6,,1,,2,1,4,4,4,4,4,5,5,1,4,2,3,1,1,2,1,3,4,2,3,0,1,25000,27000,2,30000,23000,47000,50000,2,55000,45000,70000,0,70000,0,75000,3,1,0,0,2,0,0,0,5,1,2,5,4,3,5,1,4,1,5,1,2,2,5,5,,1,,,1,,0,0,,,,,,,1,,1,1,Michigan,48317,2,Florida,Ft Lauderdale,2,0,4,5,4,6,1,,,,,,2,3,,,,,1,,,,
58f7ec594bf83e000199f2e9,7/25/25 12:36,410,,,1,,29,1,5,,1,4,,1,1,,,,,,7,1,,,1,1,5,1,1,5,5,4,5,1,1,2,2,2,2,2,1,2,4,3,2,0,1,35000,70000,2,100000,45000,72000,120000,1,200000,90000,95000,0,95000,0,95000,2,1,0,0,0,0,0,0,3,1,5,3,2,4,5,2,5,1,2,1,1,3,3,5,,1,,1,,,0,0,,,,,,,1,,1,1,California,90034,3,Vermont,Burlington,2,5,7,8,8,7,1,,,,,,3,3,1,,,1,,,,,
67155947b83a6aee15acbc0d,7/25/25 12:37,2619,1,1,.89999998,,28,1,4,1,,3,,,,,,,,,4,,1,,3,3,4,4,3,4,4,3,3,2,4,3,3,3,2,2,2,2,2,3,4,0,1,55000,100000,2,120000,80000,110000,300000,2,350000,280000,110000,1,80000,1,300000,5,5,0,2,2,0,0,0,4,2,5,1,4,3,4,5,4,2,4,4,1,1,2,4,,1,,1,,,2,4,,,,,,,1,,1,1,Georgia,30230,3,Georgia,Atlanta,3,2,6,9,4,4,1,,,,,,1,1,,1,,,1,,,1,The study was interesting
67367d0a333a8316c597fe24,7/25/25 12:37,1582,,,.80000001,,28,1,5,1,,5,,1,1,,,,,,4,,1,,4,5,4,4,5,2,1,2,1,2,4,3,4,2,3,3,2,2,3,3,4,0,1,55000,250000,2,250000,80000,85000,350000,2,350000,150000,90000,1,150000,1,180000,3,4,0,0,2,0,0,0,4,3,4,1,5,2,2,4,5,2,3,4,3,3,2,3,,1,,1,,,1,2,,,,,,,1,,1,1,New York,10956,2,Texas,Amarillo,1,0,6,7,6,6,1,,,,,,1,1,,1,,,1,,1,,
5ebc6d34046b2a0bc9f2b3b8,7/25/25 12:38,661,,,1,,28,1,5,1,,5,1,,,,,,,,7,,,1,1,1,4,2,1,5,5,4,5,4,4,1,2,1,1,1,1,1,4,4,1,0,1,28000,35000,1,40000,30000,28000,35000,1,40000,30000,42000,0,38000,0,40000,2,1,0,0,0,0,0,0,4,1,4,2,5,3,5,1,5,1,2,1,2,2,4,5,,,1,1,,,0,0,,,,,,,1,,1,1,Oklahoma,73072,2,Oklahoma,Claremore,1,0,4,4,2,3,,,,,1,,3,3,,,,1,,,,,none 
66ba9cd5343e159bdc8691ad,7/25/25 12:38,1476,,,1,,23,1,4,,1,3,,,,,,,,,6,,,1,3,4,5,4,2,4,4,5,5,2,1,1,2,5,2,3,2,3,4,4,3,0,1,45000,100000,1,150000,50000,140000,230000,1,250000,155000,130000,1,160000,1,160000,6,3,0,0,0,0,0,0,4,1,4,2,3,5,3,4,5,3,4,2,3,3,3,1,1,,,,,1,0,2,,,,,,,1,,1,1,Tennessee,37601,2,Mississippi,Hernando,1,0,3,3,3,7,1,,,,,,2,2,,1,,,1,,1,,Thanks for the opportunity!
661a98854b5b5e468aaa5295,7/25/25 12:38,560,,,.89999998,,27,1,5,,1,5,,,1,,,,,,7,,1,,1,1,5,1,1,5,5,5,5,5,1,2,1,1,1,2,1,3,1,2,2,1,1,9000,40000,1,10000,5000,,40000,1,20000,10000,70000,0,50000,0,70000,6,10,0,2,2,0,0,2,4,1,2,3,5,4,4,1,1,4,5,1,1,1,4,5,,1,,,1,,0,0,,,,1,,,,,1,1,Texas,79907,2,Texas,El Paso,2,0,3,3,7,6,,1,,,,,3,3,1,,,1,,,,1,
67e2ec1e3ccfcc02f94d6351,7/25/25 12:38,1705,,,1,,27,1,5,,1,3,,,,,,,,,5,,,1,5,2,4,4,5,3,4,4,4,1,4,2,4,2,2,2,2,2,2,3,3,0,1,75500,90000,1,90000,60000,75500,90000,1,90000,60000,80000,1,200000,1,300000,4,3,0,0,2,0,2,0,2,5,4,1,3,2,4,3,4,2,3,2,3,4,4,4,1,,,,,,1,2,,,,1,,,,,1,1,California,90247,3,California,Gardena,3,4,6,7,5,5,,1,,,,,3,3,1,,,1,,,,,N/A
66f02f508e8473f0362ed99e,7/25/25 12:39,2988,,,1,,29,1,5,1,,4,,1,1,,,,,,6,,,1,2,2,5,3,2,5,4,2,3,2,4,2,4,1,1,3,2,4,4,3,3,0,1,65000,20000,3,180000,140000,96000,300000,2,400000,250000,80000,0,180000,1,180000,3,6,0,0,0,0,0,0,2,2,4,1,5,3,2,4,5,1,4,4,3,2,1,1,1,,,1,,,2,3,,,,,,,1,,1,1,New York,10009,3,New York,Littleton,2,4,6,7,6,6,1,,,,,,3,1,,1,,,1,,,1,
6527f153bea7b2d7c0d556e4,7/25/25 12:39,907,,,1,,20,1,4,1,,3,,,,,,,,,6,,1,,3,4,5,4,2,3,5,2,5,2,5,1,2,1,2,3,3,3,1,3,4,0,1,80000,75000,2,90000,90000,125000,100000,2,175000,110000,75000,0,80000,1,70000,2,1,0,0,2,0,0,0,2,1,2,3,5,4,4,2,4,4,2,3,4,2,2,3,1,,,,,1,0,1,,1,,,,,,,1,0,California,93930,2,California,King City,2,3,6,7,6,3,,1,,,,,3,3,1,,,,,,,,
6685abbd83e060274844e7f2,7/25/25 12:39,2272,,,1,,20,0,5,1,,3,,,,,,,,,7,,,1,1,1,4,4,3,5,5,2,3,1,3,1,2,5,1,3,1,1,1,1,2,1,1,30000,300000,3,500000,200000,,700000,1,1000000,300000,70000,1,200000,1,300000,1,1,2,2,2,0,0,2,3,4,1,3,2,5,3,5,4,2,4,1,2,2,2,3,1,,,,1,,0,3,,,1,,,,,,0,0,Utah,84119,2,Utah,South Salt Lake,2,2,4,4,1,1,1,,,,,,1,1,,1,,,,,,1,
5f11f98efbaf2b0ef855ec6b,7/25/25 12:39,616,,,1,,26,1,4,,1,3,,,,,,,,,5,,1,,1,1,4,1,3,5,5,4,5,4,2,2,3,1,2,2,2,3,2,2,4,0,1,110000,180000,2,200000,120000,190000,300000,3,400000,250000,250000,1,300000,1,300000,5,1,0,0,0,0,0,0,2,1,2,4,5,3,2,2,5,3,3,4,2,1,1,1,,1,,,1,,0,2,,,,,,,1,,1,1,Michigan,48313,2,Michigan,Harrison Twp,2,0,6,7,5,3,1,,,,,,3,3,1,,,1,,,,,
65f1d783d4cbe20c636b813c,7/25/25 12:39,404,,,1,,28,1,3,,1,3,,,,,,,,,6,,1,,2,2,5,5,3,3,4,4,5,1,5,2,2,1,1,1,-1,3,3,3,2,0,1,15000,20000,1,35000,10000,15000,15000,1,25000,10000,30000,0,35000,0,35000,1,1,0,0,0,0,0,0,4,4,2,1,5,3,4,2,2,1,2,1,1,1,1,5,1,,,,,1,0,-1,,,,,,,1,,1,1,Massachusetts,01201,3,Massachusetts,Pittsfield,3,0,3,3,2,2,,,,,,1,2,2,,1,,,1,,,,
6400dc9f84ed19aeedc1a2cc,7/25/25 12:39,754,,,.89999998,,27,1,5,,1,3,,,,,,,,,7,1,,,1,1,4,3,1,5,5,4,5,1,5,1,2,1,2,2,3,3,4,2,1,0,1,5000,80000,1,40000,5000,15000,90000,1,75000,15000,35000,0,35000,0,45000,2,2,0,0,0,0,0,0,4,1,2,4,5,3,4,3,2,3,1,2,3,1,2,5,1,,,,,1,0,0,,,,,,,1,,1,1,California,95361,1,California,Oakdale,1,0,3,3,3,1,,,,,,1,1,3,,1,,,1,,,,
5ec75df0d799ae1c11a8115c,7/25/25 12:40,909,,,1,,25,1,5,,1,5,,,1,1,,,,,7,,,1,1,1,5,2,1,5,5,5,5,1,1,2,3,-1,2,2,1,2,2,4,3,0,1,40000,60000,2,90000,30000,120000,140000,1,170000,70000,60000,1,90000,1,90000,10,6,2,2,2,0,2,2,2,2,4,5,3,1,4,2,5,2,4,4,2,2,2,3,,1,,,,1,0,2,,,,,,,1,,1,1,Maine,04429,2,Maine,Holden,2,0,7,9,7,7,1,,,,,,3,3,1,,,1,,,,,
670aec495e6ccc7bdc9059a9,7/25/25 12:40,514,,,1,,29,1,5,1,,3,,,,,,,,,3,,1,,1,1,4,2,2,5,4,2,4,2,2,2,4,2,-1,2,2,2,2,3,2,1,0,10000,10000,2,80000,10000,,,,,,40000,0,40000,0,50000,1,6,0,0,0,0,0,0,4,1,2,5,4,3,5,2,2,3,1,1,1,1,1,4,1,,,,,1,0,0,,,,,,,1,,1,1,California,93536,2,California,Lancaster,2,0,6,6,7,2,,,,,,1,3,3,1,,,,,1,,,
677aefb67112f646f3fc77f6,7/25/25 12:40,1231,,,.89999998,,27,1,4,1,,3,,,,,,,,,6,1,,,2,3,4,3,3,3,4,4,4,2,4,4,3,-1,-1,2,2,3,3,3,4,0,1,220000,450000,2,400000,350000,350000,600000,2,700000,576000,355000,1,500000,1,600000,1,3,0,0,0,0,0,0,4,5,4,2,3,1,2,4,5,1,4,4,2,4,2,1,1,,,1,,,1,3,,,,,,,1,,1,1,Virginia,23407,2,New York,New York,3,0,7,8,6,6,1,,,,,,1,1,,1,,,1,,,,
664fb29fef3c8b6b50699b76,7/25/25 12:42,826,,,.69999999,,24,1,4,1,,4,,1,,,,,,,6,,1,,4,4,3,2,4,3,3,1,3,2,4,4,4,2,-1,2,3,3,2,3,3,0,1,1000,1000,1,100,0,25000,30000,2,20000,15000,25000,1,60000,1,70000,6,6,0,2,2,0,0,2,3,2,5,3,4,1,4,2,4,2,3,2,4,4,2,3,1,,,,,1,0,2,,,,1,,,1,,1,0,Texas,77522,1,Texas,barbers hill,1,2,4,6,6,7,,,,1,,,2,2,,,,,,,,,
67ace42882d70fcfce17e717,7/25/25 12:42,778,,,.60000002,,28,1,5,,1,4,,,1,,,,,,6,,1,,1,3,4,1,3,5,5,3,4,1,1,2,2,5,2,3,2,2,2,3,4,0,1,10000,20000,1,20000,15000,90000,90000,2,100000,90000,12000,0,12000,0,15000,5,5,0,0,2,0,0,0,2,1,4,3,2,5,5,3,5,2,4,2,3,1,2,3,,1,,1,,,0,0,,,,1,,,,,1,0,Idaho,83274,1,Idaho,Idaho falls,2,0,3,5,3,2,,,,,1,,2,2,,,,,,,,,
5e30dc949b1c9a0e5c6e3b4c,7/25/25 12:42,889,,,1,,28,1,5,,1,5,,,1,1,,,,,7,1,,,1,1,5,1,1,5,5,5,5,1,1,1,1,1,1,1,1,2,2,2,1,0,1,3036,80000,2,120000,10000,6072,200000,1,150000,10000,200000,1,250000,0,200000,5,1,0,2,2,0,0,0,2,1,2,4,5,3,5,3,1,4,1,1,4,3,4,5,,1,,1,,,1,0,,,1,,,,,,1,0,Oregon,97201,3,Texas,Killeen,2,2,5,5,3,3,,,,1,,,3,3,1,,,1,,,,,N/A
6000cfb6be1cd0204ed257c7,7/25/25 12:43,1400,,,1,,29,1,5,,1,5,,,,1,,,,,7,1,,,1,1,5,1,1,5,5,5,5,1,1,1,1,1,1,1,1,4,4,3,2,0,1,36000,40000,2,50000,32000,42000,50000,2,55000,34000,75000,1,80000,1,82000,6,1,0,2,2,0,0,0,4,1,2,4,5,3,5,1,4,3,3,1,4,5,3,5,,1,,1,,,1,1,,,,,,,1,,1,1,North Carolina,28092,2,Pennsylvania,Warren PA,1,0,4,4,3,3,1,,,,,,3,3,1,,,1,,,,,"No issues, survey length was great for the amount paid."
5eea72b814742d10f8cb37fe,7/25/25 12:43,493,,,1,,24,1,4,,1,4,,1,1,,,,,,6,,1,,2,2,4,4,4,4,4,3,5,3,3,4,4,1,1,2,2,3,4,4,2,0,1,0,95000,2,110000,80000,140000,150000,2,160000,140000,110000,1,100000,1,110000,2,1,0,2,2,0,0,2,3,2,4,3,1,5,3,2,3,3,2,3,2,2,2,4,1,,,,,1,0,2,,,,,,,1,,1,1,California,92677,2,California,Laguna Niguel,2,3,6,7,6,6,,,,1,,,2,2,,,,,,,,,
63d3f98237a95683bfa381e3,7/25/25 12:43,633,,,1,,27,0,5,1,,2,,,,,1,1,1,,2,1,,,2,4,5,2,1,4,5,3,5,1,4,3,4,5,3,3,2,3,2,4,4,0,1,66060,100000,2,110000,85000,122000,170000,2,175000,150000,120000,1,145000,0,150000,2,5,2,2,2,0,2,2,2,1,2,4,5,3,2,2,4,3,4,2,2,2,1,1,,1,,,1,,0,1,,,,,,,1,,1,1,New York,14606,2,New York,Rochester,2,0,7,7,6,6,1,,,,,,3,2,1,,,1,,,,,
67d48133208e9bbe96dc6761,7/25/25 12:43,1864,,,.89999998,,23,0,2,,1,5,,1,,,,,,,1,,1,,5,5,4,5,5,1,1,1,1,1,5,2,4,2,2,3,3,3,3,3,3,1,1,65000,100000,1,150000,40000,,120000,1,180000,40000,30000,1,40000,1,40000,2,5,0,0,0,0,0,0,3,1,2,4,5,3,4,3,4,3,4,2,3,2,2,4,,1,,,,1,0,2,,,1,,,,,,1,0,Texas,78664,2,Texas,Killeen,2,0,6,7,3,3,,1,,,,,1,1,,1,,,1,,,,
66f1b4e2d875c6785ca1d50a,7/25/25 12:44,558,,,1,,22,0,3,1,,3,,,,,,,,,2,1,,,1,4,5,5,1,1,1,2,4,1,5,3,4,2,2,3,2,2,2,3,2,1,1,10000,0,1,80000,0,,1300000,1,200000,30000,8000,1,130000,1,140000,1,1,0,0,0,0,0,0,4,1,2,5,3,4,4,2,2,3,2,1,2,1,3,4,,1,,,,1,0,4,,,,,,,1,,1,1,Utah,84104,3,Utah,Mapleton,2,0,4,4,1,4,,,,,,1,1,1,,1,,,,,,,
6500a84f0a4f87687fa51a20,7/25/25 12:45,779,,,1,,25,1,5,1,,5,,1,1,,,,,,6,,1,,2,1,5,3,1,5,5,4,5,2,1,2,3,4,2,2,2,3,3,3,2,0,1,19700,60000,1,75000,20000,95000,108000,1,120000,78000,65000,1,150000,1,170000,2,3,2,2,2,0,2,2,2,1,2,4,5,3,4,3,2,2,2,3,2,2,3,4,1,,,,,1,0,2,,,,,,,1,1,1,0,New York,11435,3,New York,Jamaica,3,3,6,9,3,5,,,,1,,,3,3,,,,,,,,,It may have felt left-wing biased but in hindsight that was just my own views and how I viewed the answers to the questions.
5e38d8e9dc4a340fe4a9dd4e,7/25/25 12:46,535,,,1,,27,1,5,1,,5,,1,1,1,,,,,2,1,,,1,1,4,2,1,5,5,5,5,4,4,2,3,1,2,2,2,3,3,3,3,1,1,55000,150000,1,250000,80000,,250000,2,500000,150000,80000,1,150000,1,150000,6,4,0,0,2,0,0,2,4,1,2,3,5,4,2,3,5,2,2,3,2,2,2,4,1,,,,,1,0,3,,,,,,,1,,1,1,Florida,33716,3,Ohio,Poland,2,0,6,7,6,3,1,,,,,,3,3,1,,,,1,,,,
666dd3d9e53e0ff59d7cc164,7/25/25 12:46,769,,,1,,21,1,5,,1,3,,,,,,,,,4,,1,,2,1,5,4,-1,5,5,2,4,-1,1,2,4,1,2,2,-1,3,1,2,2,0,1,0,40000,1,30000,15000,29000,60000,1,20000,25000,90000,1,50000,0,70000,6,6,0,0,2,0,0,0,4,1,4,2,3,5,4,2,3,3,2,1,2,2,3,5,,1,,,,1,0,2,,,,1,,,,,1,0,California,92114,3,California,San Diego,3,2,4,5,3,1,,,,1,,,3,3,1,,,,,,,,
67f1cc26973bd7f41512c209,7/25/25 12:47,1764,,,1,,24,0,3,,1,1,,,,,,1,1,,1,,1,,5,5,5,5,3,5,1,2,4,2,4,1,2,4,2,3,3,2,3,3,2,0,1,55000,120000,2,130000,110000,105000,210000,2,220000,200000,130000,1,220000,1,280000,4,6,0,2,2,0,0,0,2,3,2,1,5,4,1,5,5,1,4,3,2,2,2,1,,1,,1,,,0,3,1,,,1,,,,,1,1,Pennsylvania,18704,2,Pennsylvania,Wilkes-Barre,2,0,6,8,3,3,1,,,,,,1,1,,1,,,1,,1,,Everything was just fine.
67cdf158555dc24e9c13714a,7/25/25 12:49,890,,,1,,28,0,3,1,,2,,,,,,1,,,4,,1,,4,5,5,5,3,2,2,1,1,2,5,4,5,3,2,3,3,3,3,3,4,1,1,98000,155000,3,160000,125000,,200000,2,220000,200000,90000,1,100000,1,200000,5,7,0,0,2,0,0,0,2,2,3,1,5,4,2,5,5,1,4,4,1,1,2,3,1,,,,,1,1,3,,,1,,,,,,1,1,Texas,75901,3,Texas,Lufkin,3,0,6,7,3,3,1,,,,,,2,1,,1,,,1,,,,
668eb3e2f884ec496957752e,7/25/25 12:51,672,,,.89999998,,25,1,5,,1,3,,,,,,,,,5,,1,,1,4,5,2,1,5,5,4,4,1,3,3,4,1,-1,-1,1,2,3,4,1,0,1,6000,40000,1,25000,10000,206000,280000,2,220000,200000,170000,0,170000,0,170000,1,1,0,2,2,0,0,0,4,1,3,2,5,4,5,2,1,4,3,1,4,1,4,5,,1,,,1,,0,0,,,,,,,1,,1,1,Tennessee,37877,1,Arizona,Phoenix,2,0,3,4,4,7,,1,,,,,3,3,1,,,1,,,,,
5d6513f46f5284000118ef1d,7/25/25 12:52,810,,,1,,26,1,5,1,,3,,,,,,,,,7,,,1,1,1,5,3,1,5,5,4,5,1,2,1,2,2,1,2,2,2,2,2,3,0,1,55000,75000,1,80000,65000,75000,110000,1,125000,100000,50000,0,85000,0,85000,2,5,0,0,2,0,0,0,4,3,1,4,5,2,4,2,4,3,3,2,2,2,2,3,1,,,,1,,0,-1,,,,,,,1,,1,1,Pennsylvania,19129,3,Pennsylvania,Philadelphia,3,3,5,6,3,3,1,,,,,,3,3,1,,,1,,,,,I enjoyed the survey and didn't experience any issues with it.
610868b46d31887395d251ed,7/25/25 12:53,896,1,,.2,,28,1,5,1,,4,,,1,1,,,,,2,,1,,1,1,5,1,1,5,5,5,5,1,1,2,3,1,2,3,2,2,3,2,3,1,0,25000,67000,2,70000,65000,,,,,,67000,0,60000,0,60000,5,5,0,0,2,0,0,0,4,3,4,5,1,2,4,1,5,2,4,1,1,2,2,3,,1,,,,1,0,0,,,,,,,1,,1,1,Kentucky,40517,3,Kentucky,Corbin,2,0,7,7,3,5,1,,,,,,3,3,1,,,1,,,,,
660604f1a9c44af2909516f6,7/25/25 12:56,757,,,.69999999,,28,1,5,,1,3,,,,,,,,,7,,1,,1,1,5,-1,-1,5,5,-1,5,-1,5,1,1,-1,-1,-1,-1,3,3,3,3,0,1,105000,120000,1,115000,100000,95000,115000,1,120000,100000,120000,1,105000,1,110000,10,1,0,0,0,0,0,0,3,1,2,3,5,4,5,3,4,3,3,2,3,2,2,1,1,,,1,,,2,2,,1,,,,,,,1,0,California,95210,2,California,Stockton,2,3,6,6,3,4,1,,,,,,2,1,,1,,,1,,,1,
66758c5d9c0f86c72897d4a6,7/25/25 13:00,489,,,.69999999,,21,1,4,,1,4,,1,,,,,,,6,,,1,3,3,4,4,2,5,4,4,5,3,1,2,3,2,3,3,3,3,3,3,4,0,1,26000,50000,2,100000,20000,26000,50000,2,100000,20000,20000,0,20000,0,50000,1,3,0,0,0,0,0,0,5,1,2,4,5,3,4,5,5,2,3,4,1,1,1,5,1,,,,,1,0,0,,,,,,,1,,1,1,Massachusetts,02359,2,Massachusetts,Pembroke ,2,3,3,5,6,6,1,,,,,,1,1,,1,,,,,,,
663a76878c91660487934528,7/25/25 13:10,628,,,1,,22,1,4,1,,5,,,1,,,,,,6,,1,,1,3,5,5,5,5,5,4,5,1,1,2,2,2,-1,-1,-1,3,4,4,4,0,1,72000,60000,2,80000,80000,72000,60000,1,80000,80000,40000,0,55000,1,55000,4,7,0,0,0,0,0,0,2,3,1,5,2,4,5,4,4,3,3,2,3,2,3,3,,1,,,,1,0,-1,,,1,,,,,,1,1,Texas,75115,2,Texas,Texas,2,2,4,7,,,,,1,,,,3,3,1,,,,,,1,,
5e0e14d3ecb3ea56d7be5995,7/25/25 13:13,663,,,1,,27,1,5,,1,5,,,1,,,,,,7,1,,,1,1,4,2,1,5,5,4,5,1,2,2,3,2,1,2,1,1,2,2,2,0,0,29000,45000,1,52000,38000,100000,,,,,105000,0,110000,0,110000,1,1,0,0,2,0,0,0,4,1,5,2,3,4,5,1,1,4,3,2,2,2,5,5,1,,,,,1,0,0,,,,,,,1,,1,1,Pennsylvania,18011,2,Pennsylvania,"Easton, PA",3,0,6,6,4,6,1,,,,,,3,3,1,,,1,,,,,
6824de5d2062f6727f41d51d,7/25/25 13:23,2147,1,,.5,,22,1,5,1,,5,,1,1,,,,,,7,,,1,1,2,5,2,1,5,5,4,5,1,1,2,3,1,2,2,2,3,2,2,3,0,1,74000,100000,2,140000,90000,145000,175000,2,230000,140000,100000,1,130000,1,140000,6,5,0,0,2,0,0,2,4,5,4,2,1,3,4,3,4,1,4,3,2,2,3,4,1,,,,1,,1,4,,,,,,,1,,1,1,Texas,78572,3,Texas,Mission,2,3,6,7,6,6,1,,,,,,1,1,,1,,,1,,,,Everything was clear
6713eb5e48cc2fd21195379f,7/25/25 13:29,1308,,,1,,28,1,4,,1,3,,,,,,,,,6,1,,,1,1,5,5,4,3,5,5,5,4,4,3,3,1,2,2,2,2,2,3,3,0,1,80000,40000,2,110000,100000,100000,115000,2,90000,80000,50000,1,60000,1,65000,10,1,0,0,1,0,0,0,4,1,5,4,2,3,3,3,4,2,3,3,3,2,3,1,,1,,1,,,0,2,,,,,,,1,,1,1,Mississippi,39110,3,Mississippi,"Morton, MS",1,0,6,6,3,4,1,,,,,,2,2,,1,,,1,,,,Thank you for the opportunity. 
66c5118758e462c3fe742d2a,7/25/25 13:33,2447,,,1,,29,1,3,,1,3,,,,,,,,,2,1,,,2,2,4,4,3,4,3,4,3,3,3,3,3,3,2,2,3,3,3,3,3,0,1,45000,70000,2,150000,20000,95000,120000,2,150000,25000,80000,0,150000,0,170000,3,6,0,0,0,0,0,0,3,2,4,1,5,3,3,3,4,4,3,3,3,3,3,4,,1,,1,,,2,2,,,,,,,1,,1,1,Kentucky,40517,3,Kentucky, LEXINGTON,3,4,6,9,6,6,1,,,,,,1,1,,1,,,1,,,,NA
65390c1abdfe1fd0b200ac11,7/25/25 13:41,472,,,.80000001,,27,1,3,,1,3,,,,,,,,,6,,,1,2,4,5,2,3,5,4,1,5,4,2,2,2,1,1,1,1,1,1,2,2,0,1,30000,40000,1,60000,20000,50000,60000,1,70000,30000,50000,1,60000,0,60000,1,1,0,0,0,0,0,0,4,1,5,4,2,3,4,1,2,3,2,1,4,2,5,5,,1,,1,,,1,2,,,,,,,1,,1,1,Alabama,36345,1,Tennessee,Knoxville ,3,0,3,3,2,3,1,,,,,,2,2,,,,,,,,,
6631c81d02613792bbd46b50,7/26/25 10:02,531,,,1,,28,0,4,1,,4,,,1,,,,,,6,1,,,2,4,3,3,2,4,4,4,4,3,5,1,2,2,2,2,3,3,3,5,4,1,1,115000,175000,2,225000,150000,,275000,2,350000,200000,100000,1,200000,1,225000,4,1,0,2,2,0,0,2,2,1,3,2,5,4,2,2,5,1,2,2,2,1,1,1,1,,,,,1,0,2,,,,,,,1,,1,1,Georgia,30813,2,Maryland,Baltimore,3,0,6,7,6,6,1,,,,,,2,2,,1,,,,,,,
60fca6fcaae0897c708e0390,7/26/25 10:03,757,,,1,,25,1,5,,1,3,,,,,,,,,2,,1,,1,1,5,2,2,5,5,5,5,1,1,2,2,1,1,2,2,2,2,2,3,0,1,25000,75000,2,80000,65000,40000,120000,1,130000,90000,65000,0,200000,0,200000,1,1,2,2,2,0,2,2,2,1,3,5,4,2,3,1,4,2,3,1,2,2,3,4,,1,,,,1,0,0,,,1,,,,1,,1,1,Virginia,23701,2,Virginia,Chesapeake,2,0,6,7,4,6,1,,,,,,3,3,1,,,1,,,1,,
6659f9e3a0069ed062201e7b,7/26/25 10:26,597,,,.80000001,,19,1,5,1,,5,,,,1,,,,,7,,,1,2,1,5,2,2,4,4,4,5,2,2,2,4,2,3,3,3,2,4,4,3,0,1,15000,150000,2,200000,100000,148000,200000,1,250000,150000,100000,1,90000,1,100000,3,2,0,2,2,2,0,0,2,2,5,1,3,4,4,5,4,2,4,2,3,2,2,3,1,,,,,1,0,2,,,,,,,1,,1,1,Texas,77494,2,Texas,Katy,2,3,4,7,6,6,,1,,,,,3,3,1,,,,,,,,
67292853b40a883abd4ec808,7/26/25 10:28,971,1,,.2,,28,1,3,,1,3,,,,,,,,,5,,1,,4,2,5,5,4,3,2,1,1,1,5,4,5,1,1,2,2,3,2,4,3,1,1,140000,240000,3,300000,180000,,400000,3,600000,180000,140000,1,300000,1,350000,3,1,0,2,2,0,0,0,4,1,2,4,3,5,2,5,4,3,3,4,3,2,3,4,1,,,,,1,0,3,,1,,,,,1,,1,0,California,94803,3,California,Richmond,3,0,6,6,6,6,1,,,,,,1,2,,1,,,1,,1,,
60fd12b459a8dcda3d177cdd,7/26/25 10:57,1154,,,.80000001,,29,1,5,1,,4,,1,,,,,,,6,1,,,1,2,4,2,2,4,5,5,5,4,1,1,2,1,2,2,2,2,1,2,2,0,1,20000,70000,2,70000,50000,50000,100000,1,80000,60000,80000,0,80000,1,100000,2,5,0,0,2,0,0,0,4,4,2,5,3,1,2,2,5,2,3,2,3,2,5,5,,1,,,,1,0,-1,,,,1,,,,,1,0,Texas,77590,2,Texas,Texas City,2,0,6,7,2,2,,1,,,,,3,3,1,,,1,,,,,
665cf223d67bd4a640b8f391,7/26/25 11:03,867,,,1,,25,1,5,,1,5,,1,,,,,,,7,,,1,1,1,5,2,1,5,5,5,5,1,1,2,1,1,1,1,2,2,1,2,3,0,1,10000,40000,2,30000,30000,70000,110000,1,110000,90000,70000,0,70000,0,70000,6,1,0,0,0,0,0,0,4,1,3,2,5,4,5,1,4,4,2,2,3,2,4,4,,1,,,1,,0,0,,,,1,,,,,1,0,Wisconsin,53222,3,Florida,Palm Beach,2,3,5,7,6,6,,1,,,,,3,3,1,,,1,,,,,Thank you for the opportunity to take this survey. 
6506462fb5631ff9b1772a4e,7/26/25 11:25,900,,,1,,28,1,4,1,,4,,1,,,,,,,4,,1,,1,2,5,4,1,4,5,2,4,1,3,3,3,1,2,2,2,2,1,2,3,0,1,40000,75000,2,225000,18000,120000,200000,2,325000,60000,30000,0,50000,0,50000,3,5,0,0,2,0,0,0,4,2,3,5,1,4,4,2,2,3,4,3,2,2,2,4,,1,,,1,,0,0,,,,1,,,,,1,0,California,91744,3,California,La Puente,3,0,6,6,5,2,,,1,,,,3,3,,,,1,,,,,
668f5c308e23cd8a217c5dfe,7/26/25 7:47,873,,,1,,19,0,2,,1,3,,,,,,,,,2,1,,,5,5,4,5,4,3,1,1,1,1,5,3,3,4,2,3,3,1,2,4,3,0,1,0,150000,3,170000,100000,300000,200000,2,400000,200000,200000,1,250000,1,300000,1,3,0,2,2,0,0,0,2,3,2,1,5,4,2,3,2,1,5,2,1,2,3,4,1,,,,,1,0,2,,,,,,,1,,1,1,Pennsylvania,18036,2,Pennsylvania,Coopersburg,2,3,4,7,6,6,,,,1,,,1,1,,1,,,,,,1,
6550de88683355a74699844c,7/26/25 7:48,938,,,1,,27,1,5,1,,5,1,1,1,,,,,,7,,,1,2,4,5,4,1,5,5,4,4,4,2,2,3,4,1,3,-1,2,1,2,1,0,1,20000,60000,2,60000,30000,50000,60000,2,60000,40000,60000,1,80000,1,80000,5,5,0,2,2,0,0,2,2,2,1,5,3,4,4,1,2,3,4,1,2,2,2,3,,1,,,1,,1,2,,,,,,,1,,1,1,West Virginia,25404,2,Rhode Island,Westerly,2,0,3,3,3,3,,,,,1,,2,2,,,,,,,,,
66f3450fb12fbe704d828928,7/26/25 7:48,1033,,,.80000001,,21,0,4,,1,3,,,,,,,,,6,,,1,1,1,5,1,4,5,1,2,4,1,5,2,4,2,2,3,2,3,3,3,3,1,1,51000,100000,2,100000,50000,,100000,2,10000,50000,30000,1,60000,1,70000,1,1,2,2,2,0,0,2,4,1,2,4,3,5,2,3,3,3,3,2,2,4,3,2,1,,,,,1,0,3,,,,,,,1,,1,0,Texas,77024,2,Texas,Houston,2,0,3,3,6,,1,,,,,,1,1,,1,,,,,,,
662d7fba32d6a738b194d893,7/26/25 7:48,729,,,1,,29,0,4,,1,4,,,1,,,,,,5,,,1,2,3,4,3,2,4,3,3,3,2,3,2,4,5,1,2,2,1,1,2,3,0,1,55000,105000,2,120000,78000,110000,200000,2,230000,160000,140000,1,150000,1,165000,1,1,0,0,2,0,0,0,3,1,3,2,5,4,3,3,4,2,3,3,2,2,2,3,1,,,,,1,0,2,,,,1,,,,,1,0,California,93030,2,California,Oxnard,2,3,5,6,3,3,1,,,,,,2,2,,1,,,1,,,,
5db3318476478d000fcfa0eb,7/26/25 7:48,607,,,.89999998,,27,1,4,1,,2,,,,,,1,1,,5,1,,,1,1,5,4,3,4,4,2,4,2,5,2,3,1,2,3,2,2,4,3,4,0,1,85000,250000,3,350000,150000,1250000,350000,2,400000,250000,90000,1,150000,1,175000,7,3,0,0,2,0,0,0,3,2,1,5,3,4,2,4,4,1,4,4,2,2,1,3,1,,,,,1,0,3,,,,,1,,1,,1,0,Maryland,21043,2,Maryland,Baltimore Maryland,3,4,6,7,6,4,1,,,,,,1,2,,1,,,1,,,,
5bd612ce860b840001dc1a74,7/26/25 7:49,671,,,1,,20,0,3,1,,3,,,,,,,,,4,,1,,2,3,5,3,3,4,3,2,3,2,4,2,3,2,2,2,2,1,2,3,3,0,1,5000,45000,1,55000,40000,120000,130000,2,140000,110000,95000,0,40000,0,45000,5,5,0,0,2,0,0,0,4,4,3,5,1,2,4,4,5,1,4,2,1,1,2,3,1,,,,,1,0,-1,,1,,,,,1,,1,0,Wisconsin,54982,1,Wisconsin,Berlin,1,1,3,6,4,4,,,1,,,,1,1,,1,,,,,,,
67eb0f1c8e1ef0ebf3006adc,7/26/25 7:49,3064,,,.30000001,,22,1,5,1,,5,,,1,,,,,,7,1,,,1,2,5,3,1,5,5,5,5,4,1,1,2,5,1,2,2,1,1,2,2,0,1,10000,13000,2,16000,13000,10000,16000,2,16000,16000,65000,1,65000,0,65000,5,6,0,0,2,0,0,2,2,1,2,5,4,3,5,4,3,3,4,2,2,1,1,4,1,,,,,1,0,2,,,1,,,,,,1,1,North Carolina,28216,3,North Carolina,Charlotte,3,0,7,9,6,6,1,,,,,,1,1,,1,,,,,,,None
676435ad54dbe41c9889fdb7,7/26/25 7:49,819,,,1,,21,1,5,,1,3,,,,,,,,,5,,1,,1,1,5,5,1,5,5,4,-1,-1,1,2,2,1,1,-1,1,1,3,1,2,0,1,25000,55000,1,65000,35000,60000,65000,2,80000,60000,80000,0,65000,0,65000,5,5,0,2,2,0,0,0,3,1,3,2,5,4,4,3,2,3,2,1,2,1,4,5,,,1,,,1,0,0,,,,,,,1,,1,1,Kentucky,40223,2,Kentucky,Louisville,2,0,3,6,4,6,,,1,,,,3,3,1,,,,,,,,
61489a7c8f9dfcc9f78b7c36,7/26/25 7:49,1362,,,.89999998,,27,1,5,,1,5,,1,1,,,,,,7,1,,,1,1,5,1,1,5,4,5,5,1,1,4,5,1,2,2,1,2,3,3,1,0,1,12000,30000,2,40000,20000,120000,150000,2,175000,100000,120000,0,125000,0,150000,1,1,0,0,0,0,0,0,2,2,1,4,3,5,4,5,4,2,1,4,1,1,2,1,1,,,,,1,0,0,,,,1,,,,,1,1,Arizona,85043,2,Texas,El Paso,2,0,3,3,6,6,,,1,,,,3,3,1,,,1,,,,,thank you for allowing me to contribute.
671e4b927fa293418ae656d8,7/26/25 7:49,601,,,1,,25,0,2,,1,1,,,,,,1,1,,3,1,,,3,4,5,2,2,-1,2,2,4,1,4,2,3,-1,3,3,3,1,3,3,3,0,1,60000,85000,1,120000,65000,120000,190000,1,240000,140000,50000,1,75000,1,75000,1,1,2,2,2,0,2,2,1,2,3,4,5,1,5,2,5,2,4,4,2,1,2,3,,1,,1,,,0,2,,,,,,,1,,1,1,North Carolina,27330,3,North Dakota,minot,3,0,6,6,7,8,1,,,,,,2,1,,1,,,,,,,
66cdcfbb7cf063916d61746f,7/26/25 7:49,712,,,.89999998,,24,1,5,1,,3,,,,,,,,,6,,1,,1,1,5,2,2,5,5,5,5,1,1,2,3,1,2,3,3,3,4,4,4,0,1,120000,180000,2,150000,110000,180000,270000,2,220000,180000,180000,0,250000,0,300000,3,1,0,0,2,0,0,2,4,2,1,3,5,4,1,2,5,1,3,4,3,2,2,3,1,,,,,1,0,0,,1,,,,,,,1,1,New Jersey,08810,2,New Jersey,Dayton ,2,0,6,6,5,6,1,,,,,,3,3,1,,,,,,,,it was very appropriate. i enjoyed taking part.
677da02dc68ea2b62a30b052,7/26/25 7:50,1506,,,1,,23,1,5,1,,3,,,,,,,,,6,,,1,1,1,5,5,5,5,5,1,1,1,1,3,4,2,3,3,3,-1,-1,-1,3,1,0,50000,110000,2,120000,96000,,,,,,100000,0,,1,120000,3,5,0,0,0,0,0,0,2,3,5,2,1,4,3,2,4,1,5,4,1,1,1,2,,1,,,,1,0,3,,,,,,,1,,1,1,Tennessee,38108,3,Tennessee,Memphis,3,0,6,6,6,6,1,,,,,,1,1,,1,,,1,,,1,
67266c0ecff4ab3acc3b5a54,7/26/25 7:50,1325,,,1,,26,1,1,1,,3,,,,,,,,,6,,1,,1,1,5,5,5,5,5,1,1,1,1,-1,-1,1,3,3,3,3,3,3,3,1,0,49000,100000,3,100000,80000,,,,,,80000,0,,1,120000,4,5,0,0,0,0,0,0,3,5,4,2,3,1,4,4,5,1,5,4,1,1,1,2,,1,,,,1,0,-1,,,,,,,1,,1,1,Alabama,36582,3,Alabama,Theodore,2,0,6,6,6,7,1,,,,,,1,1,,1,,,1,,,1,
6578c0ce1348ad8e79a65d0b,7/26/25 7:50,447,,,.89999998,,23,1,5,1,,5,,,1,,,,,,5,,1,,1,1,5,5,1,5,5,5,5,1,1,1,3,1,-1,2,2,2,2,3,2,0,1,5000,100000,1,150000,20000,70000,50000,1,80000,10000,50000,0,70000,0,70000,1,1,0,2,2,0,0,0,4,2,3,5,4,1,5,2,2,2,3,2,2,3,3,4,1,,,,,1,0,0,,,,,,,1,,1,1,Mississippi,39157,2,Mississippi,Ridgeland,2,3,5,6,5,4,,,,1,,,3,3,,,,1,,,,,
5a08c9a7f2e3460001edb063,7/26/25 7:50,685,,,1,,28,1,5,,1,5,,,1,1,,,,,7,1,,,1,1,5,1,1,5,5,5,5,1,1,1,2,2,1,2,1,5,2,4,1,0,1,5000,50000,1,100000,12000,150000,100000,1,250000,12000,24000,1,100000,1,100000,1,1,0,0,2,0,0,0,5,2,1,5,3,4,4,3,1,4,4,1,3,4,4,5,,1,,,,1,0,3,,,,,,,1,,1,1,Alabama,35603,2,Alabama,Decatur,2,0,6,7,4,6,,,1,,,,3,3,1,,,1,,,,1,
65e4124826438fd6dc97bd7e,7/26/25 7:51,994,,,1,,27,1,5,,1,4,1,1,,,,,,,6,,,1,1,2,5,3,1,5,5,5,5,2,1,2,3,2,1,2,2,3,2,3,3,0,1,40000,80000,3,70000,60000,40000,80000,3,70000,60000,50000,0,60000,1,70000,1,3,0,0,0,0,0,0,4,2,4,1,5,3,4,4,4,3,3,2,2,2,3,4,1,,,,,1,0,1,,,1,,,,,,1,1,Mississippi,38671,2,Tennessee,Memphis,3,2,4,6,7,4,,1,,,,,2,1,,1,,1,,,,,
671d33692f7f87f936ad440c,7/26/25 7:51,969,,,.89999998,,29,1,5,,1,5,,1,,,,,,,4,1,,,1,2,5,-1,1,5,5,4,4,4,1,1,2,1,1,1,2,3,2,3,2,1,1,10000,30000,1,60000,15000,,30000,1,60000,15000,30000,0,30000,1,60000,3,2,0,0,0,0,0,0,3,1,2,4,5,3,5,5,1,4,1,1,3,4,5,4,,1,,,,1,0,1,,,,,,,1,,1,1,Texas,76132,2,Texas,DFW,2,2,4,5,6,8,,1,,,,,3,3,,,,1,,,,,
678d97abed191932719e540e,7/26/25 7:52,536,,,1,,22,1,4,1,,4,,1,,,,,,,6,,,1,2,2,4,4,3,4,4,4,4,2,5,3,4,2,2,2,2,3,3,3,2,0,1,10000,120000,2,200000,80000,130000,200000,2,250000,100000,120000,0,120000,0,120000,2,2,2,2,2,0,0,0,2,3,5,1,4,2,4,2,4,3,3,3,2,2,5,3,1,,,,,1,0,-1,,1,,,,,,,1,0,Georgia,30319,3,Connecticut,Hartford,1,3,4,6,6,7,,,,1,,,1,1,,1,,,,,,1,
5c6c7ec01e50ec000147b635,7/26/25 7:52,1514,,,1,,28,1,5,,1,5,,1,,,,,,,6,1,,,1,1,5,1,1,5,5,5,5,1,1,2,2,2,2,2,1,3,3,3,3,0,1,52000,70000,2,75000,60000,100000,137000,2,150000,125000,115000,1,150000,1,150000,3,2,0,2,2,0,0,2,2,1,3,4,5,2,4,1,4,2,2,3,2,2,2,1,,1,,,1,,0,2,,,,,,,1,,1,1,Washington,99217,2,Illinois,Chicago,2,0,6,6,4,5,1,,,,,,3,3,1,,,1,,,,,
65f366dfcb46b71238e9418d,7/26/25 7:52,1015,,,.60000002,,28,1,5,,1,4,,,1,,,,,,7,,1,,1,2,5,4,1,5,5,4,5,1,2,1,3,1,2,3,1,2,2,2,3,0,1,35000,38000,3,40000,30000,70000,75000,2,80000,60000,70000,1,85000,1,100000,1,1,0,0,2,0,0,0,4,2,1,3,5,4,5,3,5,1,2,4,1,1,3,4,1,,,,1,,1,2,,,1,,,,,,1,1,North Carolina,27214,1,North Carolina,Greensboro,3,0,4,5,3,3,1,,,,,,1,1,,1,,,1,,1,,
63f78071721a6cacdd63d835,7/26/25 7:52,1308,,,.89999998,,23,0,3,,1,3,,,,,,,,,4,1,,,1,5,4,2,4,5,3,4,4,2,3,2,2,1,2,3,2,2,2,2,3,0,1,40000,200000,2,200000,120000,75000,350000,2,350000,250000,70000,1,200000,1,200000,2,4,0,0,0,0,0,0,4,2,3,4,5,1,3,5,4,2,3,3,2,1,1,2,1,,,,,1,0,3,,,1,,,,,,1,0,New York,10456,3,New York,New York City,3,4,6,7,3,3,,1,,,,,3,2,,1,,,1,,,,
5f23a4a68105d31888fbece8,7/26/25 7:52,1349,,,1,,25,1,5,,1,5,,,,1,,,,,6,1,,,1,1,5,1,2,4,5,4,5,1,1,2,3,3,1,1,1,1,1,2,1,0,1,7000,35000,3,40000,20000,60000,80000,1,100000,65000,32000,0,40000,0,40000,3,3,0,2,2,0,0,0,3,2,4,5,3,1,5,2,1,4,1,3,2,2,4,4,,1,,,,1,0,0,,,,1,,,,,1,0,Iowa,50009,2,Iowa,Des Moines,3,0,6,6,4,1,,,,,,1,3,3,,,1,1,,,,,
61521b2b369463cd1515d06b,7/26/25 7:52,711,,,1,,24,1,5,,1,3,,,,,,,,,6,,,1,1,1,5,5,4,5,5,5,5,5,1,2,3,1,2,1,1,1,1,1,2,1,0,30000,40000,1,45000,25000,,,,,,60000,0,60000,0,60000,9,6,0,0,2,0,0,2,4,3,2,4,5,1,4,3,4,3,2,1,3,4,4,4,,1,,,,1,0,0,,,,,,,1,,1,1,Pennsylvania,15344,1,Pennsylvania,jefferson,1,0,3,3,3,3,1,,,,,,3,3,1,,,1,,,,,
61119d87915f1fc896a52108,7/26/25 7:52,511,,,1,,28,0,5,1,,3,,,,,,,,,5,1,,,1,2,4,4,1,5,4,4,4,1,3,2,3,1,2,2,1,3,-1,3,3,0,1,40000,50000,2,45000,30000,35000,40000,2,60000,45000,45000,1,65000,1,65000,4,1,0,0,2,0,0,2,5,4,3,5,2,1,4,1,5,1,3,2,2,1,1,3,,1,,1,,,0,3,,,,,,,1,,1,1,North Carolina,27534,3,North Carolina,Sparta,1,0,4,4,5,5,1,,,,,,1,3,,,,1,,,,,
67805633d6e46840298d6f8c,7/26/25 7:52,866,,,.80000001,,21,1,4,1,,5,,1,1,,,,,,6,,1,,4,5,5,4,2,5,4,5,4,5,5,3,2,2,1,3,2,3,3,3,4,0,1,30000,100000,3,100000,10000,30000,100000,2,100000,10000,30000,1,30000,1,50000,10,8,0,0,0,0,0,0,5,1,5,3,4,2,4,4,4,2,4,2,2,2,1,1,,1,,,,1,0,2,,,1,,,,,,1,1,Maryland,20721,3,Maryland,rockville,3,0,6,6,4,5,,1,,,,,3,3,1,,,1,,,1,,
5ea734f39a31b90ee2f7b8e0,7/26/25 7:53,653,,,1,,28,1,5,,1,3,,,,,,,,,5,,,1,1,1,5,4,1,5,5,5,5,2,4,2,4,2,2,2,2,2,2,3,4,1,1,90000,95000,2,110000,70000,,160000,2,180000,130000,80000,0,150000,0,150000,2,5,0,0,2,0,0,0,2,1,2,4,5,3,3,3,4,3,3,2,2,1,2,3,1,,,,,1,0,0,,,,,,,1,,1,1,Minnesota,55116,3,Wisconsin,Stevens Point,3,0,6,6,3,5,1,,,,,,3,3,1,,,1,,,,,
6202997def1cb18a1337c483,7/26/25 7:53,656,,,.89999998,,22,1,5,1,,4,,,1,,,,,,6,1,,,1,1,5,1,1,5,5,4,4,1,1,2,3,2,2,1,2,3,3,4,4,1,0,70000,100000,2,120000,80000,,,,,,60000,0,90000,0,95000,3,3,0,2,2,0,0,2,2,2,3,4,5,1,4,2,4,3,3,3,2,3,2,5,,1,,,,1,0,0,,,,,,,1,,1,1,Texas,75001,2,Texas,Flower Mound ,2,0,6,7,7,7,1,,,,,,3,3,1,,,,,,,,
673e2d50969a90059ceee55d,7/26/25 7:53,792,,,1,,23,0,4,1,,3,,,,,,,,,1,,1,,3,4,5,4,3,1,2,5,5,3,3,2,3,1,1,3,1,2,1,1,2,1,1,30000,45000,2,35000,25000,,45000,2,45,25000,60000,0,50000,1,80000,3,5,0,0,0,0,0,0,4,1,4,2,3,5,1,2,2,1,5,2,1,1,5,4,1,,,,,1,0,2,,,1,,,,,,1,1,Tennessee,37311,3,Tennessee,Cleveland,3,0,3,3,2,3,1,,,,,,1,1,,,,,,,1,,
5c83394a3e93bf0001e143d6,7/26/25 7:53,422,,,1,,27,1,5,1,,4,,,1,,,,,,6,,,1,1,1,5,3,1,5,5,5,5,1,2,1,2,2,-1,-1,2,2,2,4,3,1,0,40000,120000,1,200000,60000,,,,,,70000,0,90000,0,90000,2,1,2,2,2,2,2,2,3,1,2,4,3,5,4,2,3,4,3,2,2,3,3,5,,1,,,,1,0,0,,1,,,,,,,1,0,Pennsylvania,19130,3,Maryland,Columbia,2,6,6,9,6,9,,,,1,,,3,3,,,1,,,1,,,
678af0a3161e3e871bbade54,7/26/25 7:53,2127,,,1,,25,1,5,,1,5,,,1,,,,,,5,1,,,2,2,5,5,4,5,4,5,4,1,1,3,4,2,3,3,3,3,3,3,4,0,1,50000,60000,2,100000,80000,90000,130000,2,140000,120000,100000,1,120000,1,140000,4,5,0,0,0,0,0,0,2,4,2,1,5,3,3,4,4,3,3,3,4,3,4,3,,1,,,1,,0,3,,,,,,,1,,1,1,Texas,77506,2,Texas,Pasadena,2,0,6,8,5,4,1,,,,,,1,1,,1,,,,,,1,The length was just fine .Thanks for the opportunity to take part in the study.
678d52cb948df9ca4553d069,7/26/25 7:53,742,,,1,,28,0,4,,1,4,,1,1,,,,,,3,,,1,1,4,2,4,4,3,5,2,4,4,5,4,5,2,2,3,3,3,2,4,3,1,1,60000,150000,2,200000,110000,,150000,2,200000,110000,45000,0,110000,0,110000,1,1,1,2,2,0,0,1,2,1,3,2,5,4,2,3,5,3,3,4,2,1,2,3,1,,,,,1,0,0,,,,,,,1,,1,1,Texas,75287,3,Texas,Houston,2,0,6,7,6,6,1,,,,,,2,2,,,,,,,,,N/A
678bc5b43189bf30c2121b6d,7/26/25 7:53,1448,,,.60000002,,18,1,4,,1,3,,,,,,,,,6,1,,,1,2,4,2,2,4,4,2,4,3,3,2,3,3,2,3,2,3,3,3,3,0,1,21000,40000,2,55000,35000,39000,55000,2,60000,50000,30000,0,40000,1,45000,6,4,0,0,0,0,0,0,2,1,2,4,3,5,4,4,4,2,3,2,2,2,2,3,1,,,,,1,0,-1,,,1,,,,,,1,1,Florida,33023,2,Florida,Miami,3,3,3,6,6,6,,1,,,,,2,2,,,,,,,,,
61118b5fd788969295997051,7/26/25 7:53,705,1,,.5,,22,1,5,,1,4,,1,1,,,,,,7,1,,,1,2,5,4,1,5,5,4,5,1,2,1,3,1,2,1,1,3,3,4,2,1,1,15000,90000,1,110000,30000,,150000,1,250000,60000,30000,0,50000,0,60000,3,2,0,0,2,0,0,0,4,2,3,5,4,1,4,2,2,2,5,3,3,2,4,5,,1,,,,1,0,0,,,,,,,1,,1,1,New York,14450,2,Illinois,Grayslake ,2,3,4,7,4,3,1,,,,,,3,3,1,,,,,,,,
6164f968bc130e92452ae058,7/26/25 7:53,1141,,,1,,22,1,4,1,,4,,,1,,,,,,6,1,,,1,1,5,2,2,4,5,4,5,2,2,1,3,2,1,2,1,3,4,2,2,1,1,24000,60000,1,90000,45000,,150000,1,200000,70000,40000,1,100000,1,115000,2,3,0,2,2,0,0,2,4,2,3,5,4,1,2,2,2,3,4,1,2,2,3,4,,1,,,,1,0,3,,,,,,,1,,1,1,California,91325,2,California,Santa Maria,2,0,6,7,6,4,,1,,,,,2,2,1,,,1,,,,,"^ I don't know if the above question about bias is asking If I answered with a left-wing bias or if the survey is constructed with a bias, I answered as if it's asking me the latter."
5ec5a42a646f515ef0e3f68b,7/26/25 7:53,721,,,1,,28,1,4,1,,4,,1,,,,,,,7,1,,,2,2,5,4,4,4,5,5,5,2,4,3,3,4,2,3,2,3,2,4,4,0,1,94000,150000,2,160000,130000,150000,220000,2,250000,200000,200000,0,230000,0,230000,1,2,0,2,2,0,0,0,2,1,2,4,5,3,2,3,2,4,3,4,4,4,3,3,,1,,,1,,0,-1,,1,,,,,,,0,0,New Jersey,07302,3,Georgia,Atlanta,2,0,6,7,6,7,1,,,,,,1,3,1,,,1,,,,,
6758920bdc2f26727aee118a,7/26/25 7:54,1466,,,1,,21,1,4,1,,3,,,,,,,,,6,,,1,2,2,5,3,3,5,4,4,5,1,2,3,3,4,2,2,2,2,2,3,1,0,1,10000,100000,2,70000,60000,60000,200000,2,100000,90000,60000,0,70000,0,70000,10,3,0,0,0,0,0,0,3,2,1,4,5,3,2,3,3,3,3,1,1,2,3,4,,1,,,,1,0,1,,,1,,,,,,1,1,Pennsylvania,19144,3,Pennsylvania,Philadelphia ,3,3,4,5,4,2,,1,,,,,2,3,1,,,,,,,1,
5ed427e3bcd0c00b58a177c0,7/26/25 7:54,736,1,,.1,,28,1,4,,1,3,,,,,,,,,6,1,,,-1,4,4,3,-1,-1,4,-1,-1,-1,3,2,2,-1,1,-1,1,-1,-1,4,2,1,0,15000,16000,1,25000,20000,,,,,,50000,0,40000,0,45000,1,1,0,0,2,0,0,0,3,1,4,2,5,3,4,3,5,4,3,1,3,2,5,1,1,,,,,1,0,-1,,,1,,,,,,1,1,North Carolina,28348,2,North Carolina,Hope Mills,2,0,3,6,4,4,,,,,,1,2,2,,,,,,,,,None.
670b8ba7f21e0948d2babc98,7/26/25 7:54,975,,,1,,25,1,4,,1,5,,1,,,,,,,7,1,,,1,2,4,5,1,5,5,5,5,4,4,1,1,1,1,1,-1,2,-1,1,1,0,1,100,30000,1,45000,10000,30000,60000,1,700000,40000,40000,1,60000,1,60000,10,5,0,0,2,0,0,0,4,1,2,5,4,3,5,2,1,3,2,1,1,2,4,5,,1,,,,1,0,1,,,,,,,1,,1,1,Ohio,44906,3,Ohio,MANSFIELD,3,0,4,6,4,,,1,,,,,1,2,,,,,,,,,
60ee94db81cb621683412b8a,7/26/25 7:54,1279,,,1,,29,1,5,1,,3,,,,,,,,,5,1,,,1,1,5,2,1,5,5,3,5,3,4,2,4,2,3,3,3,1,3,2,1,0,0,40000,300000,3,500000,180000,149000,,,,,140000,1,150000,1,150000,5,1,0,2,2,0,0,0,2,1,2,5,3,4,2,2,2,2,4,3,2,2,2,3,,1,,1,,,1,2,,,,,,,1,,1,1,California,92697,3,New Jersey,Prefer not to answer,2,6,7,9,5,3,,,,1,,,3,3,1,,,1,,,,,It was appropriate! I wasnt sure how to answer the demographics but I'm a paid graduate student on a temporary parental leave
67ec7012f63d646fa7f33bbf,7/26/25 7:54,1137,1,,.40000001,,24,1,4,1,,4,,,1,,,,,,5,1,,,2,1,4,5,4,4,4,3,4,4,5,1,1,5,1,-1,-1,2,2,2,3,1,0,95000,150000,1,150000,100000,,,,,,200000,1,200000,1,300000,1,3,0,0,2,0,0,0,4,1,2,3,5,4,2,5,4,3,3,2,3,2,2,4,1,,,,,1,1,3,,,1,,,,,,1,1,Michigan,48203,3,Michigan,Detroit,3,0,7,8,4,4,1,,,,,,2,1,,,,,1,,,,The study was great
675075bd2242713ea5e42b2a,7/26/25 7:54,772,,,1,,19,1,4,,1,4,,1,1,,,,,,4,,1,,4,4,5,3,4,5,4,3,4,4,3,2,4,2,2,3,3,2,3,2,1,0,1,40000,90000,3,110000,70000,40000,130000,3,160000,90000,80000,1,80000,0,70000,6,1,0,0,0,0,0,0,4,2,1,5,4,3,5,2,4,1,4,1,1,1,1,2,,1,,,1,,1,3,,1,,,,,1,,1,0,Florida,32907,2,Connecticut,Windsor Locks,2,3,5,7,3,3,,,,1,,,1,1,,1,,,,,1,,
5ae3a41d32ef52000131a531,7/26/25 7:55,1877,,,1,,27,1,4,1,,4,,1,,,,,,,7,,,1,1,1,5,2,2,5,4,4,5,1,4,3,3,1,2,2,2,1,1,4,3,1,1,65000,90000,2,130000,60000,,150000,2,250000,60000,60000,1,90000,1,90000,2,5,0,0,2,0,0,0,2,2,4,3,5,1,5,3,5,1,4,2,2,2,2,3,1,,,,,1,0,2,,,1,,,,,,1,1,Pennsylvania,17055,2,Pennsylvania,Harrisburg,3,0,3,3,5,2,1,,,,,,3,3,1,,,1,,,,,
6785aee21fd7b7e0d5d90a0a,7/26/25 7:55,546,,,.89999998,,22,0,3,,1,3,,,,,,,,,5,,1,,3,4,5,5,3,3,3,2,2,2,1,3,3,2,3,3,3,2,4,3,3,0,1,5000,150000,3,130000,115000,150000,150000,1,140000,130000,60000,1,150000,1,150000,4,4,0,2,2,0,0,0,2,4,2,1,3,5,4,2,2,2,3,2,2,2,2,3,,1,,,,1,0,3,,,,,,,1,,1,1,Ohio,45830,1,Ohio,Columbus Grove,1,4,6,7,5,6,,,,1,,,1,1,,1,,,,,,,
5d8409a9c4b157000195f72a,7/26/25 7:55,876,,,1,,23,1,4,1,,3,,,,,,,,,6,1,,,2,2,4,3,3,3,4,2,3,2,3,2,3,2,1,2,1,3,3,3,2,0,1,10000,55000,1,70000,20000,90000,90000,1,100000,50000,65000,0,65000,0,65000,1,1,0,0,2,0,0,0,4,2,1,5,4,3,4,3,2,4,3,2,3,2,2,4,,1,,,,1,0,0,,,,,,,1,,1,1,Michigan,48085,2,Michigan,Detroit ,3,0,5,5,6,3,,,1,,,,1,3,,,,,,1,,,
6336f536de1823600ebda2f4,7/26/25 7:55,812,,,1,,29,1,5,,1,5,,,,1,,,,,6,1,,,2,1,5,3,3,4,5,5,5,4,2,2,3,1,1,1,1,3,3,2,2,1,0,34000,39000,1,40000,36000,,,,,,40000,0,40000,0,42000,1,1,0,0,0,0,0,0,5,1,2,4,5,3,5,1,2,2,4,1,2,2,5,5,1,,,,,1,0,0,,,,,,,1,,1,1,Ohio,43615,2,Ohio,Toledo,2,0,4,4,4,4,1,,,,,,3,3,1,,,1,,,1,,
650ee1c673c788d8cffca2d3,7/26/25 7:56,905,,,1,,25,1,4,1,,3,,,,,,,,,4,1,,,1,3,5,2,4,5,4,3,5,1,1,3,3,2,2,3,3,3,3,3,3,0,0,25000,150000,3,250000,85000,140000,,,,,60000,0,60000,0,100000,2,3,0,0,2,0,0,0,3,2,5,4,3,1,5,5,3,3,4,1,2,4,4,4,,1,,,,1,0,0,1,1,1,,,,1,,1,0,New Jersey,07504,3,New Jersey,Paterson,3,0,6,9,7,5,,,1,,,,3,3,1,,,1,,,1,,
678c0d73fea9aaf55cd880be,7/26/25 7:56,1086,,,1,,27,0,4,,1,4,,1,1,,,,,,6,,,1,5,3,2,5,4,4,5,2,5,4,5,5,3,1,3,3,2,3,4,3,3,1,1,70000,100000,3,70000,50000,,150000,2,100000,90000,80000,1,80000,0,100000,4,6,0,0,2,0,0,0,4,4,3,2,5,1,4,4,5,3,3,1,4,4,3,4,1,,,,,1,0,0,,,,,,,1,,1,1,Texas,73301,3,Texas,TEXAS,3,3,6,6,7,8,1,,,,,,3,3,1,,,1,,,,,
678a6b750f1332cef0ba2f5f,7/26/25 7:56,700,,,.80000001,,23,0,1,,1,2,,,,,,1,1,1,5,1,,,4,4,5,5,4,2,1,1,5,4,5,1,2,5,2,3,3,3,-1,3,4,0,0,45000,250000,3,300000,70000,75000,,,,,75000,1,100000,1,130000,3,7,2,2,2,0,0,2,1,1,4,2,3,5,1,5,2,3,4,3,3,2,2,2,1,,,,,1,0,2,,,,,,,1,,1,1,Florida,12345,2,Florida,,2,0,3,3,4,,1,,,,,,2,2,,,,,,,1,,
663ad5dd0aa1087d5470fe1f,7/26/25 7:56,2367,,,1,,23,1,5,,1,3,,,,,,,,,4,1,,,1,3,5,2,2,5,5,4,5,4,1,2,1,1,1,-1,1,2,2,3,3,0,1,50000,120000,3,100000,90000,50000,200000,3,190000,170000,150000,1,500000,1,500000,1,2,1,1,1,1,0,0,3,4,1,5,2,3,5,4,4,1,5,1,4,4,5,4,,1,,1,,,0,2,,,,,,1,,,1,0,Virginia,23505,2,Virginia,wOODBRIDGE,2,0,3,3,4,3,,,1,,,,2,2,,,1,,,1,,,
58ce29970b6a0e00011d8276,7/26/25 7:57,1419,,,1,,26,1,4,1,,3,,,,,,,,,6,1,,,2,3,5,2,2,4,4,4,5,2,1,1,3,2,2,2,2,2,3,4,3,0,1,43500,87000,1,110000,58000,52000,110000,1,135000,70000,65000,0,70000,0,70000,2,3,2,2,2,0,2,2,3,3,5,4,1,2,4,1,5,1,4,4,2,1,2,3,,1,,,1,,0,0,,,,,,,1,,1,1,Ohio,44109,3,Wisconsin,Green Bay,2,0,6,6,6,6,1,,,,,,3,3,1,,,1,,,1,,
6636441f21dcbe289b599427,7/26/25 7:57,1355,,,.80000001,,27,0,5,1,,3,,,,,,,,,7,,,1,1,5,5,5,1,5,5,5,5,3,2,1,2,2,2,2,3,2,2,2,3,0,1,45000,100000,2,160000,80000,175000,300000,2,450000,100000,75000,1,100000,1,120000,8,6,0,0,2,0,0,0,2,1,2,3,5,4,5,3,4,2,3,2,3,2,2,5,,1,,,1,,0,4,,,1,,,,1,,1,1,New Jersey,07840,2,Florida,Boca Raton,2,0,6,7,5,3,1,,,,,,2,3,1,,,1,,,,,
63bccf97570dbab7870d78c7,7/26/25 7:57,2146,,,1,,23,1,5,,1,3,,,,,,,,,6,,1,,1,-1,5,4,2,5,5,5,5,1,1,2,3,1,2,-1,-1,1,1,2,3,0,1,0,30000,3,100000,75000,50000,75000,2,150000,75000,77000,0,90000,0,100000,4,1,0,0,2,0,0,0,5,1,4,3,5,2,5,3,3,4,4,1,4,1,3,5,1,,,,,1,0,0,,,1,,,,,,1,1,New York,11434,3,Massachusetts,worchester,2,0,6,9,4,4,1,,,,,,3,3,1,,,1,,,,,
6073da68a0b96f1507f3c6a7,7/26/25 7:57,2268,,,1,,23,1,4,,1,4,,,1,,,,,,7,,1,,2,2,5,-1,2,5,4,5,5,1,2,1,3,2,1,2,2,3,2,3,2,0,0,47000,80000,1,70000,40000,150000,,,,,100000,0,150000,0,170000,1,1,0,0,0,0,0,0,5,1,5,4,3,2,5,3,1,4,1,2,3,1,2,4,1,,,,,1,0,0,,,1,,,,,,1,1,Arizona,85048,2,Arizona,El Mirage,2,0,3,4,7,4,,1,,,,,1,1,,,,,,,,,
60fce0bedbae8b8996c93203,7/26/25 7:58,831,,,.80000001,,23,1,4,1,,3,,,,,,,,,2,,,1,3,3,4,3,3,4,4,4,3,3,3,2,2,1,-1,-1,-1,1,2,2,1,0,1,2500,50000,1,70000,20000,45000,70000,1,85000,40000,70000,0,50000,1,80000,1,5,0,2,2,0,0,0,3,3,2,4,5,1,4,3,3,3,2,2,3,2,3,4,,1,,,,1,0,-1,,,,,,,1,,1,1,New York,12701,1,New York,Monticello,1,0,6,6,2,2,,,,,,1,3,3,1,,,,,,,,
67217069ec642ab038feec41,7/26/25 7:58,1221,,,1,,29,1,5,,1,5,,1,1,,,,,,7,1,,,1,1,4,3,1,5,5,5,5,1,3,1,1,2,1,1,1,3,3,2,1,0,1,40000,40000,1,50000,1000,99999,30000,1,100000,6000,5000,0,60000,0,80000,2,2,0,0,0,0,0,0,4,1,3,4,5,2,5,2,1,4,1,1,3,2,5,5,1,,,,,1,0,0,,,,,,,1,,1,1,Kentucky,42733,1,Indiana,rockville,1,0,3,3,3,3,1,,,,,,3,3,1,,,1,,,,,
65e51cdaf66e65c7f972580c,7/26/25 7:59,2342,,,1,,21,1,4,1,,3,,,,,,,,,7,1,,,5,2,5,3,5,4,4,4,5,3,1,2,5,1,1,1,1,4,1,2,4,0,0,37000,90000,2,120000,70000,54000,,,,,70000,1,180000,1,240000,9,7,0,0,0,0,0,0,2,2,1,5,3,4,5,3,1,4,3,3,3,1,4,5,1,,,,,1,0,3,,1,,,,,,,0,0,Virginia,22192,2,Virginia,Woodbridge,2,3,4,6,5,7,1,,,,,,2,1,,,,,,,,,
612eae1728f1d7ba0060d143,7/26/25 7:59,728,,,1,,26,1,5,,1,5,,1,,,,,,,7,,,1,1,2,5,4,3,4,5,5,5,3,2,2,3,2,2,2,2,1,3,3,3,0,1,80000,130000,1,200000,60000,90000,170000,1,250000,100000,100000,1,150000,1,225000,1,2,2,2,2,0,0,2,4,1,3,4,5,2,4,2,4,2,3,2,2,2,2,1,1,,,1,,,0,3,,1,,,,,,,1,0,New York,13502,2,California,Walnut,2,0,6,6,4,4,1,,,,,,1,1,,,1,,,,,1,
62c66498e5b6da32be94c7e6,7/26/25 7:59,1427,,,1,,28,1,4,1,,4,,1,,,,,,,6,,1,,1,2,5,2,1,5,4,3,4,2,3,2,3,2,2,2,3,3,4,3,2,1,1,41000,95000,2,120000,70000,,180000,1,300000,120000,55000,0,140000,0,170000,4,2,0,0,2,0,0,0,2,2,4,3,5,1,4,4,5,3,3,2,3,2,2,4,1,,,,,1,0,0,,,,,,,1,,1,1,Florida,32965,3,Michigan,Lake Orion,2,0,6,6,5,3,1,,,,,,2,3,1,,,1,,,1,,
5d845d15fbc5970001e821e0,7/26/25 8:00,2040,,,1,,27,1,4,,1,5,,1,,,,,,,6,,1,,4,4,3,4,4,3,4,4,5,4,4,2,3,5,2,2,2,4,3,4,4,1,1,45000,75000,2,70000,35000,,75000,3,80000,30000,20000,1,60000,1,65000,3,4,0,0,0,0,0,0,2,1,5,4,2,3,4,4,4,3,3,3,4,4,3,4,1,,,1,,,1,2,,,,,,,1,,1,1,California,90007,2,California,Los Angeles,2,3,6,6,4,6,1,,,,,,2,1,,1,,,1,,,1,no
6761134a283b8ace0b1e0345,7/26/25 8:01,895,,,1,,21,1,4,,1,4,,1,,,,,,,5,,,1,2,1,4,2,2,2,4,3,4,2,4,1,3,3,3,3,2,2,2,2,3,0,1,12000,90000,3,120000,75000,70000,180000,2,240000,140000,60000,1,120000,1,120000,1,5,0,2,2,0,0,0,3,2,3,5,1,4,5,1,4,2,5,4,2,2,2,3,1,,,,,1,0,2,,,,,,,1,,1,1,Pennsylvania,18612,2,Pennsylvania,Emmaus,2,6,6,9,6,6,,1,,,,,2,2,,,,,,,,,
603ecd847a63f50124aa5822,7/26/25 8:01,572,,,.80000001,,29,0,3,1,,3,,,,,,,,,1,1,,,5,5,3,3,5,1,1,1,1,2,5,2,5,3,-1,-1,1,2,4,3,3,0,1,60000,100000,2,150000,75000,120000,200000,2,300000,150000,100000,1,150000,1,150000,1,1,0,0,0,0,0,0,5,1,4,2,5,3,3,2,5,1,4,3,2,1,2,1,1,,,,,1,0,2,,,,,,,1,,1,1,New York,10940,2,New York,Middletown ,2,0,3,3,3,3,1,,,,,,1,1,,1,,,1,,,,None 
67adb412bdd110e192f61adb,7/26/25 8:01,2987,,,1,,22,1,5,,1,5,,,1,,,,,,6,,1,,2,2,5,3,2,5,5,4,5,2,2,3,4,1,2,2,2,2,2,3,3,0,1,60000,100000,1,120000,80000,80000,140000,1,160000,100000,120000,1,150000,0,180000,5,8,0,2,2,0,0,0,4,2,5,1,3,4,1,3,4,2,3,2,3,4,3,5,1,,,1,,,1,3,,,,,,,1,,1,1,Georgia,31313,3,Georgia,Hinesville,3,0,7,9,6,6,1,,,,,,3,3,1,,,,,,1,,It was an interesting study.
6786b7438671261e12ff5932,7/26/25 8:01,742,1,1,1,,20,1,5,,1,2,,,,,1,,,,4,1,,,1,1,2,5,5,5,4,2,3,-1,-1,2,3,1,3,3,-1,4,4,2,1,1,1,12000,350000,3,125000,95000,,500000,3,350000,300000,45000,1,200000,1,200000,5,4,0,0,0,0,0,0,2,1,4,2,5,3,4,5,1,4,5,3,1,2,1,2,,1,,,,1,0,4,,,1,,,,1,,1,0,Texas,77070,2,Texas,Houston,2,2,4,6,4,6,,,,1,,,2,2,,,,,,,,,N/A.
671d1dcbc6f5d2e81501e24a,7/26/25 8:01,953,,,1,,26,1,2,1,,3,,,,,,,,,2,1,,,-1,2,4,3,3,4,4,4,5,2,5,3,3,2,2,2,2,2,4,4,2,1,1,40000,90000,2,110000,70000,,90000,2,110000,70000,60000,1,70000,1,80000,5,5,0,0,2,0,0,2,3,1,3,5,4,2,3,2,3,3,2,4,3,2,2,4,1,,,1,,,1,3,,,,,,,1,,1,1,Idaho,83686,2,California,Sacramento ,2,3,4,6,6,6,1,,,,,,1,1,,1,,,1,,,,NA
674872ead208fe132ec3f4a4,7/26/25 8:01,605,,,1,,21,0,3,1,,3,,,,,,,,,3,,,1,4,3,5,4,2,3,3,3,3,3,5,2,3,5,2,2,2,3,3,3,3,0,1,10000,65000,2,45000,40000,85000,85000,3,75000,60000,55000,1,70000,1,85000,10,10,0,0,2,0,0,0,3,3,4,2,5,1,4,2,4,2,3,2,2,1,1,3,1,,,,,1,0,2,,,,,,,1,,1,1,Alabama,35563,1,Alabama,Guin,1,3,5,6,3,4,,,,1,,,2,2,,1,,1,,,,,Everything went great.
5bdc6d16d9bc4e0001134779,7/26/25 8:01,371,,,1,,29,1,5,,1,4,,,,1,,,,,7,1,,,1,1,5,1,1,5,5,5,5,3,1,1,2,1,2,2,2,2,1,2,4,0,1,65000,75000,1,80000,60000,150000,175000,1,190000,100000,165000,1,200000,1,225000,3,1,1,2,2,0,0,2,3,1,2,5,4,3,4,1,5,2,3,3,2,2,1,1,,1,,1,,,1,2,,,,,,,1,,1,1,Florida,34744,2,New Hampshire,Claremont,1,0,6,6,3,3,1,,,,,,3,3,1,,,1,,,,,
6717caf5317ad8e02d9b3b38,7/26/25 8:01,860,,,.89999998,,23,1,4,1,,5,,1,,,,,,,7,1,,,1,3,5,5,1,5,5,5,1,1,5,3,4,1,3,3,3,3,4,5,3,0,1,300000,400000,3,400000,300000,500000,700000,3,700000,500000,200000,1,400000,1,500000,5,2,0,2,2,0,0,0,4,1,3,2,5,4,2,4,5,3,2,4,3,1,1,1,1,,,,1,,3,4,,,1,,,,,,1,1,Louisiana,70124,2,Maryland,Baltimore,3,0,7,8,6,7,1,,,,,,1,1,,1,,,,,,,Great
66dca29d14f4d3d03a07c762,7/26/25 8:02,590,,,.80000001,,26,1,5,1,,3,,,,,,,,,7,1,,,1,1,5,2,1,5,4,5,5,2,4,2,3,3,-1,-1,1,-1,-1,4,1,1,0,16000,50000,1,100000,30000,,,,,,100000,0,100000,0,100000,1,1,0,0,2,0,0,0,3,1,2,4,5,3,2,1,1,4,1,4,4,2,2,5,1,,,,,1,0,0,,1,,,,,,,1,0,Massachusetts,02446,3,Massachusetts,Cambridge,3,0,6,6,8,8,,1,,,,,3,3,1,,,1,,,,,
5dabd2828a78c7001c59eb82,7/26/25 8:03,437,,,1,,28,1,4,,1,3,,,,,,,,,7,,1,,1,4,5,5,5,5,5,4,5,5,5,4,5,1,2,3,2,1,2,3,1,1,1,50000,60000,2,60000,40000,,70000,2,60000,40000,70000,0,70000,0,90000,1,1,0,0,0,0,0,0,4,1,3,5,4,2,4,3,5,1,3,1,1,1,5,4,,1,,,,1,0,0,,,,,,,1,,1,1,Illinois,60532,3,Illinois,lisle,3,0,3,3,4,7,1,,,,,,2,2,,,,,,,,,
66861f98588bfc85c98bb613,7/26/25 8:03,1168,,,1,,24,1,4,,1,2,,,,,1,,,,5,,1,,1,1,5,4,3,5,5,4,5,4,5,3,4,2,2,3,1,5,1,2,2,0,1,28000,1000000,3,1000000,1000000,21000,1000000,3,1000000,1000000,100000,1,100000,1,150000,5,5,0,0,0,0,0,0,1,5,3,2,1,4,5,5,1,3,4,1,2,4,5,5,1,,,,,1,0,5,,1,1,,,,,,1,0,Texas,78666,3,Michigan,flint,3,0,3,3,4,2,1,,,,,,2,2,,1,,,1,,,,none
66b3baa4900bec0442ea4647,7/26/25 8:03,2794,,,1,,29,1,5,1,,3,,,,,,,,,7,,1,,1,1,5,3,1,5,5,4,5,1,1,1,3,1,3,3,2,2,3,4,3,0,1,67500,150000,2,125000,95000,127000,350000,2,275000,225000,127000,1,155000,1,200000,5,5,0,0,2,0,0,0,2,2,4,1,5,3,4,3,5,1,4,4,2,2,2,1,,1,,,,1,0,1,,,,,,,1,,1,1,Georgia,30011,2,Louisiana,Morgan City,2,0,3,3,3,6,1,,,,,,3,3,1,,,1,,,,,There were no errors in this study.
67ee795beb74f4d224497dac,7/26/25 8:03,1524,,,1,,28,1,2,1,,4,,,1,,,,,,3,1,,,2,4,5,5,3,3,4,2,3,4,4,4,4,2,3,3,2,2,2,2,3,0,1,9000,15000,2,20000,10000,9000,15000,2,20000,10000,20000,1,30000,1,35000,2,4,0,0,0,0,0,0,4,3,5,1,4,2,4,4,4,3,2,2,4,2,3,3,,1,,1,,,3,3,,,1,,,,,,1,0,North Carolina,27330,1,North Carolina,Sanford,1,4,6,8,5,6,,1,,,,,1,1,,1,,,1,,,1,The survey was amazing.
665f81442e9eb2f969a3a4b1,7/26/25 8:03,538,,,1,,19,1,4,,1,4,,,1,,,,,,6,1,,,1,3,4,5,2,2,1,4,4,2,3,4,5,4,2,3,3,2,2,4,4,0,0,105000,145000,2,200000,80000,350000,,,,,150000,0,150000,0,180000,10,1,0,0,2,0,0,0,4,1,2,3,4,5,2,4,5,1,4,4,2,2,2,2,1,,,,,1,0,0,,1,,,,,,,1,0,Texas,77494,2,Texas,Houston,2,3,4,6,7,7,,1,,,,,2,2,,,,,,,,,
66759eb2274a4f10deeba339,7/26/25 8:04,874,,,1,,27,1,4,1,,3,,,,,,,,,5,,,1,2,2,5,4,3,4,4,-1,4,2,-1,-1,3,2,2,3,2,2,2,3,3,1,1,70000,100000,1,100000,80000,,160000,1,170000,130000,89999,1,130000,1,130000,1,4,0,2,2,0,2,2,3,3,1,4,5,2,3,3,3,2,2,4,3,1,1,3,1,,,,,1,0,1,,,,,,1,,,1,0,Texas,75001,2,Texas,California,2,0,6,6,6,6,1,,,,,,2,2,,,1,,,1,,,
67e9a601c1917b831419cf77,7/26/25 8:04,2026,,,1,,30,1,4,,1,4,,1,1,,,,,,3,,,1,4,4,5,4,4,4,4,4,2,2,4,4,3,3,3,3,3,3,3,3,3,1,0,60000,30000,2,30000,15000,,,,,,60000,,,1,60000,4,4,0,0,2,0,0,0,2,5,3,1,4,2,1,2,3,1,4,2,1,1,1,2,1,,,,,1,0,2,,,,,,,,1,1,1,Alaska,99508,1,Alaska,Alaska,1,6,9,9,9,9,,1,,,,,1,1,,1,,,1,,,1,None
65cd78104708577ed377c71d,7/26/25 8:04,533,,,1,,28,1,4,1,,5,,,,1,,,,,3,,,1,1,1,2,-1,2,4,5,4,5,2,3,2,2,2,1,1,1,2,2,2,2,1,0,40000,60000,3,75000,50000,,,,,,60000,0,60000,0,75000,4,2,0,0,0,0,0,0,3,2,4,1,5,3,4,1,2,3,1,3,4,3,4,5,,1,,,,1,0,-1,,1,,,,,,,1,0,California,92843,2,California,Garden Grove,2,0,6,7,1,1,,1,,,,,3,2,,,,,,,1,,
672a3b3af4fe3ca8478cd6c6,7/26/25 8:04,1676,,,1,,21,1,5,1,,3,,,,,,,,,4,,1,,2,4,4,2,2,2,5,5,5,4,1,1,2,3,1,1,2,2,1,1,1,0,1,0,10000,1,10000,10000,10000,10000,1,10000,10000,25000,1,30000,1,30000,1,1,0,0,0,0,0,0,2,3,2,4,5,1,2,1,1,3,2,1,2,2,3,5,,,1,,,1,0,2,,,,,,,1,,1,1,Virginia,23228,2,Iowa,Boone,2,2,4,9,5,4,,,,1,,,3,3,1,,,,,,,,
6727beaebe6d464e5eff6b55,7/26/25 8:05,627,,,.89999998,,26,1,5,,1,3,,,,,,,,,5,1,,,1,1,5,4,1,4,5,4,5,2,2,2,3,2,1,2,2,2,2,3,2,0,0,10000,1004003,2,1000000,1000000,80000,,,,,80000,0,100000,0,100000,3,5,0,0,1,0,1,1,4,1,4,2,5,3,2,3,2,1,1,2,2,1,5,3,1,,,,,1,0,-1,,,1,,,,,,1,0,Florida,33440,1,Florida,Clewiston,1,0,6,6,3,3,,,,,,1,2,2,1,,,1,,,1,,
65ddb17e60616cd36df81188,7/26/25 8:05,581,,,1,,28,1,5,1,,3,,,,,,,,,7,,,1,1,1,5,4,1,5,5,5,5,5,5,1,2,1,1,2,1,1,3,2,1,1,0,28000,45000,2,60000,5000,,,,,,40000,0,40000,0,50000,3,5,0,2,2,0,0,2,4,2,5,4,1,3,5,2,2,4,2,1,5,1,5,5,1,,,,,1,0,-1,,,,1,,,1,,1,0,Arizona,85345,2,California,Riverside,2,0,6,6,1,5,,,1,,,,3,2,1,,,1,,,1,,
66199b3cd796398a2ba74e05,7/26/25 8:05,466,,,.60000002,,29,1,5,,1,4,,,1,,,,,,5,,,1,1,2,4,2,4,5,4,4,5,3,1,3,5,2,2,2,2,2,2,2,3,0,1,25000,75000,3,85000,50000,80000,150000,2,250000,100000,80000,0,55000,0,50000,5,6,0,0,2,0,0,0,5,2,5,4,3,1,5,1,5,1,4,3,1,1,1,1,,1,,,1,,0,0,,,,,,,1,,1,1,Pennsylvania,17921,1,Pennsylvania,ashland,1,2,4,6,5,1,1,,,,,,2,2,1,,,1,,,,,
66bf6ab25d76db9c95e01458,7/26/25 8:05,932,,,1,,27,1,4,,1,4,1,1,,,,,,,5,,1,,1,5,5,4,5,5,5,3,5,4,4,4,5,5,3,2,3,2,2,2,3,1,1,75000,120000,2,150000,65000,,150000,2,140000,85000,120000,0,100000,0,110000,1,2,0,2,2,0,0,0,4,3,5,2,1,4,4,2,4,4,4,2,4,4,2,2,1,,,1,,,1,2,,,,,,,1,,1,1,Missouri,63601,2,Missouri,MISSOURI,2,0,7,7,6,6,1,,,,,,2,2,,1,,1,,,,,
5f518c4fb3a4953e4f9f7e18,7/26/25 8:05,772,,,1,,29,1,4,1,,5,,1,,,,,,,6,,,1,1,1,4,5,2,5,4,4,5,3,3,2,3,2,2,2,2,1,2,3,3,0,1,65000,75000,2,100000,35000,70000,100000,2,500000,35000,65000,0,100000,0,100000,1,5,0,0,0,0,0,0,4,2,1,5,3,4,5,4,1,3,2,3,3,3,5,5,,1,,,,1,0,-1,,,1,,,,,,1,1,Illinois,60563,2,New York,Harlem,3,0,4,8,7,3,,1,,,,,2,1,,,,,,,1,,
677aaf4689e9ee96a513e479,7/26/25 8:05,714,,,1,,28,1,5,1,,4,,1,,,,,,,3,1,,,1,4,5,4,2,4,5,5,5,2,1,2,3,1,1,1,1,4,2,4,1,1,0,30000,34000,1,40000,25000,,,,,,38000,1,38000,0,30000,5,5,0,0,0,0,0,0,2,2,1,3,5,4,4,2,3,4,2,1,3,2,3,5,,1,,,,,3,3,,,,,,,1,,1,1,Pennsylvania,15963,2,Pennsylvania,Johnstown ,2,0,4,3,5,6,1,,,,,,3,3,,,,,1,,,,
5beb8419aec9ef0001e9d5fb,7/26/25 8:06,388,,,1,,29,1,5,,1,3,,,,,,,,,7,,1,,1,1,5,3,1,5,5,5,5,1,5,1,2,1,1,1,1,-1,-1,4,3,1,1,90000,0,1,130000,0,,400000,1,500000,100000,180000,0,180000,0,350000,1,1,0,2,2,0,0,0,1,1,2,4,5,3,1,2,5,4,1,4,4,1,1,2,,1,,,,1,0,0,,1,,,,,,,1,0,New York,11101,3,Washington,shoreline,2,0,6,6,8,8,1,,,,,,3,3,,,,,,,,,
6763ad169c28727881cabe7f,7/26/25 8:06,1142,,,.89999998,,20,1,4,1,,2,,,,,1,,,,5,,1,,2,2,5,5,3,5,4,2,4,4,1,2,3,1,2,-1,-1,4,4,3,3,0,1,55000,80000,2,65000,50000,145000,169000,2,200000,187000,150000,1,150000,1,170000,6,4,0,0,0,0,0,0,4,1,3,5,4,2,3,4,5,3,3,4,4,4,3,4,,1,,,,1,0,3,,,1,,,,,,1,1,Idaho,83646,2,Idaho,Meridian,2,0,6,8,7,7,1,,,,,,1,1,,1,,,,,,,No additional feedback
65cb85d302a6376d3426b7a0,7/26/25 8:07,670,,,.80000001,,25,1,4,1,,5,,,1,,,,,,6,,,1,1,1,5,3,1,2,5,5,5,5,2,3,3,-1,1,1,1,3,4,3,4,1,1,100000,140000,2,175000,125000,,250000,1,250000,125000,50000,1,90000,1,100000,3,5,2,2,2,0,0,2,3,2,4,3,5,1,2,3,4,3,4,4,2,3,3,1,,1,,,,1,0,-1,,1,,,,,,,1,0,Oregon,97006,2,Florida,Miami,2,0,6,7,6,6,1,,,,,,3,1,1,,,1,,,1,,
60fda89974295b41057b6778,7/26/25 8:07,400,,,1,,28,1,5,,1,4,,,,1,,,,,7,1,,,1,1,5,2,1,5,5,5,5,1,1,1,2,1,1,1,1,-1,2,2,3,0,1,2000,8000,1,10000,2000,67000,80000,1,100000,67000,100000,0,100000,0,100000,2,1,0,0,2,0,0,0,3,1,2,4,5,3,5,3,3,2,1,4,1,2,5,1,,,1,1,,,0,0,,,,,,,1,,1,1,Ohio,45102,2,Ohio,Cincinnati,2,0,3,3,3,3,,,,,1,,3,1,,,,,,,,,
6752af6587d7c4cd24648568,7/26/25 8:07,533,,,.80000001,,29,0,2,1,,3,,,,,,,,,3,,1,,5,4,4,3,4,4,2,4,4,2,5,2,2,2,1,3,2,2,2,2,3,0,1,55000,150000,3,250000,175000,250000,400000,1,325000,300000,80000,1,95000,1,125000,3,5,0,0,0,0,0,0,5,3,2,1,5,4,5,4,2,3,2,2,2,3,4,4,1,,,1,,,1,3,,1,,1,,,,,1,0,California,94619,3,California,Oakland,3,0,6,7,3,3,1,,,,,,1,2,,1,,1,,,,1,
67f10aa249d8518755800580,7/26/25 8:07,1837,,,.89999998,,24,1,5,,1,1,,,,,1,,,,6,,1,,2,2,5,2,1,4,4,1,4,2,3,2,3,2,2,3,2,3,3,3,3,0,1,50000,80000,2,120000,40000,130000,160000,2,120000,150000,180000,1,140000,1,170000,10,10,0,0,0,0,0,0,3,3,4,1,2,5,3,4,4,2,5,2,2,2,2,2,1,,,1,,,0,2,,,1,,,,,,1,1,Virginia,23607,2,Virginia,virginia,2,5,8,9,8,8,1,,,,,,3,3,,1,,,1,,,,
6792a60bf1238ae52e645ecb,7/26/25 8:07,1929,,,1,,26,1,5,,1,4,,1,,,,,,,5,,1,,2,5,5,4,2,5,5,5,4,2,2,3,3,1,2,3,2,3,3,3,3,0,1,45000,120000,3,150000,80000,100000,180000,2,250000,150000,100000,1,75000,1,75000,6,6,0,0,2,0,0,0,2,1,5,2,4,3,4,4,5,3,3,2,4,2,2,3,,1,,,,1,0,3,,,,,,,1,,1,1,Virginia,20103,2,Virginia,ashburn,2,0,7,9,7,7,,1,,,,,1,1,,1,,,1,,,,
67d45e875ebaf958aa085064,7/26/25 8:08,1950,,,.89999998,,22,1,4,,1,4,,,1,,,,,,5,,1,,2,1,4,5,2,5,4,4,4,2,2,3,4,2,2,2,2,2,2,3,3,1,1,50000,80000,1,150000,100000,,100000,1,180000,120000,150000,1,150000,1,200000,8,3,0,0,0,0,0,0,5,1,4,3,5,2,4,4,4,2,3,2,2,2,1,3,1,,,1,,,2,2,,,,,,,1,,1,0,Alabama,35020,2,Alabama,Montgomery,2,0,6,7,3,4,1,,,,,,1,1,1,,,1,,,,,N/A
6236fe0ee063333a3e1ba72a,7/26/25 8:08,889,1,1,1,,26,1,4,1,,5,,1,,,,,,,2,1,,,1,3,4,3,-1,4,4,4,4,2,4,4,3,5,2,2,2,3,3,3,3,0,1,20000,30000,1,4,2,20000,30000,2,4,3,30000,0,35000,0,35000,2,3,0,0,0,0,0,0,4,2,4,3,1,5,4,4,4,2,4,2,3,3,3,4,,1,,,,1,0,2,,,1,,,,,,1,1,Georgia,30043,2,Mississippi,Jackson,3,3,4,6,4,3,,1,,,,,3,3,,1,,,1,,1,,
664d05ba68d4a45f6ba118a5,7/26/25 8:08,1095,,,1,,21,1,4,,1,4,,,1,,,,,,5,,1,,1,1,4,-1,1,4,5,5,5,-1,2,2,3,2,2,3,3,2,1,2,3,1,1,45000,70000,2,75000,60000,,70000,2,75000,60000,65000,1,90000,1,90000,5,2,0,2,2,0,0,0,4,2,5,3,1,4,5,1,2,3,4,2,1,2,1,5,,1,,,,1,0,3,,,,1,,,1,,1,1,Wisconsin,53228,3,Wisconsin,Milwaukee ,3,0,6,7,6,6,1,,,,,,2,3,,1,,,,,,,
668a08bcc623b9b9500b85c8,7/26/25 8:08,1323,,,.89999998,,23,0,3,,1,3,,,,,,,,,2,,,1,1,3,5,5,3,4,3,1,3,3,5,4,4,1,3,3,3,5,5,5,5,1,0,350000,5000000,3,5000000,1000000,,,,,,350000,1,1000000,0,1000000,10,1,0,0,0,0,0,0,1,2,5,1,3,4,1,5,5,1,5,4,1,1,1,1,,1,,,,1,0,2,,,1,,,,,,1,1,Texas,77033,3,Texas,Houston,3,0,6,7,7,7,1,,,,,,3,3,1,,,1,,,1,,
671d68f0cf75beaa737fe99a,7/26/25 8:09,969,1,1,1,,24,1,4,,1,3,,,,,,,,,5,,,1,4,1,5,5,-1,4,4,4,5,5,2,2,2,1,1,3,1,2,1,2,2,1,1,1000,3000,1,50000,1000,,200000,2,40000,2000,20000,0,10000,0,20000,5,5,0,2,2,0,0,1,4,2,3,5,1,4,4,5,2,3,3,1,3,1,5,5,,1,,,,1,0,0,,,,1,,,,,1,1,Arizona,85143,2,Michigan,Muskegon,2,1,3,3,4,3,,,1,,,,2,2,,,1,,,1,1,,
6785438ea7bda2a64a129770,7/26/25 8:09,603,1,1,.80000001,,21,0,3,1,,3,,,,,,,,,5,,1,,4,3,4,4,3,2,2,2,4,4,5,2,3,5,2,2,3,3,3,4,4,0,1,20000,60000,2,70000,40000,20000,120000,2,100000,150000,120000,1,150000,1,150000,2,4,0,2,2,0,2,2,2,4,3,2,5,1,4,2,4,2,3,2,1,1,1,2,,1,,,,1,0,3,,,,,,,1,,1,1,Virginia,23692,2,Virginia,Yorktown ,2,4,6,7,7,5,,,,1,,,1,1,,1,,,,,,,
67d5f8a62c137f9a17873486,7/26/25 8:09,893,,,1,,22,1,4,1,,2,,,,,,1,,,5,1,,,4,5,4,5,5,4,5,4,5,5,4,1,3,2,1,3,3,3,2,4,3,0,1,55000,100000,3,150000,90000,100000,190000,3,250000,200000,150000,1,170000,1,200000,4,5,0,2,2,0,2,2,3,1,5,3,4,2,4,3,3,3,4,2,3,3,2,3,,1,,,,1,1,3,,,1,,,,,,1,1,Tennessee,38301,2,Minnesota,Jackson,2,0,6,8,3,3,1,,,,,,3,3,,1,,,,,1,,
5c663cd56fdc87000162e255,7/26/25 8:10,1489,,,1,,27,1,4,1,,4,,1,1,,,,,,2,,1,,1,1,5,-1,1,5,4,2,4,1,4,2,2,2,1,2,1,3,2,4,1,0,0,30000,60000,1,140000,40000,65000,,,,,100000,0,120000,0,150000,1,1,0,2,2,0,0,2,2,1,3,2,5,4,2,2,4,3,4,2,3,2,3,4,1,,,,,1,0,0,,,,,,,1,,1,1,Pennsylvania,15317,2,Pennsylvania,Canonsburg,2,0,4,4,3,3,1,,,,,,3,3,1,,,1,,,,,Ideally I would have children but cannot afford them. I would include a question about how many children a person would ideally have. The survey length is appropriate. Thank you!
66ace12c42d9a67100360274,7/26/25 8:10,799,,,1,,22,1,4,,1,3,,,,,,,,,6,,,1,2,2,4,3,2,4,3,2,2,1,4,2,3,2,3,3,3,2,2,3,5,0,1,100000,500000,1,1000000,300000,180000,1000000,1,1500000,500000,100000,1,200000,1,250000,1,2,0,2,2,0,0,2,1,1,4,2,5,3,1,3,5,1,3,4,2,2,2,3,1,,,,,1,0,2,,1,,,,,,,1,0,New York,10011,3,Connecticut,Old Saybrook,2,0,6,7,3,3,1,,,,,,2,3,1,,,,,,,,
62b5e02f3112243a7d47153c,7/26/25 8:11,625,,,.80000001,,21,1,5,,1,5,,1,1,,,,,,7,1,,,1,1,5,2,-1,5,5,4,5,4,3,2,3,2,1,2,2,-1,2,2,-1,0,1,10000,60000,1,80000,40000,55000,90000,1,110000,65000,60000,0,65000,0,65000,3,5,0,0,2,0,0,0,4,1,2,3,5,4,4,3,3,3,2,4,3,2,3,5,1,,,,,1,0,0,,,,1,,,,,1,0,Texas,77020,2,Texas,Houston,2,3,4,6,3,1,,1,,,,,3,3,1,,,,,,,,"Thank you for your time, this was a great survey!"
667275e92f117a03aa5ada99,7/26/25 8:11,2152,,,.80000001,,21,0,4,1,,3,,,,,,,,,5,,1,,4,2,4,3,4,4,4,5,5,5,5,4,4,1,1,2,2,3,3,2,3,0,1,10000,60000,3,70000,50000,60000,80000,2,80000,50000,20000,1,80000,1,80000,1,2,0,0,0,0,0,0,2,1,2,5,4,3,4,3,2,3,3,1,1,2,3,4,,1,,,1,,0,2,,,,1,,,1,,1,1,Texas,76116,2,Texas,fort worth,2,0,4,6,6,3,1,,,,,,2,2,,,1,,,,,,
672d053f3563ff089759a66f,7/26/25 8:11,3006,,,.89999998,,27,0,1,,1,1,,,,,1,,,,1,1,,,5,4,4,5,5,4,2,2,4,2,5,3,5,5,2,3,3,1,1,4,2,0,1,36000,100000,3,300000,60000,96000,100000,3,1000000,300000,30000,0,40000,1,100000,3,4,0,0,2,0,0,0,2,5,3,4,2,1,5,5,4,2,4,2,2,1,5,3,1,,,,,1,0,-1,1,,,1,,,1,,1,1,Texas,78223,3,Texas,San Antonio,3,0,6,8,5,4,,,1,,,,1,1,,1,,,1,,1,,
6699469d177ba339d6c4648b,7/26/25 8:11,842,,,1,,27,1,5,1,,5,1,1,1,,,,,,6,,,1,1,2,5,2,1,5,5,5,5,2,4,1,1,1,1,1,1,2,2,2,2,0,1,10000,50000,1,50000,30000,30000,60000,1,80000,50000,50000,0,60000,0,60000,1,6,1,1,2,0,0,1,3,1,3,2,5,4,3,1,2,4,2,1,3,4,5,5,1,,,,,1,0,-1,,1,,,,,,,1,0,Florida,33781,2,Florida,Tampa,3,3,5,6,5,5,,,,1,,,1,1,,,,,,,,,"Everything was fine, I had no issues with questions or the length of the study. I felt the study wasn't really biased because the things asked, like universal healthcare and taxing the wealthy should be the norm, not skewed to any political bias."
66df94af83813d40ddcbf790,7/26/25 8:11,1738,,,1,,27,1,5,1,,3,,,,,,,,,1,,1,,1,1,5,4,2,5,5,5,5,4,1,1,2,1,1,2,1,2,3,3,1,0,0,50000,80000,1,70000,60000,10000,,,,,80000,0,80000,0,80000,1,1,0,0,0,0,0,0,5,1,2,5,4,3,1,5,4,3,1,1,1,4,5,5,,1,,,,1,0,0,,,1,,,,,,1,1,Texas,78729,2,Illinois,Chicago,2,0,6,6,6,2,1,,,,,,2,2,,,1,,,,,,"I feel like there is a lot of uncertainty with how people are going to continue to live their lives. I feel like the younger people are not able to grow and attain a lot of things that the previous generations were able to. We see, now more than ever, the unnatural distribution of wealth and it is sickening. The rich do not have to pay their fair share, but someone like me is constantly being told that I don't deserve a vacation if I can't afford one, I can't eat out, I need to recycle and use a paper straw. But the rich are the ones who hoard most the wealth, pay the least in taxes, pollute the most, but it is the average person's responsibility to make sure we follow the ""rules."" It is frustrating. "
609b043db9dfd9068e3c7527,7/26/25 8:12,1015,,,.89999998,,26,1,2,,1,1,,,,,,,1,,1,1,,,1,1,3,4,1,3,4,3,3,1,2,2,2,5,2,2,2,2,2,4,2,0,1,38000,70000,2,55000,45000,90000,140000,2,120000,100000,50000,1,125000,1,160000,2,1,2,2,2,0,0,0,4,1,3,4,5,2,4,3,5,2,3,3,1,1,2,3,1,,,,1,,0,3,,,1,,,,,,1,1,South Carolina,29732,3,Florida,Deerfield beach ,3,4,6,8,4,4,1,,,,,,2,3,1,,,1,,,1,,
5db753692a16b8000b4d44f6,7/26/25 8:12,497,,,.89999998,,26,1,2,1,,3,,,,,,,,,5,1,,,2,4,4,4,2,4,4,2,5,4,5,3,5,2,1,2,2,3,3,3,2,1,0,50000,55000,1,75000,30000,,,,,,45000,0,45000,0,45000,10,5,0,2,2,0,2,2,4,5,2,3,4,1,4,5,4,2,3,2,1,1,2,4,1,,,,,1,0,-1,,,,,,,1,,1,1,Arkansas,72120,1,Arkansas,Sherwood,2,2,5,6,6,8,1,,,,,,1,1,,,,,1,,,,
5eb278ce4602871c6d7e335d,7/26/25 8:12,598,,,1,,24,1,5,,1,5,,,1,1,,,,,5,,1,,1,1,5,2,1,5,5,5,5,1,2,1,3,1,2,2,3,2,4,4,3,0,1,40000,10000,3,150000,70000,90000,170000,3,200000,100000,80000,0,150000,0,150000,1,1,2,2,2,0,2,2,2,1,4,3,5,2,4,1,5,3,2,4,3,3,3,5,,1,,,1,,0,0,,1,,,,,,,1,0,California,90064,3,California,Folsom,2,0,6,7,7,7,1,,,,,,3,3,1,,,1,,,,,
66798d3787f1eaefdff37a89,7/26/25 8:12,572,,,1,,28,1,4,1,,4,1,,,,,,,,6,1,,,1,2,4,-1,2,4,2,3,3,2,2,2,3,1,2,2,-1,5,5,5,5,0,1,120000,250000,3,250000,175000,200000,400000,2,400000,300000,140000,1,200000,1,240000,1,4,0,2,2,0,0,1,2,2,4,1,3,5,1,2,4,2,3,3,3,1,2,1,1,,,1,,,0,3,,,,,,,1,,1,0,Virginia,22203,3,Georgia,Augusta,3,4,6,7,9,9,1,,,,,,1,2,1,,,1,,,,,
676063838d4db0d3eaa69c2b,7/26/25 8:13,944,,,1,,28,1,5,,1,4,,1,,,,,,,5,1,,,5,3,3,5,3,3,3,4,5,3,1,4,4,4,3,3,2,3,3,3,4,0,1,60000,500000,3,500000,200000,100000,500000,3,500000,200000,100000,1,500000,1,500000,5,5,0,0,0,0,0,0,4,2,3,4,5,1,5,3,5,1,3,4,1,1,1,2,1,,,1,,,1,2,,,,,,,1,,1,1,Virginia,22226,3,Virginia,Virginia Beach,3,0,7,9,7,7,1,,,,,,2,2,1,,,1,,,,,
6672f795fac6ecd66d7b987f,7/26/25 8:13,1606,,,1,,26,1,5,1,,5,,,1,,,,,,7,,,1,1,5,5,4,1,5,5,5,5,3,2,2,3,1,2,2,3,3,3,5,3,1,0,59000,120000,2,150000,90000,,,,,,80000,1,90000,1,90000,1,1,0,0,2,0,0,0,4,1,3,4,5,2,2,5,5,3,4,2,3,1,2,1,1,,,1,,,1,3,,,,,,,1,,1,1,New York,13206,3,New York,Syracuse,2,0,6,6,7,9,1,,,,,,3,3,1,,,1,,,1,,
63ed15bed4665c62d9e6dbb2,7/26/25 8:14,735,,,1,,26,1,5,1,,4,,1,1,,,,,,6,1,,,4,2,4,5,2,5,4,4,5,1,2,3,3,1,1,2,2,2,4,2,3,0,1,22000,50000,3,70000,30000,35000,75000,3,90000,55000,40000,1,55000,0,50000,2,5,0,0,2,0,0,0,4,1,3,2,5,4,2,3,4,3,3,2,2,1,1,5,1,,,,1,,2,3,,,,,1,,1,,0,0,New York,14228,3,I did not reside in the United States,"Jordan, Amman",1,3,5,6,3,3,1,,,,,,3,3,,,,,,,,,
6740d9355c7dd3559c352450,7/26/25 8:14,739,,,.89999998,,27,1,4,,1,4,,,1,,,,,,6,,,1,2,2,3,-1,2,4,-1,4,3,2,4,3,2,1,2,3,2,2,2,3,2,1,0,1000,20000,2,30000,20000,,,,,,3000,1,4000,1,4000,6,6,0,0,2,0,0,0,3,4,2,1,3,5,4,4,3,1,3,2,1,2,1,2,1,,,,1,,1,2,,,,1,,,,,1,0,Texas,78945,1,Texas,la grange,1,0,3,6,3,3,,,,,,1,2,2,,,,,,,,,
5efd580f4946481a427257d2,7/26/25 8:14,991,,,.89999998,,24,1,5,,1,4,,1,1,,,,,,7,,,1,1,1,4,1,1,5,5,5,5,1,2,1,1,2,1,2,1,1,1,2,2,1,1,10000,5000,1,15000,4000,,5000,1,30000,4000,10000,0,10000,0,10000,10,1,0,0,2,0,0,2,4,1,2,5,4,3,4,2,2,2,4,1,2,2,5,5,,1,,,1,,0,-1,,,,,,,1,,1,1,Alabama,35080,2,Alabama,Helena,2,0,4,4,6,7,,,1,,,,3,3,,,1,,,,,,"The hometown question was difficult to answer for me, I put Helena as that's where my mom's family land is, but I lived in a different Alabama city in my younger years, and in Texas for like 5 years growing up. But Helena is where I spent high school until now."
5eefcc4bf64ab12846a5e671,7/26/25 8:14,1133,,,1,,26,1,4,1,,3,,,,,,,,,5,1,,,4,3,5,3,4,5,4,3,4,2,2,3,3,2,2,2,2,1,1,1,2,0,1,20000,70000,2,80000,60000,20000,70000,2,80000,60000,70000,1,70000,1,70000,2,2,0,0,0,0,0,0,3,1,3,4,5,2,4,2,4,2,4,2,1,1,2,3,1,,,,,1,0,2,,,,1,,,,,1,0,Arizona,85008,2,Arizona,phoenix,2,3,4,6,3,2,,1,,,,,2,2,1,,,1,,,,,
5add06fd09eae2000112cde8,7/26/25 8:15,663,,,.89999998,,25,1,5,,1,5,,1,1,,,,,,6,1,,,1,1,5,2,1,5,5,5,5,1,1,3,3,1,2,3,2,3,3,4,3,0,1,44000,75000,2,100000,60000,44000,150000,1,200000,150000,75000,1,100000,1,125000,8,8,0,2,2,0,0,0,2,2,3,5,1,4,4,2,5,3,3,2,1,1,1,3,1,,,,,1,0,2,,,,,,,1,,1,1,Minnesota,55372,2,Minnesota,Farmington,2,0,5,6,6,4,1,,,,,,3,3,1,,,1,,,,,
66f1b534d4608543f7ee0dbd,7/26/25 8:16,965,,,.69999999,,25,0,5,1,,4,,1,,,,,,,6,,1,,1,1,5,4,3,1,4,4,5,1,3,4,5,1,2,3,3,2,2,2,4,0,1,68000,115000,2,135000,90000,130000,160000,2,180000,150000,100000,1,130000,1,130000,1,3,0,2,2,0,0,0,1,1,4,2,5,3,1,2,5,1,4,3,2,1,1,1,1,,,1,,,0,2,,,1,,,,1,,1,1,Pennsylvania,17331,3,Pennsylvania,York,2,0,6,6,3,3,1,,,,,,1,1,,1,,,1,,,,
6661ae7acb19d6e73cbda6ad,7/26/25 8:16,3018,1,1,1,,26,0,4,1,,4,,,,1,,,,,5,1,,,1,2,5,5,1,5,5,4,4,2,1,2,4,1,2,2,2,2,2,2,2,0,0,56250,68500,1,59580,42500,56250,,,,,30000,0,68900,0,89000,1,4,0,2,2,0,0,0,4,2,1,5,4,3,4,5,4,4,2,2,3,3,3,5,1,,,,,1,0,0,,,1,,,,,,1,1,Texas,75137,2,Texas,Duncanville,2,3,6,6,6,6,1,,,,,,3,3,1,,,,,,,,
6612c945cebe319d923b80f8,7/26/25 8:16,975,,,1,,26,1,5,1,,3,,,,,,,,,7,1,,,1,2,4,2,4,5,5,4,5,3,5,2,3,1,2,2,1,3,2,3,1,0,1,10000,50000,2,65000,10000,55000,100000,2,130000,50000,60000,0,60000,0,60000,1,1,0,0,0,0,0,0,4,1,2,3,5,4,2,1,2,3,4,2,1,1,5,4,1,,,,,1,0,0,,,,,,,1,,1,1,Georgia,30028,2,Georgia,Atlanta,2,0,3,3,2,2,,,,,,1,2,2,,,,,,,,,None
60ffd5830c84e79af35b8080,7/26/25 8:16,937,,,1,,25,0,3,,1,3,,,,,,,,,2,,1,,2,3,5,1,1,3,4,5,1,1,1,3,3,2,3,3,3,2,2,2,4,0,1,120000,150000,2,155000,138000,283000,337000,2,315000,298000,7000,0,7000,0,8000,6,10,0,0,2,0,0,0,2,4,5,3,2,1,5,2,5,1,5,4,1,1,1,2,,1,,,1,,0,0,,,,1,,,,,1,1,Texas,77380,2,Texas,Houston,2,4,6,8,8,6,1,,,,,,3,3,1,,,,,,,,
601ad7d2a9021c3bb92dcf5c,7/26/25 8:16,1006,,,1,,28,0,3,1,,3,,,,,,,,,6,,,1,2,3,4,4,-1,4,3,3,-1,1,2,3,4,2,1,2,2,3,3,3,3,0,1,19000,50000,2,30000,10000,19000,50000,2,50000,20000,40000,1,40000,1,40000,1,1,0,0,0,0,0,0,5,1,3,4,5,2,5,3,4,4,3,1,3,1,1,3,1,,,1,,,1,2,,,1,,,,,,1,1,Florida,32216,3,Alabama,Mayport,3,0,3,3,3,3,,,,,,1,2,2,,,,,,,,,
631c8e97db06f601f81bd82f,7/26/25 8:16,1011,1,1,.80000001,,28,0,2,1,,3,,,,,,,,,6,1,,,5,4,4,5,5,4,5,5,4,4,5,3,4,5,2,2,1,4,4,4,3,1,0,98000,107000,2,120000,101000,,,,,,85000,1,101000,1,106000,2,4,0,2,2,0,2,2,4,1,3,5,4,2,4,3,4,2,3,2,3,3,4,3,1,,,1,,,1,2,,,,,,,1,,1,1,Rhode Island,02861,2,Rhode Island,Pawtucket,2,0,7,7,3,5,1,,,,,,1,1,,1,,,1,,,1,
67dad66fd659797310deb87f,7/26/25 8:16,2376,,,.69999999,,20,1,5,,1,1,,,,,1,1,,,6,1,,,4,4,5,5,2,5,4,4,4,4,4,3,3,2,2,3,2,2,3,3,3,1,1,42000,120000,2,150000,40000,,200000,2,170000,200000,70000,1,150000,1,230000,10,1,0,0,0,0,0,0,5,2,4,1,5,3,4,4,4,3,2,3,4,4,4,2,,1,,,,1,0,1,,,,,,,1,,1,1,Texas,78404,3,Texas,Corpus Christi,2,0,6,7,7,7,1,,,,,,3,3,,1,,,,,,,
5efe7ad27d413c3869386ef7,7/26/25 8:17,588,,,1,,26,1,4,,1,3,,,,,,,,,6,1,,,2,3,5,3,1,5,4,3,5,3,3,2,2,2,1,2,1,3,3,3,2,0,1,18000,75000,1,50000,45000,32000,130000,1,170000,100000,65000,1,65000,1,60000,6,7,0,0,2,0,0,0,3,1,2,3,4,5,3,2,1,1,3,1,1,3,2,3,,1,,,1,,2,2,,,,,,,1,,1,1,Kentucky,42420,1,Indiana,Evansville,3,0,4,5,4,4,1,,,,,,2,2,,,,,,,,,
6704304cf839621ba18d9529,7/26/25 8:17,821,,,.80000001,,28,1,5,,1,5,1,1,,,,,,,5,1,,,4,2,5,3,2,5,5,5,5,3,1,2,2,2,2,2,1,1,1,3,3,0,1,60000,100000,2,120000,120000,120000,250000,2,220000,220000,150000,1,200000,0,250000,1,5,0,0,2,0,0,0,2,2,5,3,4,1,4,4,5,1,2,2,2,1,1,4,1,,,1,,,0,2,,,,1,,,,,1,0,Arizona,85364,3,Arizona,Yuma,3,0,6,7,1,1,1,,,,,,2,2,1,,,1,,,,,
63d4393f67ae4bf53fce7c48,7/26/25 8:17,789,,,.89999998,,25,1,5,1,,5,,,,1,,,,,7,,,1,1,1,5,2,1,4,5,5,5,1,1,1,2,-1,1,1,1,-1,1,2,2,1,0,30000,100000,1,100000,40000,,,,,,30000,1,80000,1,80000,5,1,0,2,2,0,0,0,3,3,1,5,4,2,4,3,4,3,3,2,2,2,3,5,1,,,,,1,0,2,,1,,,,,,,1,0,Pennsylvania,,2,Pennsylvania,,2,0,6,6,3,3,1,,,,,,3,3,,,1,1,,,,,Questions were clear and easy to understand and I thought the study length was definitely appropriate. 
668dcf54b27159d0a8bedbad,7/26/25 8:17,1228,,,1,,27,1,4,1,,3,,,,,,,,,6,,1,,2,2,4,3,3,4,4,4,5,5,5,3,3,1,2,2,2,1,2,3,3,0,1,36000,45000,2,45000,40000,50000,80000,2,80000,60000,60000,0,60000,0,70000,10,10,0,2,2,0,0,2,4,2,1,4,5,3,1,3,4,1,4,2,2,2,3,5,,1,,,,1,0,0,,,,,,,1,,1,1,New Jersey,08201,2,New Jersey,Vineland ,2,0,4,4,3,3,1,,,,,,2,2,,,,,,,,,
671fef4fbb7859f8518c4ab2,7/26/25 8:17,534,,,1,,27,1,4,1,,4,,1,1,,,,,,7,,,1,1,1,5,2,2,4,4,4,4,1,2,2,2,1,2,2,1,3,2,3,3,0,1,40000,65000,1,75000,50000,40000,60000,1,75000,50000,100,0,100,0,100,1,6,0,2,2,0,0,0,2,3,1,2,5,4,5,3,4,2,3,3,2,1,1,3,,1,,,1,,0,0,,,,,,,1,,1,1,North Carolina,28315,2,Massachusetts,Newton,3,0,6,7,5,3,1,,,,,,3,3,1,,,1,,,,,
62b20c0065e9809e66d13fa5,7/26/25 8:18,626,,,.89999998,,26,1,4,,1,4,,1,,,,,,,6,,,1,2,4,5,5,2,5,4,3,4,1,2,2,4,1,2,2,2,3,3,3,2,0,1,35000,85000,2,100000,50000,75000,120000,1,200000,90000,65000,1,100000,1,100000,3,7,0,0,1,0,0,0,4,1,4,2,5,3,4,3,2,3,4,2,2,2,2,4,1,,,,,1,0,2,,,,,,,1,,1,1,New York,14580,2,New York,Webster ,2,0,3,3,4,3,1,,,,,,2,2,,1,,,,,,,No questions we’re confusing and everything went smooth!
6127acfefe55496869afbc4d,7/26/25 8:19,517,,,1,,24,1,5,1,,3,,,,,,,,,6,1,,,2,1,5,2,1,4,5,4,4,5,1,2,3,-1,2,2,3,2,2,3,3,0,1,22000,50000,2,60000,35000,50000,100000,2,100000,70000,30000,1,100000,1,100000,1,1,0,0,0,0,0,0,4,2,1,4,5,3,5,1,4,2,3,1,1,1,2,4,1,,,,1,,0,1,,1,1,,,,,,1,1,Florida,33884,2,Florida,Plant City,1,0,6,6,6,7,,1,,,,,3,3,1,,,1,,,,,
675ef562e1a4f4bfb8938d6d,7/26/25 8:19,792,,,1,,23,1,4,1,,4,,1,,,,,,,6,,1,,2,1,5,3,2,5,5,5,5,2,4,1,2,1,1,2,1,4,3,2,3,1,1,50000,70000,2,70000,65000,,70000,2,85000,65000,55000,0,65000,0,70000,5,3,0,0,2,0,0,0,4,1,5,3,4,2,4,3,4,3,3,2,1,1,3,4,,1,,,,1,0,0,,,,,,,1,,1,1,Tennessee,37214,2,Idaho,Hayden,1,0,6,6,6,4,1,,,,,,3,3,1,,,,,,,,
667c9f9c07cc857002729af5,7/26/25 8:19,496,,,1,,27,1,5,,1,1,,,,,,1,1,,6,,,1,1,1,5,1,1,5,5,4,5,4,1,2,2,1,1,-1,2,3,4,4,2,0,0,30000,150000,2,100000,80000,30000,,,,,85000,0,100000,0,150000,3,3,0,0,0,0,0,0,4,1,4,2,5,3,5,3,2,4,3,2,4,2,3,4,,1,,,,1,0,0,,,,,,,1,,1,1,Ohio,43215,3,Ohio,Columbus,2,0,4,6,3,6,,1,,,,,3,3,1,,,1,,,,,
5dd4c2f2390fb648f7baf4d2,7/26/25 8:19,486,1,,.30000001,,28,1,5,,1,5,,,,1,,,,,4,,,1,1,2,4,4,1,5,5,5,5,-1,3,2,3,1,1,1,1,4,3,1,1,1,0,4000,10000,3,15000,10000,,,,,,30000,1,30000,1,30000,1,1,0,0,0,0,0,0,5,1,3,4,5,2,5,5,1,4,1,1,4,2,3,5,,1,,,,1,5,5,,,,,,,1,,1,1,Michigan,49265,1,Michigan,Onsted,1,0,2,2,2,3,,,1,,,,3,3,,,,,,,,,
5c7d6064f066ff001468d0f5,7/26/25 8:19,771,,,1,,24,1,5,,1,3,,,,,,,,,7,1,,,1,1,5,3,1,5,5,5,5,-1,4,-1,1,1,1,3,-1,1,2,1,1,0,1,10000,40000,3,55000,25000,10500,45000,3,50000,25000,20000,0,50000,0,40000,1,1,0,0,2,0,0,0,4,2,3,4,5,1,4,1,1,3,5,2,2,1,4,4,1,,,,,1,0,0,,,,,,,1,,1,1,Ohio,43952,2,Utah,Layton,2,0,5,7,4,6,,1,,,,,3,3,1,,,1,,,,,n/a
6735456e8034ea7e61eac785,7/26/25 8:19,740,,,1,,28,1,5,,1,5,,1,1,,,,,,7,1,,,1,1,5,4,1,5,5,5,5,4,1,1,3,2,2,2,1,2,3,4,1,0,1,2000,20000,2,50000,1000,78000,150000,1,175000,110000,75000,1,85000,1,95000,1,1,0,0,2,0,0,0,4,1,2,5,4,3,4,2,2,3,1,4,1,3,2,1,,1,,1,,,2,2,,,,,,,1,,1,1,Nevada,89005,2,Washington,"Sedro Woolley, WA",1,0,7,7,4,3,,,,,1,,3,3,1,,,,,,,,
65cb7b14e78fc98ecd71d8de,7/26/25 8:19,603,1,,.5,,25,1,5,1,,5,,,1,,,,,,6,,,1,1,3,5,1,1,5,5,5,5,4,3,2,3,1,2,-1,-1,1,1,2,2,1,1,55000,150000,1,200000,100000,,200000,2,300000,150000,80000,0,100000,0,120000,4,3,0,2,2,0,0,2,3,2,3,1,5,4,2,3,3,3,3,3,2,2,3,5,,1,,,,1,0,-1,,1,,,,,,,1,0,New York,10029,3,New York,New York City,3,0,6,7,2,1,1,,,,,,3,3,1,,,,,,1,,
5af1c437bfb51a000181d170,7/26/25 8:20,641,,,1,,29,1,4,,1,3,,,,,,,,,6,1,,,2,3,4,3,2,5,5,2,4,5,2,3,2,2,2,3,2,1,2,2,2,0,1,35000,65000,2,65000,50000,35000,65000,1,55000,50000,65000,1,70000,1,80000,1,1,0,0,0,0,0,0,3,1,2,3,4,5,2,5,2,3,3,1,1,2,3,4,,1,,,,1,1,2,,,1,,,,,,1,1,Michigan,49507,3,Michigan,Grand Rapids,3,0,4,4,4,4,1,,,,,,3,3,1,,,1,,,1,,
67a90392624d08b1d0638113,7/26/25 8:20,3102,,,.80000001,,22,0,5,,1,3,,,,,,,,,6,,,1,1,1,5,5,5,5,3,2,4,2,1,2,3,2,1,3,3,3,3,3,4,1,1,85000,700000,2,700000,85000,,900000,1,900000,550000,170000,1,500000,1,700000,10,6,0,0,2,0,0,0,4,2,4,1,5,3,2,4,4,2,4,4,3,2,1,2,1,,,,,1,0,0,,,,,,,1,,1,1,Texas,78114,2,North Carolina,Ashevile,3,0,7,9,7,9,1,,,,,,3,3,1,,,1,,,,,
663cd2e62b346f2ce75b4971,7/26/25 8:20,1684,,,1,,28,1,4,1,,5,,,,1,,,,,6,,1,,1,1,5,4,1,3,5,4,5,1,1,2,3,1,1,2,2,3,3,3,2,0,1,25000,60000,2,75000,60000,75000,100000,1,100000,90000,90000,1,90000,1,90000,2,2,0,0,0,0,0,0,5,1,4,2,5,3,5,5,3,3,5,1,2,2,2,5,,1,,1,,,3,-1,,,,,,,1,,1,1,Mississippi,39702,1,Mississippi,Columbus,3,4,6,8,3,3,1,,,,,,2,2,,1,,,,1,,,
66e8661e0c5e57cda7bf2d39,7/26/25 8:22,993,,,.89999998,,27,1,5,,1,4,,1,1,,,,,,6,1,,,1,1,5,2,1,5,5,5,5,1,4,3,2,1,2,2,1,3,3,3,2,0,1,45000,120000,1,157000,65000,125000,175000,1,250000,100000,75000,0,100000,0,100000,4,5,0,0,2,0,0,0,2,1,2,5,3,4,4,2,2,2,2,3,2,2,3,4,1,,,,,1,0,0,,,,,,,1,,1,1,New Jersey,07069,2,New Jersey,,2,0,6,6,6,7,1,,,,,,3,3,1,,,1,,,,,none
67ddcafab776e1ab848f7de0,7/26/25 8:22,3119,,,1,,29,1,3,1,,4,,,1,,,,,,5,,,1,3,4,4,3,4,4,4,4,3,2,4,3,2,2,2,2,2,3,3,4,3,0,1,90000,90000,2,92000,73000,90000,90000,2,90000,90000,90000,1,90000,1,90000,8,9,0,0,2,0,2,0,4,5,2,4,3,1,4,4,4,3,3,2,3,3,3,3,1,,,1,,,0,2,,,,,,,1,,1,1,California,94127,2,California,California,2,3,6,7,6,6,1,,,,,,1,1,,1,,,1,,,1,none so far
5dea10b4446c9012dc5e3fe3,7/26/25 8:22,527,,,1,,29,1,5,,1,4,,,1,,,,,,6,,,1,1,1,4,2,2,5,5,2,4,1,1,2,2,1,1,1,2,3,3,2,1,1,0,5000,15000,1,25000,5000,,,,,,30000,0,40000,0,40000,1,1,0,0,0,0,0,0,4,3,2,5,4,1,5,2,1,3,2,1,2,2,3,5,,1,,1,,,0,0,,,,,,,1,,1,1,Ohio,44105,2,Ohio,Parma,2,0,3,3,6,4,,,,,1,,3,3,1,,,1,,,,,
5c9567e99d4cac0011609746,7/26/25 8:22,1031,,,1,,26,1,5,1,,4,,1,1,,,,,,7,1,,,1,1,5,2,4,5,5,5,5,1,4,2,4,1,2,2,1,3,3,2,4,0,1,52000,60000,2,75000,52000,102000,125000,2,135000,105000,80000,1,125000,1,135000,2,2,0,0,2,0,0,0,4,4,3,5,1,2,5,2,4,3,4,1,2,3,2,4,1,,,1,,,0,3,,,,,,,1,,1,1,Florida,32826,3,Pennsylvania,Bethlehem,3,4,6,8,6,7,1,,,,,,2,2,,,,,,1,,,
61075fc1e485661aaf80d2cb,7/26/25 8:22,714,,,1,,22,0,3,1,,3,,,,,,,,,4,,1,,2,2,4,5,4,1,1,2,4,1,2,1,3,1,3,3,3,2,3,3,4,0,1,50000,100000,2,130000,70000,75000,140000,2,200000,100000,40000,1,60000,1,70000,5,10,0,2,2,0,0,2,2,1,3,2,5,4,4,3,5,1,5,4,1,2,2,3,,1,,,1,,0,2,,,,,,,1,,1,1,Wyoming,82070,1,Wyoming,Saratoga,1,0,6,8,5,5,1,,,,,,1,1,,1,,,1,,,,
67d9cd0c9ebb3eb9febb0a91,7/26/25 8:22,2137,,,.80000001,,21,1,4,1,,4,,,1,,,,,,7,1,,,2,1,5,4,2,5,3,4,5,3,4,3,3,1,2,2,2,3,3,3,3,0,1,29000,60000,2,70000,50000,47000,90000,2,100000,60000,60000,1,70000,1,68000,6,3,0,0,2,0,0,0,4,3,4,2,5,1,4,5,5,3,5,3,2,1,3,3,,1,,,,,0,2,,,,,,,1,,1,1,District of Columbia,37311,3,Ohio,Cleveland,3,2,3,7,3,3,,1,,,,,1,1,,1,,,1,,,,
63643728a38eaad0e7a70ee4,7/26/25 8:22,898,,,1,,28,1,5,,1,5,,1,1,,,,,,6,,,1,1,1,5,1,1,5,5,5,5,1,1,1,2,1,1,2,1,3,2,2,2,0,1,27000,48000,1,76000,31000,74500,120000,1,130000,96000,90000,0,90000,0,100000,5,5,0,2,2,0,0,2,3,2,1,5,4,3,5,1,1,3,1,2,3,2,4,5,1,,,,1,,0,0,,,,,,,1,,1,1,Nebraska,68512,3,Nebraska,Lincoln,3,0,7,7,6,6,1,,,,,,3,3,1,,,1,,,,,
5e86612cb774d029474e0c8f,7/26/25 8:23,1241,,,1,,27,1,5,,1,5,1,,,,,,,,6,,,1,1,3,5,5,4,4,3,5,5,5,3,4,4,1,2,3,2,2,2,2,3,1,0,10000,12000,3,17000,12000,,,,,,30000,0,30000,0,40000,3,6,0,0,0,0,0,0,4,1,3,2,5,4,5,1,5,4,3,4,3,2,4,4,,,1,,,1,0,-1,,,1,,,,,,1,1,Georgia,31216,2,New York,White Plains,3,0,6,6,5,3,,,,,,1,3,3,1,,,1,,,,,
67329e974d0c9d4221e4c4ac,7/26/25 8:24,906,,,1,,26,0,3,,1,3,,,,,,,,,3,1,,,3,4,5,3,4,5,3,4,4,2,4,3,3,2,1,2,1,3,3,3,2,0,0,30000,35000,1,50000,30000,30000,,,,,50000,1,50000,0,40000,3,3,0,0,0,0,0,0,4,2,4,3,5,1,4,1,1,3,2,1,2,1,2,1,,1,,1,,,1,1,,,,,,,1,,1,1,Ohio,45887,1,Ohio,Lima,1,0,3,3,3,3,1,,,,,,1,1,,,,,,,,1,
677622cc43d924c6cb045c77,7/26/25 8:25,957,,,1,,29,1,2,,1,4,,1,,,,,,,6,1,,,4,4,4,5,4,3,4,4,5,4,4,4,5,2,2,3,2,2,2,1,4,1,1,50000,82000,3,82000,85000,,115000,3,115000,110000,115000,1,110000,1,112000,8,5,0,2,2,0,2,2,5,5,3,4,2,1,4,4,5,4,4,2,4,4,3,4,,1,,1,,,1,2,,,,,,,1,,1,1,Delaware,19804,3,Delaware,"USA,DE",3,4,7,7,6,6,1,,,,,,1,1,,1,,,1,,1,,Very interesting study 
5b5c0a482696a70001ee5958,7/26/25 8:25,518,,,1,,25,1,4,,1,3,,,,,,,,,6,1,,,1,1,4,2,1,4,4,4,5,3,2,3,4,2,3,3,3,3,4,3,4,0,0,120000,180000,2,240000,140000,170000,,,,,70000,1,130000,1,140000,5,10,2,2,2,0,0,2,2,1,2,4,5,3,2,2,5,2,4,3,2,1,2,3,1,,,,,1,0,3,,,,,,,1,,1,1,Washington,98103,3,Washington,Yakima,2,4,6,7,7,8,1,,,,,,3,3,1,,,1,,,,,
663804db4a6604d0e14fdb17,7/26/25 8:25,808,,,1,,29,1,4,1,,5,,,,1,,,,,6,1,,,2,1,4,3,2,5,5,5,5,5,2,2,2,1,1,2,1,2,2,3,2,0,1,30000,50000,1,50000,20000,50000,70000,1,60000,30000,75000,0,75000,0,75000,1,1,0,0,0,0,0,0,4,2,1,5,3,4,4,4,3,3,3,1,2,2,3,5,,1,,1,,,0,0,,,,,,,1,,1,1,California,95691,1,California,Lincoln,1,0,4,4,3,1,,,1,,,,3,2,,,,,,,,1,
6716583ca4af584018d91a42,7/26/25 8:25,379,,,1,,28,0,4,1,,4,,1,1,,,,,,7,1,,,1,1,5,5,1,5,5,5,5,5,1,2,2,1,1,2,1,3,3,3,2,0,1,47000,100000,1,85000,65000,95000,200000,1,150000,110000,100000,1,200000,1,200000,1,1,0,0,0,0,0,0,3,2,3,1,4,5,4,2,5,2,1,1,3,2,2,4,,1,,,1,,0,-1,,,,,,,1,,1,1,Colorado,80228,2,Ohio,Lyndhurst,2,0,6,7,6,4,1,,,,,,3,3,1,,,1,,,,,
5d8d5cc4c83a770013213a84,7/26/25 8:25,540,,,.80000001,,22,1,5,1,,5,,,,1,,,,,7,,1,,1,1,5,1,1,5,5,5,5,2,2,1,2,2,2,-1,-1,3,1,2,5,0,1,45000,100000,1,100000,40000,50000,150000,1,200000,75000,40000,0,50000,0,50000,5,2,0,0,0,0,0,0,3,3,1,4,5,2,4,5,2,4,1,1,2,4,4,5,1,,,,1,,0,0,,1,,,1,,1,1,1,1,Ohio,43402,2,Ohio,Waterville,2,3,4,9,7,4,,,1,,,,3,3,,,,,,,,,"I don't consider myself liberal. I consider liberals to be conservative, as in the global sense, our most ""liberal"" politicians are notably conservative. I'm a communist. That said, I chose ""liberal"" because it was the best option. I think the length of the survey was just fine and I'd be happy to take a longer survey with the same contents. It gave me a lot to think on."
65fc7ba79a39884679375a98,7/26/25 8:25,1071,1,,.2,,26,0,4,1,,4,,1,,,,,,,3,,,1,1,1,2,5,4,4,1,2,4,4,4,2,4,1,2,2,2,1,1,3,3,0,1,0,150000,1,180000,75000,90000,180000,1,250000,95000,80000,0,120000,1,135000,1,5,0,2,2,0,0,2,3,3,1,2,5,4,1,1,4,2,4,2,3,1,2,4,1,,,,,1,0,3,,,,1,,,,,1,0,Florida,32712,2,Florida,apopka,2,0,6,6,3,3,1,,,,,,2,2,,1,,,1,,,,it was a good survey not much for me to say.
611692a4e50bab52864b978f,7/26/25 8:26,976,,,1,,27,1,5,,1,3,,,,,,,,,3,,,1,1,1,2,3,1,5,5,4,5,1,2,1,2,2,-1,1,1,2,-1,2,2,0,1,9000,9000,1,15000,9000,20000,30000,1,30000,20000,2240,0,2240,0,30000,2,2,0,0,2,0,0,0,4,2,1,4,5,3,5,3,5,1,3,1,1,3,1,5,,,1,,,1,0,0,,,,,,,1,,1,1,Florida,34286,3,Illinois,Chicago,3,0,3,3,3,,,,,,1,,3,3,1,,,1,,,,,
5b0b3ef830d562000155366f,7/26/25 8:26,1771,,,1,,25,1,5,,1,4,,1,,,,,,,6,,1,,1,1,5,1,1,5,5,5,5,4,2,1,2,4,3,3,3,3,3,3,4,1,1,84000,160000,3,160000,90000,,300000,2,250000,200000,95000,1,350000,1,350000,2,1,0,0,0,0,0,0,3,1,2,4,3,5,2,3,5,2,3,2,2,2,1,3,,1,,,,1,0,2,,,1,,,,,,1,1,Virginia,22202,3,Florida,Coral Springs ,2,4,6,7,2,4,1,,,,,,3,3,1,,,1,,,,,
650764c3a197814ab15f8237,7/26/25 8:26,689,,,.89999998,,22,0,3,1,,3,,,,,,,,,2,1,,,2,4,5,4,5,3,1,3,2,2,5,2,3,2,2,2,2,1,3,3,1,0,1,5000,85000,2,150000,50000,120000,220000,1,400000,150000,85000,1,160000,1,160000,1,3,0,0,2,0,0,0,4,3,1,4,2,5,4,5,1,3,3,3,1,1,2,4,1,,,,,1,0,2,,,,,,,1,,1,1,New York,14075,1,New York,Boston,1,0,5,6,6,6,,,1,,,,1,3,,1,,,1,,1,,
6619aa4a50780ebcbb2014a9,7/26/25 8:27,814,,,.89999998,,25,1,3,1,,3,,,,,,,,,4,,1,,2,3,5,2,3,4,3,3,4,3,2,3,4,1,1,-1,-1,3,3,3,3,0,1,20000,45000,1,70000,15000,20000,35000,1,55000,15000,40000,0,50000,0,50000,3,10,0,0,0,0,0,0,4,3,4,1,5,2,4,1,3,3,3,2,3,1,1,4,1,,,,,1,0,-1,,,,1,,,,,0,0,California,92231,2,California,Calexico California,2,0,3,6,6,6,,,,,,1,2,2,,,,,1,,,,
67168533669fab32329e1191,7/26/25 8:27,1928,,,.80000001,,29,1,4,,1,2,,,,,1,,,,4,,1,,4,5,5,5,4,5,4,5,4,5,4,1,1,2,3,3,3,3,4,2,4,0,1,75000,5000,2,500000,400000,75000,500000,2,450000,400000,600000,1,85000,0,90000,3,3,0,0,0,0,0,0,4,5,2,4,3,1,4,4,4,4,4,4,2,3,4,4,1,,,1,,,2,3,,,,,,,1,,1,1,New York,11950,3,New York,Shirley,3,4,7,7,6,6,1,,,,,,1,1,1,,,1,,,,1,nothing was confusing  
611dda71c30c1087b1b922f0,7/26/25 8:27,953,,,1,,27,1,5,,1,5,,1,1,,,,,,3,1,,,1,1,5,2,1,5,5,-1,5,5,1,2,3,1,1,3,2,3,3,2,2,1,1,24000,240000,3,350000,100000,,600000,3,800000,400000,100000,1,150000,1,150000,1,2,0,0,2,0,0,0,4,1,2,3,5,4,4,5,3,3,2,1,3,4,3,5,,,1,,,1,0,5,,,1,,,,,,1,1,Illinois,60643,3,Illinois,Chicago,3,0,6,9,7,7,,,1,,,,3,3,1,,,1,,,,,
67293caa51ad7e5f7c2153c9,7/26/25 8:27,1387,,,.80000001,,25,0,4,,1,3,,,,,,,,,4,1,,,1,1,5,5,3,1,4,3,5,2,5,4,5,-1,3,3,1,2,4,4,3,1,1,50000,80000,1,100000,50000,,100000,1,100000,50000,10000,1,50000,1,60000,5,5,0,0,2,0,0,0,3,3,2,5,4,1,4,3,5,1,4,4,1,1,1,2,1,,,,,1,0,-1,,,,,,,1,,1,1,Arkansas,72601,1,Iowa,Lee,1,0,5,5,3,2,1,,,,,,2,2,,,,,,,,,
665e313a25cb5f40960dcc3e,7/26/25 8:28,846,,,1,,26,1,4,1,,3,,,,,,,,,5,1,,,1,4,4,5,5,1,2,2,2,4,5,3,3,1,2,3,1,3,3,3,2,0,1,2000,70000,2,50000,30000,30000,120000,1,140000,50000,40000,0,40000,1,70000,1,1,0,0,0,0,0,0,3,1,2,4,5,3,5,3,1,3,2,1,2,1,4,4,1,,,,,1,0,2,,,,,,,1,,1,1,Alabama,35206,3,Alabama,Birmingham ,3,0,3,4,4,6,,,,,,1,1,1,,1,,,,,1,,
60db58d0caaad90d54013aa7,7/26/25 8:28,820,,,1,,24,1,5,1,,3,,,,,,,,,5,,,1,1,1,5,2,2,4,5,4,5,1,1,1,2,1,2,2,3,3,2,3,3,0,1,65000,80000,2,100000,60000,110000,160000,2,200000,100000,100000,1,150000,1,180000,1,5,0,0,0,0,0,0,4,2,3,4,5,1,4,1,5,2,4,2,1,1,2,3,,1,,1,,,1,1,,,,,,,1,,1,1,Virginia,24374,1,Virginia,Bluefield,1,0,6,7,6,5,1,,,,,,2,2,,1,,1,,,,,
668be3dee373b5f7a21a2f05,7/26/25 8:28,652,,,.89999998,,20,1,4,,1,4,,1,,,,,,,7,,1,,4,3,4,5,4,5,-1,5,4,-1,4,2,3,1,1,2,2,5,1,2,2,0,1,1000,100000,3,130000,60000,5000,50000,3,150000,180000,80000,1,80000,1,80000,2,1,0,0,2,0,0,0,2,3,2,1,4,5,2,3,1,4,2,1,4,2,3,5,1,,,,,1,0,2,,,,,,,1,,1,1,Louisiana,70544,3,Louisiana,Jeanerette,3,0,3,4,4,1,,,,,,1,1,2,,1,,,,,,,
67b8f459f36ac348b98d6cad,7/26/25 8:28,2870,,,1,,24,0,4,1,,4,,1,,,,,,,6,1,,,3,4,4,2,1,4,4,4,4,3,2,3,3,5,2,2,2,3,3,4,4,0,1,175000,185000,1,195000,45000,198000,250000,2,275000,100000,125000,0,,1,175000,7,10,0,0,2,0,0,0,4,3,2,1,4,5,4,1,5,1,3,3,2,1,1,2,,1,,,,1,0,3,,,,,,,1,,1,1,New Jersey,08002,2,Florida,Orlando,3,0,7,8,7,9,1,,,,,,1,3,,1,,,,,1,,
67651ff437fd7bc2394e26e0,7/26/25 8:28,780,,,1,,26,0,4,,1,2,,,,,,,1,,5,1,,,1,3,5,3,2,4,3,2,-1,-1,5,3,4,2,2,3,3,3,3,3,1,0,1,7000,60000,2,100000,35000,70000,60000,2,100000,35000,40000,0,40000,1,70000,6,1,0,0,0,0,0,0,4,1,2,5,3,4,5,2,3,3,2,1,2,1,4,4,1,,,,,1,0,-1,,,,,,,1,,1,1,Kentucky,41240,1,Kentucky,Paintsville,1,0,4,6,5,4,,,,,,1,2,2,,,,,,,1,,Survey was clear and of appropriate length!
66507498defbe7e5391e2165,7/26/25 8:28,1024,,,1,,19,1,5,1,,3,,,,,,,,,7,,,1,3,2,4,2,2,4,4,4,-1,-1,4,2,3,2,2,2,2,2,2,3,2,0,1,8000,170000,2,130000,100000,75000,225000,1,180000,150000,90000,0,120000,1,160000,2,1,0,0,2,0,0,0,3,1,2,3,5,4,3,2,4,1,1,1,2,1,1,3,1,,,,,1,0,-1,,,1,,,,,,1,0,Maryland,21214,3,Maryland,Baltimore,3,3,4,6,6,6,,,,1,,,3,3,1,,,,,,,,
687f868f1b9b5e2d9c9c2f0e,7/26/25 8:29,647,,,1,,27,0,4,1,,2,,,,,1,,,,6,1,,,4,5,5,4,1,5,2,5,4,1,5,4,4,5,3,3,3,1,1,1,4,1,0,40000,200000,3,225000,170000,,,,,,10000,1,200000,1,225000,2,5,0,2,2,0,0,2,1,1,2,4,5,3,1,4,5,1,5,2,1,1,1,3,1,,,,,1,0,2,,1,,,,,,,1,0,New York,10465,3,New York,New York City,3,6,9,9,1,1,1,,,,,,2,2,,,,,,,1,,
6679d2f916fe8e0bccf073b7,7/26/25 8:29,859,,,1,,25,1,4,1,,4,1,,,,,,,,5,,1,,2,2,4,2,2,5,3,4,4,2,2,2,3,2,3,3,2,4,4,4,4,0,1,125000,250000,2,300000,160000,195000,300000,2,400000,160000,130000,1,180000,1,250000,5,10,0,2,2,0,2,2,2,1,5,2,3,4,2,4,5,2,3,4,2,2,2,3,1,,,,1,,0,3,,,1,,,,1,,0,1,Colorado,80211,3,Virginia,mclean,2,0,6,7,7,8,1,,,,,,1,3,1,,,,1,,,,
66ecae7c719f9db1fdc9c708,7/26/25 8:29,366,,,.89999998,,29,1,3,,1,3,,,,,,,,,1,,,1,4,3,2,4,3,2,1,1,4,2,1,3,3,2,3,3,3,3,2,2,4,1,1,300000,500000,2,600000,300000,,500000,2,500000,300000,200000,1,200000,1,200000,1,10,0,0,2,0,0,0,5,1,3,4,5,2,1,4,4,2,5,3,1,1,1,2,1,,,,,1,0,2,,,,,,,1,,1,1,California,92109,3,Florida,tampa,3,0,9,9,7,6,1,,,,,,2,2,,1,,,,,,,
67a908afd56a6f9e4bf0d17d,7/26/25 8:30,1152,,,.89999998,,24,1,4,1,,5,,,1,,,,,,6,,,1,2,2,5,2,1,5,5,2,5,1,2,2,3,1,2,2,2,2,3,2,3,0,1,60000,90000,2,130000,70000,150000,180000,2,240000,120000,150000,1,180000,0,200000,5,7,2,2,2,0,0,2,2,4,2,5,1,3,4,3,4,3,3,2,2,3,2,4,1,,,1,,,2,3,,,,,,,1,,1,1,New York,14221,3,New York,New York,3,5,7,8,7,7,1,,,,,,1,1,,1,,,1,,,,The questions were clear and covered a wide range of relevant topics
67ad2f18d844906957575521,7/26/25 8:30,1677,,,.89999998,,23,1,4,,1,4,,,1,,,,,,5,,1,,2,5,4,5,-1,4,4,4,4,3,4,3,2,2,2,3,3,3,3,3,3,1,1,55000,200000,2,60000,50000,,200000,2,220000,180000,250000,1,500000,1,500000,8,6,0,0,0,0,0,0,4,1,3,4,5,2,4,5,4,3,2,3,3,3,3,3,1,,,,,1,0,3,,,,,,,1,,1,1,New York,10000,3,New York,New York,3,3,6,8,6,6,,1,,,,,2,2,1,,,1,,,,,no feedback
63d86d675509ff61463bddcd,7/26/25 8:30,1464,,,.89999998,,28,1,5,,1,5,,,1,,,,,,4,,,1,1,4,5,5,1,5,-1,5,5,1,5,3,1,1,2,2,-1,2,1,2,1,1,1,10000,60000,2,60000,30000,,100000,3,100000,80000,50000,1,60000,1,80000,2,4,0,0,1,0,0,0,5,1,3,4,5,2,5,1,1,4,1,2,4,1,5,5,,1,,,,,0,3,,,1,,,,,,1,1,Georgia,30311,3,Georgia,Atlanta,3,3,6,5,5,3,,,,1,,,2,2,,1,,,,,,,
60ad72b4b8730b3d5305329c,7/26/25 8:30,458,,,1,,26,1,4,1,,3,,,,,,,,,6,,,1,1,1,4,3,1,5,4,5,5,1,1,2,3,2,2,1,2,1,1,2,3,1,1,55000,120000,1,150000,90000,,180000,1,250000,120000,140000,1,150000,0,120000,4,5,0,2,2,0,0,1,3,2,1,5,4,3,4,3,4,3,2,2,3,2,3,5,,1,,,,1,0,1,,,1,1,,,,,1,0,Maryland,20746,2,Florida,Tampa,3,3,5,7,6,1,1,,,,,,3,3,,,,1,,,,,
5f2993920dddf60b87611e5c,7/26/25 8:30,427,,,1,,29,0,4,,1,3,,,,,,,,,6,1,,,1,1,5,1,1,5,5,4,5,4,2,3,2,1,1,3,2,2,3,2,3,0,1,112000,300000,2,1000000,25000,150000,300000,2,1000000,25000,150000,0,200000,0,250000,2,5,0,0,2,0,0,0,4,1,4,2,3,5,4,3,4,2,2,2,3,2,2,4,,1,,,,1,0,-1,,,,,,,1,,1,1,California,90210,2,California,Los Angeles,3,0,6,6,7,4,1,,,,,,3,3,1,,,1,,,,,
5f2bf7aa253520000bfc83b6,7/26/25 8:30,591,1,1,1,,29,1,5,,1,5,,1,,,,,,,7,,1,,1,1,5,3,4,5,5,5,5,5,1,3,3,1,1,1,1,1,1,1,2,0,1,45000,52000,2,55000,32000,45000,52000,2,58000,45000,55000,0,80000,0,100000,1,1,0,0,0,0,0,0,4,2,3,1,5,4,5,1,4,1,3,1,1,1,2,5,,1,,,,1,0,0,,,,,,,1,,1,1,Ohio,45373,1,Ohio,Cleveland,1,0,3,3,1,3,1,,,,,,3,3,1,,,1,,,1,,
67e8ffe90ba972b691421fcf,7/26/25 8:31,2184,,,1,,29,1,5,1,,5,,1,,,,,,,7,,1,,1,5,5,4,4,4,5,1,1,1,2,2,3,2,2,2,2,3,4,4,4,0,1,90000,150000,3,100000,70000,90000,300000,3,500000,300000,100000,1,200000,1,300000,3,4,0,0,2,0,0,0,4,1,5,2,3,4,4,5,4,2,3,2,3,2,3,3,1,,,1,,,2,3,,,,,,,1,,1,1,California,90801,3,California,Long Beach,3,4,7,9,7,7,1,,,,,,3,3,1,,,1,,,,,
5efa81523080998c396d15d7,7/26/25 8:31,1142,,,.80000001,,24,0,3,1,,3,,,,,,,,,5,,,1,2,2,3,4,2,5,3,4,4,1,2,4,5,5,2,3,3,2,2,2,2,0,1,30000,200000,2,275000,171000,149000,350000,1,400000,320000,80000,1,100000,1,120000,4,6,0,0,2,0,0,0,2,2,4,5,1,3,4,3,5,1,5,4,2,2,2,3,,1,,,,1,0,3,,,1,,,,,,1,0,Michigan,48197,2,Michigan,Ypsilanti,2,0,6,9,6,4,1,,,,,,2,3,,,1,1,,,,,I really appreciated the survey length and how clear and concise every question was.
63d83b5d3a1951db0fb600a4,7/26/25 8:32,1938,,,.80000001,,26,1,4,,1,3,,,,,,,,,7,1,,,1,2,5,3,1,5,5,4,5,1,1,1,2,1,2,2,2,3,3,3,4,1,1,98000,140000,2,165000,115000,,180000,2,210000,120000,80000,1,125000,1,145000,6,3,0,2,2,0,0,2,2,1,3,4,5,2,5,3,4,2,3,2,2,2,2,4,1,,,,1,,0,4,,,,,,,1,,1,1,New Hampshire,03076,2,Massachusetts,Winchester,2,0,9,9,3,4,1,,,,,,3,3,1,,,1,,,,,
60fef46ad3fef7593e28ead4,7/26/25 8:33,798,,,.89999998,,26,1,4,,1,4,1,,,,,,,,4,,1,,2,2,4,3,3,4,5,3,4,2,2,2,3,2,2,2,1,2,3,3,3,0,1,80000,100000,2,105000,80000,100000,110000,2,120000,80000,80000,1,100000,1,100000,2,5,0,0,0,0,0,0,2,1,2,5,4,3,4,2,4,1,3,1,1,2,2,3,,1,,1,,,1,1,,,,1,,,,,1,1,Washington,98498,2,Illinois,Antioch,2,0,4,4,3,4,,,1,,,,2,2,,1,,,1,,,,None
65e2e99b15f33bb381a36013,7/26/25 8:33,941,,,1,,21,1,5,1,,5,,,,1,,,,,7,,1,,2,1,5,2,1,5,5,5,5,1,1,2,2,1,1,1,1,2,1,3,1,0,1,4000,4000,1,5000,0,74000,70000,1,100000,50000,60000,0,100000,0,100000,5,1,0,0,0,0,0,0,4,3,1,4,5,2,4,1,4,4,3,2,3,3,4,5,,,1,,,1,0,0,1,,,,,,1,,1,1,Alabama,35645,1,Alabama,florence,1,0,3,3,6,3,,,1,,,,3,3,,,,,,,,,"I wanted to clarify that the reason i answered 4000 is because it is an estimate of how much i made within the last year. I am disabled and have never had a real job, i am self employed doing freelance work."
6127a727b031837da229b1e2,7/26/25 8:33,894,,,.80000001,,24,1,5,1,,5,,1,1,,,,,,7,1,,,1,1,5,2,1,5,4,5,5,1,1,1,4,1,3,3,3,2,1,4,3,1,1,40000,120000,3,170000,100000,,220000,1,300000,150000,50000,0,80000,0,100000,1,1,2,2,2,0,0,2,1,2,1,4,3,5,2,1,5,1,5,4,2,2,2,3,,1,,,,1,0,-1,,,,,,,1,,1,1,North Carolina,27701,3,Ohio,Mason,2,5,7,8,7,6,,,,1,,,3,3,1,,,1,,,1,,
663acb2a3d577942dd54b921,7/26/25 8:33,606,,,.80000001,,28,1,3,1,,3,,,,,,,,,3,,,1,3,2,3,5,3,2,2,3,3,1,4,3,3,1,1,3,1,2,2,2,3,1,0,88000,200000,2,250000,180000,,,,,,125000,1,150000,1,200000,2,3,0,0,2,0,0,1,3,1,2,4,3,5,1,5,3,2,3,1,3,1,3,4,1,,,,,1,0,-1,,,,,1,,1,,1,0,Massachusetts,02127,3,Rhode Island,Smithfield,2,0,6,6,3,4,1,,,,,,1,2,,1,,,1,,,,
601c1f550370f34ec49ab0b6,7/26/25 8:34,727,,,1,,29,1,5,,1,4,,1,,,,,,,4,1,,,2,2,4,4,2,4,4,3,4,2,5,2,3,1,2,2,1,3,3,2,3,0,1,9500,50000,1,75000,28000,59000,75000,1,135000,55000,55000,0,80000,0,90000,3,3,0,0,0,0,0,0,5,4,1,3,5,2,4,2,3,3,3,2,3,1,4,4,1,,,,,1,0,0,,,,,,,1,,1,1,Michigan,48059,2,Michigan,Port Huron,2,0,5,6,5,,,1,,,,,2,1,,1,,,1,,,,
614895cb03b189f771ad1267,7/26/25 8:34,426,,,.80000001,,29,1,5,,1,5,,,,1,,,,,7,,1,,1,1,5,-1,-1,3,5,5,5,5,1,1,1,1,1,2,1,3,3,2,2,0,1,18000,25000,1,30000,15000,20000,50000,1,60000,20000,100000,0,100000,1,200000,1,1,0,0,0,0,0,0,1,1,3,2,5,4,5,1,2,3,3,1,1,2,2,4,,1,,,1,,0,1,,,,,,,1,,1,1,North Carolina,27549,1,Missouri,Warsaw,1,0,4,4,4,4,,1,,,,,3,3,1,,,,,1,,,
609f4c9fb80290b21c5e5265,7/26/25 8:34,471,,,1,,26,0,1,,1,3,,,,,,,,,1,1,,,5,4,2,5,5,3,1,2,4,2,5,3,3,1,2,2,1,2,2,5,2,0,1,30000,40000,2,43000,0,65000,90000,2,100000,80000,60000,1,80000,1,100000,5,10,0,2,2,0,0,0,1,1,3,5,4,2,5,3,4,3,2,1,2,1,2,4,,1,,1,,,0,4,,,,,,,1,,1,1,Texas,75067,2,Colorado,Littleton,2,0,6,6,3,7,,1,,,,,1,1,,1,,,1,,,,
67fd46db088825e305648e1a,7/26/25 8:34,1701,,,1,,27,1,4,,1,5,,1,,,,,,,7,,1,,2,3,4,4,-1,5,4,3,2,3,4,3,3,2,2,2,-1,2,2,2,3,0,1,55000,80000,2,80000,80000,55000,80000,2,80000,80000,80000,1,80000,1,80000,2,3,0,0,0,0,0,0,5,3,4,1,5,2,3,4,4,1,5,4,4,2,2,4,,1,,1,,,1,3,,,1,,,,,,1,0,Pennsylvania,17572,2,Pennsylvania,Lancaster,2,0,6,7,6,4,1,,,,,,2,2,,,,,,,,,None
5faef0fba9c3220dc424c28b,7/26/25 8:34,1007,,,.60000002,,24,1,5,1,,5,,,,1,,,,,7,,1,,1,1,5,5,1,5,5,5,5,1,5,2,2,1,3,3,3,2,2,2,2,0,1,1164,30000,3,23000,19000,1164,30000,3,23000,19000,35000,1,40000,1,40000,10,10,0,0,0,0,0,0,5,4,2,5,1,3,5,4,1,4,1,1,1,1,3,1,1,,,,,1,0,2,,,,,,,1,,1,1,Kentucky,40445,1,Kentucky,Richmond,3,0,4,6,4,4,,1,,,,,2,2,,,,,1,,,,
66b01097e95b0626c2cd7b5c,7/26/25 8:35,781,,,1,,27,1,5,1,,4,,,,1,,,,,7,,,1,1,1,4,1,2,4,4,5,5,-1,2,2,1,1,2,2,2,1,1,1,3,0,1,44300,112000,3,120000,80000,50000,180000,3,200000,150000,70000,0,70000,0,70000,10,6,0,0,2,0,0,0,4,2,1,4,5,3,5,4,4,2,5,2,2,1,1,3,1,,,,1,,0,0,,,,1,,,1,,1,1,California,92708,2,California,Anaheim,2,4,7,7,1,2,,1,,,,,3,3,1,,,1,,,,,
5bd7cde93dac81000124bb7b,7/26/25 8:35,632,,,1,,29,1,4,,1,3,,,,,,,,,4,,1,,4,4,4,3,1,5,5,5,5,1,2,1,3,2,2,2,2,3,3,2,2,0,1,40000,90000,2,120000,45000,80000,140000,2,200000,90000,75000,1,80000,1,90000,9,1,0,2,2,1,2,2,1,3,1,5,2,4,5,3,4,3,5,2,2,2,3,5,,1,,,1,,0,1,,,,,,,1,,1,1,Colorado,80524,3,Florida,Sarasota,2,2,4,7,3,4,1,,,,,,2,3,,,1,1,,,1,,
61fa93435719bc09cb834c4f,7/26/25 8:35,779,,,.80000001,,26,1,5,1,,4,1,1,1,,,,,,2,1,,,1,1,5,2,1,5,5,5,5,4,2,1,2,1,2,2,2,3,2,3,3,0,1,62000,120000,3,220000,85000,75000,250000,2,350000,180000,70000,1,95000,1,85000,5,1,0,0,2,0,0,0,4,3,2,5,4,1,4,1,5,2,3,4,2,2,2,4,,1,,1,,,0,1,,,,,,,1,,1,1,Minnesota,55413,3,Iowa,Des moines,2,0,7,7,6,7,1,,,,,,3,3,1,,,1,,,,,
58c5455ac7ed3f000116d32c,7/26/25 8:35,1179,,,.89999998,,28,1,4,,1,2,,,,,,1,,,6,,1,,1,2,4,3,4,4,5,2,1,2,4,2,3,1,2,3,2,2,3,3,3,0,1,62000,82000,1,90000,75000,132000,180000,1,220000,165000,110000,1,135000,0,125000,3,4,0,2,2,0,0,2,2,2,4,1,5,3,2,3,4,2,3,3,4,2,2,1,,1,,1,,,1,2,,,,,,,1,,1,1,Vermont,05764,1,Vermont,Poultney,1,0,6,6,6,6,1,,,,,,3,3,1,,,1,,,,,
6717a3ab506a42c9725a54ab,7/26/25 8:35,2496,,,.60000002,,25,1,4,,1,4,1,1,1,,,,,,7,,,1,5,4,4,5,5,5,5,5,5,5,5,5,5,5,3,3,3,1,1,1,1,1,1,95000,150000,3,150000,140000,,140000,3,140000,150000,98000,1,110000,1,120000,3,4,0,0,0,0,0,0,4,5,2,4,3,1,2,4,5,1,5,4,1,2,2,1,,1,,1,,,2,4,,,,,,,1,,1,1,Texas,78701,3,California,nevada,2,6,7,7,3,2,1,,,,,,1,1,,1,,,1,,,1,
666149cb6a138209b157427b,7/26/25 8:35,1429,,,1,,28,1,5,1,,5,,,1,1,,,,,7,,,1,1,1,5,5,1,5,5,4,5,4,5,2,3,1,1,2,2,2,2,2,2,1,0,42000,45000,1,50000,30000,,,,,,48000,1,55000,0,48000,5,1,0,0,0,0,0,0,3,1,3,4,5,2,5,2,4,2,3,1,3,4,4,1,1,,,,,1,1,1,,,,1,,,1,,1,0,Florida,33189,2,Florida,Cutler Bay,2,0,6,6,4,3,1,,,,,,3,1,,1,,,1,,,,The survey was a pleasant experience for me. It did not feel too long in duration. Thank you for allowing me to participate!
61037a7204c3bfc31c1289dd,7/26/25 8:35,753,,,.89999998,,29,0,4,,1,2,,,,,,,1,,5,1,,,2,2,4,3,2,4,2,3,4,2,2,2,2,1,2,2,-1,3,3,3,3,0,1,33280,36000,2,36000,34000,89000,92000,1,95000,91000,95000,1,100000,1,100000,2,3,0,0,2,0,0,0,4,2,3,5,4,1,4,2,5,2,4,1,2,2,2,4,,1,,,,1,0,3,,,,,,,1,,1,1,Tennessee,37701,2,North Carolina,Newport,2,0,3,3,4,5,1,,,,,,2,2,,1,,,,,,,
66ba1b5273949100f8de1c0e,7/26/25 8:36,1163,,,.89999998,,23,1,4,1,,3,,,,,,,,,6,,,1,2,4,5,-1,2,4,5,4,4,3,4,4,3,5,2,2,2,3,4,4,2,1,1,20000,45000,3,50000,30000,,70000,2,50000,40000,35000,1,45000,1,55000,8,5,0,2,2,0,0,2,2,2,4,1,5,3,4,3,4,2,4,2,3,2,3,3,1,,,,,1,0,3,,,,,,,1,,1,1,Ohio,43224,3,Ohio,Columbus,3,4,6,7,6,6,,1,,,,,3,3,,1,,,1,,1,,
67ad0179aff1029fd6066bef,7/26/25 8:36,677,,,1,,23,0,4,,1,3,,,,,,,,,5,,,1,2,3,-1,4,-1,2,3,2,4,2,4,2,4,1,2,2,-1,1,3,3,3,0,1,48000,65000,1,70000,55000,98000,140000,1,160000,130000,130000,1,130000,1,140000,2,5,0,0,2,0,0,0,3,1,4,3,5,2,3,1,4,2,4,2,2,1,3,1,,1,,1,,,0,3,,,,,,,1,,1,1,Nebraska,68840,2,Kansas,Eudora,2,0,6,6,6,6,1,,,,,,1,1,,1,,,,,,,
5ee2d96eac3291203650f16e,7/26/25 8:36,475,1,1,1,,29,1,5,1,,3,,,,,,,,,7,,1,,1,1,5,2,1,5,5,4,5,1,4,1,1,1,1,1,1,1,1,1,1,0,1,5000,70000,1,70000,25000,10000,60000,1,60000,20000,40000,0,70000,0,80000,6,6,0,0,0,0,0,0,5,1,2,4,5,3,5,2,1,4,2,1,4,4,4,5,1,,,,,1,0,0,,,,,,,1,,1,1,Maryland,20871,2,Maryland,Rockville,2,0,3,4,3,2,,,,,,1,3,3,1,,,1,,,1,,i wouldnt say it was overly biased but i do feel there was a little bit of emphasis on more left-wing/liberal ideas like the wealthy paying more and the poor paying less in taxes
6797d5ada6654ec99f741b08,7/26/25 8:36,986,,,1,,23,1,3,,1,3,,,,,,,,,6,,1,,5,3,4,5,4,4,4,4,4,5,5,2,3,5,1,2,2,2,2,3,3,0,1,10000,40000,2,20000,5000,10000,40000,1,40000,10000,10000,1,30000,1,30000,1,1,0,0,0,0,0,0,4,1,3,2,5,4,4,4,4,3,4,2,2,2,3,4,,1,,,,1,0,1,,,1,,,,,,1,1,Ohio,43211,3,Ohio,Columbus ,3,2,5,5,3,3,,1,,,,,1,1,,1,,,1,,,,
60fcd35b87f5e52100483eef,7/26/25 8:37,525,1,1,1,,23,1,5,1,,5,,1,1,,,,,,5,1,,,1,1,5,3,1,5,5,5,5,2,2,2,2,1,1,2,2,2,2,3,2,0,1,500,80000,2,90000,40000,50000,110000,1,150000,70000,60000,0,70000,0,70000,2,1,1,2,2,0,1,2,2,1,4,5,3,2,4,1,3,2,4,1,2,2,3,4,,1,,,,1,0,-1,,,,,,,1,,1,1,Idaho,83646,2,Idaho,Meridian ,2,0,6,6,5,7,1,,,,,,3,3,1,,,1,,,,,
668dc66f629802c9570027e6,7/26/25 8:38,1117,,,1,,24,1,5,1,,3,,,,,,,,,4,,,1,-1,4,4,3,4,4,5,3,4,3,3,4,3,1,1,2,2,2,2,2,2,0,1,40000,55000,2,70000,60000,30000,100000,1,12000,60000,60000,1,90000,1,75000,5,1,0,0,2,0,0,0,4,4,3,1,5,2,4,3,2,4,3,1,1,1,3,4,,1,,,,1,0,4,,,,,,,1,,1,1,Alabama,35634,1,New York,glens falls,2,0,2,2,4,,,,1,,,,2,2,,,,,,,,,
5d268981c22768000166c7c7,7/26/25 8:38,635,,,1,,23,1,5,,1,5,,,,1,,,,,4,,1,,1,1,5,2,1,5,5,5,4,-1,3,2,3,1,1,1,1,3,3,1,1,1,0,2000,50000,2,80000,30000,,,,,,45000,0,45000,0,45000,5,1,0,0,2,0,0,0,2,1,2,4,3,5,5,1,1,4,1,4,5,3,4,5,,1,,,,1,0,0,,,,,,,1,,1,1,Wisconsin,53105,1,Illinois,Huntley,2,0,3,6,3,3,,,,,,1,3,3,1,,,,,,,,
671fb1678950ee90f0368488,7/26/25 8:39,1042,,,.89999998,,29,1,4,1,,4,,,,1,,,,,6,1,,,1,1,5,2,1,5,5,4,5,4,1,3,3,2,2,2,1,3,3,4,3,1,1,48000,65000,1,75000,40000,,100000,2,175000,80000,80000,1,150000,1,200000,2,1,0,0,2,0,0,1,3,4,5,2,1,3,4,3,4,2,3,2,1,1,3,4,,1,,,,1,0,-1,,,,,,,1,,1,1,New York,11226,3,California,Berkeley CA,3,0,6,6,6,7,1,,,,,,3,3,1,,,1,,,1,,
5d0e6b201b7ef6001a6346fc,7/26/25 8:39,2430,,,1,,24,1,5,,1,3,,,,,,,,,5,,,1,1,1,5,4,1,5,5,5,5,2,1,1,3,2,2,3,1,1,3,2,2,0,1,20000,77000,2,100000,50000,99000,70000,2,100000,50000,55000,1,100000,1,130000,4,1,0,0,0,0,0,0,2,4,3,5,1,2,4,1,4,2,3,2,1,2,3,3,,1,,,,1,0,3,,,,,,,1,,1,1,Kentucky,40059,2,New Jersey,"Palmyra / Philadelphia, South Jersey",2,0,6,6,4,3,1,,,,,,3,3,1,,,1,,,,,
5f820184fead31302b6c37be,7/26/25 8:39,1054,,,1,,28,1,5,,1,4,,1,,,,,,,7,,1,,1,1,5,5,1,5,5,3,5,3,1,1,1,1,1,2,2,5,1,2,1,0,1,30000,70,2,50,40,30000,70,2,100000,60000,50000,1,60000,0,50000,1,5,0,0,0,0,0,0,5,1,2,4,5,3,4,3,4,2,5,2,3,1,2,4,,1,,,1,,2,-1,,,,,,,1,,1,1,Ohio,45371,2,Ohio,Dayton ,3,0,3,3,5,3,1,,,,,,3,3,1,,,1,,,,,
65071c1f0e39b433b4340a85,7/26/25 8:39,1177,,,1,,20,1,5,,1,5,,,1,,,,,,7,,1,,1,1,5,1,1,5,5,5,5,1,1,1,1,2,2,-1,2,3,3,3,3,0,0,35000,90000,2,100000,35000,80000,,,,,80000,1,100000,1,120000,10,3,0,2,2,0,0,2,2,2,3,1,5,4,5,2,4,2,3,2,4,2,3,4,1,,,,,1,0,2,,,,1,,,1,,1,1,Texas,76054,2,Texas,Grapevine,2,3,4,8,7,7,,1,,,,,3,3,1,,,,,,,,
6024c18b094ac71dd93f4f5a,7/26/25 8:40,379,,,1,,26,1,5,1,,3,,,,,,,,,5,,1,,1,1,5,2,1,5,5,4,5,-1,2,1,2,1,2,2,3,3,2,3,2,0,1,24000,120000,2,200000,100000,70000,200000,2,350000,175000,50000,1,100000,1,120000,2,1,0,2,2,0,0,0,4,1,3,4,5,2,2,3,4,3,4,2,2,2,1,3,,1,,,1,,0,2,,,,1,,,1,,1,1,Florida,33196,2,Florida,Tampa,3,6,6,9,7,4,,1,,,,,3,3,1,,,1,,,,,
66699d0783caaa10e18dda62,7/26/25 8:40,837,,,1,,22,1,4,1,,4,,,1,,,,,,7,,,1,1,1,5,4,1,5,2,4,5,2,1,3,4,2,2,3,-1,2,2,3,2,1,1,20000,41500,3,120000,50000,,120000,1,180000,50000,60000,0,70000,0,80000,2,2,0,2,2,0,0,0,2,1,3,5,4,2,2,3,5,3,2,3,3,2,2,4,1,,,,,1,0,-1,,,,,,,1,,1,1,Kansas,66223,2,Missouri,Independence,2,0,6,6,7,6,1,,,,,,3,3,1,,,,,,1,,
6101b52e7931fdb0317a9ae7,7/26/25 8:40,1067,,,.89999998,,27,1,5,1,,3,,,,,,,,,6,1,,,2,2,5,5,5,5,5,5,5,5,1,2,2,1,1,2,2,3,3,3,3,0,1,25000,80000,1,70000,50000,150000,100000,1,100000,80000,100000,0,80000,0,70000,1,1,0,0,0,0,0,0,4,1,4,3,5,2,4,1,1,4,2,1,1,4,2,5,,1,,,,1,0,0,,,,,,,1,,1,1,Florida,32583,2,Arizona,Phoenix,2,3,6,6,5,2,,1,,,,,3,3,1,,,1,,,,,
677b2d6d388798dbdf3d3765,7/26/25 8:41,1832,,,1,,20,1,4,,1,3,,,,,,,,,6,,,1,2,3,5,3,2,4,4,4,5,4,4,2,3,4,2,3,3,3,3,4,3,0,1,45000,200000,2,500000,100000,120000,600000,2,1000000,500000,300000,1,600000,1,800000,3,4,0,0,0,0,0,0,3,1,3,2,5,4,2,5,4,2,4,3,2,1,1,2,1,,,1,,,2,3,,,,,,,1,,1,1,Virginia,23831,3,Connecticut,new haven,2,0,6,7,7,8,,1,,,,,1,1,,1,,,1,,,,
62fbbda49a3670141771d6a0,7/26/25 8:41,1464,,,1,,28,1,5,1,,5,,1,,,,,,,7,,1,,2,2,4,4,1,5,5,5,4,2,3,1,2,1,1,1,1,1,1,2,2,0,1,10000,20000,2,25000,10000,24000,35000,3,40000,30000,50000,0,30000,0,35000,4,5,0,0,0,0,0,0,4,1,2,5,4,3,4,2,4,2,2,2,1,2,5,4,,1,,,,1,0,0,,,,1,,,1,,1,1,Texas,78582,2,Texas,Rio Grande City,2,0,5,6,2,3,,1,,,,,3,3,1,,,1,,,1,,
6644164405748c36f71dccc0,7/26/25 8:41,552,,,1,,28,1,5,,1,5,,1,,,,,,,6,1,,,1,1,4,4,1,5,5,5,5,1,1,2,1,1,1,1,1,3,1,2,1,1,0,40000,40000,1,45000,19000,,,,,,60000,1,75000,1,75000,1,1,0,0,0,0,0,0,2,1,2,5,4,3,5,3,3,3,2,1,2,3,4,5,,,1,,,1,0,2,,,,,,,1,,1,1,New York,11216,3,Wisconsin,Kenosha,2,0,6,7,3,3,1,,,,,,3,3,1,,,,,1,,,
674bb28ac7a94a18fb18331d,7/26/25 8:41,464,,,1,,26,0,1,1,,3,,,,,,,,,2,,1,,4,3,5,5,2,2,1,2,2,1,5,3,4,2,2,3,2,1,4,4,4,1,1,200000,700000,1,1250000,400000,,800000,2,2500000,450000,170000,1,450000,1,500000,8,3,2,2,2,0,0,2,1,3,5,4,1,2,1,4,5,2,2,4,2,1,2,2,1,,,,,1,0,2,,,,,,,1,,1,1,Illinois,60610,3,Illinois,coal valley,1,0,6,7,9,9,1,,,,,,1,2,,1,,,1,,1,,
5e92604b3d1b57595c446071,7/26/25 8:42,1388,,,1,,23,1,5,,1,5,,1,1,,,,,,7,,1,,1,1,5,5,2,5,5,5,5,1,2,2,2,1,2,2,3,2,2,2,3,1,1,53000,200000,2,100000,60000,,400000,3,200000,150000,65000,0,200000,0,250000,6,1,0,0,0,0,0,0,4,1,4,3,5,2,4,1,5,2,4,1,3,4,2,4,,1,,,,1,0,1,,,,1,,,,,1,0,Texas,78751,3,Texas,San Antonio,3,0,6,9,3,1,1,,,,,,3,3,1,,,1,,,,,
66762d4eadcd7979f95b5151,7/26/25 8:42,1023,,,.89999998,,22,1,4,,1,4,,1,,,,,,,7,1,,,2,3,5,3,2,4,4,4,5,-1,3,2,3,1,2,2,3,2,2,4,3,1,0,75000,120000,1,130000,80000,,,,,,60000,0,90000,1,140000,1,2,0,2,2,0,0,0,2,3,4,1,2,5,4,2,5,2,4,3,2,2,1,4,1,,,,,1,0,-1,,,,,,,1,,1,1,Pennsylvania,19401,2,Maine,Damariscotta,1,0,6,7,6,7,1,,,,,,2,3,1,,,,,,,,
66b78f0554e6b9ba221ea805,7/26/25 8:42,2398,,,1,,28,1,3,,1,5,,1,,,,,,,7,1,,,4,3,5,5,3,3,2,2,2,1,1,4,3,4,3,3,3,3,3,3,3,0,1,72900,130000,3,130000,100000,147870,300000,2,300000,200000,147870,1,147870,1,147870,10,5,0,0,0,0,1,0,3,4,5,2,1,3,3,5,5,1,4,4,2,1,1,2,,1,,1,,,2,3,,,,,,,1,,1,1,North Carolina,28203,3,California,Los Angeles,3,0,7,9,6,6,1,,,,,,1,1,,1,,,1,,,,I enjoyed the study and it was great
6678c4c0ef5c5de942da1317,7/26/25 8:45,1325,,,1,,23,1,5,,1,5,,1,,,,,,,6,,1,,2,1,4,1,1,5,5,5,5,3,4,2,2,1,2,2,2,2,1,2,1,0,1,3000,55000,3,85000,40000,70000,40000,2,80000,35000,50000,1,60000,1,60000,5,5,0,1,2,0,0,0,4,2,1,4,3,5,5,2,2,4,4,2,3,4,4,5,1,,,,,1,0,2,,,1,1,,,1,,1,0,Texas,79928,1,Texas,El Paso,3,0,6,6,5,,,,,,,1,2,3,1,,,,,,,,
67d0a837f5de32db657b5fb8,7/26/25 8:46,1084,,,1,,21,0,4,1,,2,,,,,1,1,,,5,,1,,2,1,5,2,1,4,4,4,4,3,2,2,3,2,2,3,3,3,3,3,3,0,1,5000,50000,1,45000,30000,8000,34000,2,90000,50000,15000,1,60000,0,70000,4,1,0,0,2,0,0,0,2,1,4,5,3,2,4,2,2,3,2,2,3,2,2,4,,1,,,,1,0,2,,,,,,,1,,1,1,Tennessee,37901,2,Tennessee,,3,3,4,6,7,7,1,,,,,,2,3,1,,,,,,,1,
66077f409f9052bc169c56de,7/26/25 8:46,958,,,.89999998,,26,1,4,1,,3,,,,,,,,,7,,,1,2,2,5,5,5,5,5,4,5,2,2,4,5,5,1,2,1,2,1,3,3,0,1,52000,13000,2,125000,50000,25000,350000,2,400000,250000,300000,0,300000,1,500000,2,1,0,0,2,0,0,0,4,2,3,4,5,1,4,3,1,4,2,4,3,1,1,4,,1,,,,1,0,1,,1,,,,,,,1,0,California,94080,2,California,South San Francisco,2,0,6,6,6,6,,,,,,1,3,3,1,,,,,,,,
6287a355e0dbfe43e55850b7,7/26/25 8:46,841,,,.80000001,,27,1,4,,1,4,,,1,,,,,,7,1,,,1,1,5,3,3,5,4,4,5,1,4,1,2,2,2,2,2,1,2,2,3,0,1,70000,150000,2,200000,120000,70000,150000,2,200000,120000,120000,1,120000,1,150000,1,1,0,2,2,0,0,0,3,1,2,3,5,4,2,3,4,2,4,4,1,2,2,2,1,,,,,1,0,2,,,,1,,,,,1,0,New York,11385,3,New York,New York,3,3,4,6,3,3,1,,,,,,3,1,,1,,1,,,1,,
6722ddbde603128350a14863,7/26/25 8:46,870,,,1,,19,1,5,1,,1,,,,,1,1,,,1,,,1,1,5,5,4,5,5,1,4,5,1,5,3,4,1,3,3,3,2,2,2,1,0,1,5000,100000,2,90000,7000,5000,90000,2,80000,9000,10000,1,50000,1,100000,2,4,0,0,0,0,0,0,5,5,4,1,2,3,5,2,1,4,1,1,1,3,4,5,,1,,,,1,0,2,,,1,,,,,,1,1,Arkansas,72114,3,Arkansas,Pine bluff,3,0,2,3,2,3,,,,,,1,3,3,1,,,1,,,,,
661438bb47dacc758ab949b9,7/26/25 8:47,403,,,1,,23,1,5,,1,4,,1,1,,,,,,7,1,,,1,3,5,5,1,5,5,4,5,3,3,2,3,1,3,3,3,4,1,2,3,0,1,30000,100000,2,95000,90000,50000,150000,3,140000,130000,100000,1,160000,1,160000,10,10,0,2,2,0,0,1,2,4,5,2,1,3,5,2,5,1,5,2,1,1,1,3,,1,,,1,,0,2,,,,,,,1,,1,1,Nebraska,69162,1,Nebraska,Lincoln,3,0,9,9,6,3,1,,,,,,3,3,1,,,1,,,,,
63ed0065eb23ac3ee1726453,7/26/25 8:47,604,,,1,,26,1,4,,1,5,,1,,,,,,,6,1,,,1,4,4,4,1,5,5,2,2,1,1,1,2,1,2,3,3,3,3,3,3,1,0,35000,45000,2,50000,35000,,,,,,30000,1,30000,1,30000,1,6,0,0,2,0,0,2,4,1,5,4,2,3,5,4,5,1,1,4,2,1,1,1,1,,,1,,,2,2,,,,,,,1,,1,1,California,92320,3,Michigan,Flint,2,4,7,7,3,3,1,,,,,,1,1,,1,,,1,,,1,
60fe2ceaf1dbd49c6bcce5af,7/26/25 8:48,445,,,1,,29,0,4,1,,4,,1,,,,,,,6,,,1,1,1,4,3,1,1,1,1,1,1,5,3,2,5,2,2,3,3,2,3,4,0,1,65000,105000,3,115000,90000,125000,400000,2,450000,375000,125000,1,140000,1,175000,1,1,0,2,2,0,0,0,3,1,4,5,3,2,4,1,5,1,3,2,1,1,1,1,,1,,1,,,0,2,,,,,,,1,,1,1,Michigan,48189,2,Michigan,48393,2,0,7,7,3,5,1,,,,,,2,1,,1,,,1,,,,
66cdd6f77dc6963e7702c9fa,7/26/25 8:48,1029,,,1,,26,1,5,1,,4,,,,1,,,,,6,,,1,1,1,5,1,1,5,5,5,5,1,1,1,2,1,1,2,1,3,3,2,2,0,1,0,60000,1,70000,40000,50000,120000,2,130000,100000,68000,1,72000,1,75000,2,1,0,2,2,0,0,0,4,1,3,5,4,2,2,3,4,4,1,1,1,1,1,5,,1,,1,,,0,3,,,,,,,1,,1,1,California,93312,3,Michigan,Dearborn ,2,0,4,5,6,7,,,,,,1,3,3,1,,,1,,,,,It would have been nice to have an option to mark that I was currently unemployed when asked to put in my currently personal finances
67f24d9d37225c87ef8b09c4,7/26/25 8:48,1164,1,1,1,,26,1,4,,1,5,,1,,,,,,,6,,,1,4,2,4,4,4,3,3,2,5,1,3,2,3,5,2,2,2,2,2,3,3,1,1,70000,70000,3,200000,150000,,400000,2,200000,150000,300000,1,350000,1,350000,2,3,0,0,0,0,0,0,4,1,5,3,4,2,4,4,4,1,5,4,2,2,2,2,,1,,,,1,0,3,,,1,,,,,,1,1,New Jersey,07086,3,New Jersey,Jersey City,3,0,6,8,5,5,1,,,,,,1,1,,1,,,1,,,1,
675b9a072275e60fc54518e6,7/26/25 8:48,3037,,,1,,26,1,4,1,,4,,,,1,,,,,6,1,,,3,4,4,4,5,5,3,5,5,3,4,2,3,1,2,3,1,5,3,3,3,1,1,62000,120000,2,150000,70000,,175000,2,180000,125000,75000,1,100000,1,115000,2,4,0,0,2,0,0,2,4,1,4,2,5,3,3,4,4,2,3,4,2,1,2,1,1,,,,,1,1,3,,,,,,,1,,1,1,Illinois,62095,3,Illinois,Wood river,3,0,3,3,4,3,1,,,,,,1,1,,1,,,,,,,Thankyou guys for the survey
65048071dc7c1e332dbd7306,7/26/25 8:48,850,,,1,,21,1,5,,1,4,,1,,,,,,,6,1,,,1,4,5,1,1,5,5,5,5,3,3,3,2,1,-1,3,3,2,2,3,2,0,1,600,70000,1,100000,50000,45000,80000,1,100000,60000,90000,0,120000,0,125000,5,1,2,2,2,0,0,0,2,1,2,3,4,5,2,2,2,1,2,1,3,3,3,5,1,,,,,1,0,0,,,,1,,,,,1,0,Texas,76131,2,New York,New York ,2,2,3,6,4,4,,,,1,,,3,3,,,,,,,,,
64014527b3cff9215591758d,7/26/25 8:49,1677,,,1,,26,0,3,,1,4,,1,,,,,,,5,,,1,4,4,5,3,3,5,2,3,4,2,5,3,4,4,1,2,2,2,4,3,1,0,1,15000,100000,1,200000,40000,100000,150000,1,300000,75000,50000,1,120000,1,120000,1,3,0,0,0,0,0,0,3,1,2,4,5,3,2,3,1,3,3,1,2,2,2,3,1,,,,,1,0,2,,,,,,,1,,1,1,North Carolina,27540,2,Texas,Austin,2,3,4,6,3,8,,,,1,,,2,2,,,,,,,1,,Everything was understood easily and felt good in length
6767e7da8b240a93e0fe2145,7/26/25 8:49,492,,,1,,20,1,4,1,,5,,,,1,,,,,7,1,,,2,4,5,1,2,5,5,5,5,4,3,1,2,1,1,2,1,2,3,3,2,0,1,28000,45000,1,80000,35000,35900,77000,1,140000,60000,60000,0,120000,0,135000,3,1,0,0,0,0,0,0,4,1,3,2,4,5,5,3,3,2,3,1,1,2,3,5,,1,,,,1,0,0,,,,,,,1,,1,0,Florida,32796,3,Massachusetts,Melrose,2,2,4,5,7,3,1,,,,,,3,3,,,,,,,,,"The length of the survey was fine, it was engaging! Thank you for conducting this study."
6010b938b9d3f744e89a6447,7/26/25 8:49,1075,,,1,,28,1,4,1,,5,,1,1,,,,,,2,,1,,2,3,4,1,5,4,4,5,5,-1,4,1,4,1,1,1,2,1,3,4,1,1,0,1000,30000,1,120000,1000,,,,,,30000,0,30000,0,40000,5,1,0,2,2,0,0,0,4,2,1,4,5,3,5,4,1,3,4,2,3,2,5,5,1,,,,,1,0,0,,,,,,,1,,1,1,Florida,34981,2,Florida,Fort Pierce,2,0,5,6,3,6,,,,,,1,2,2,,,,,,1,,,
677bdabbdcaf99b4cd8c86a5,7/26/25 8:49,2114,,,.80000001,,26,0,3,,1,3,,,,,,,,,3,1,,,3,4,5,4,3,4,4,3,4,3,3,3,3,2,2,2,3,3,4,3,3,0,1,47000,60000,2,68000,45000,78000,90000,2,95000,81000,85000,0,,0,,1,2,0,0,0,0,0,0,4,1,3,2,5,4,4,5,4,2,3,2,2,1,2,3,,1,,1,,,1,3,,,,,,,1,,1,1,South Carolina,29666,2,South Carolina,Lexington,2,0,6,7,6,6,1,,,,,,1,1,,1,,,1,,,1,
65ccca52871269168cc029b5,7/26/25 8:49,2431,,,.89999998,,29,1,5,1,,3,,,,,,,,,6,,,1,4,1,1,1,1,5,5,3,5,3,3,1,2,2,3,3,3,3,2,5,1,1,1,13000,60000,2,120000,40000,,100000,1,300000,40000,45000,1,60000,1,70000,1,1,0,0,0,0,0,0,5,4,2,5,1,3,2,3,2,3,2,1,1,1,5,4,1,,,,,1,0,-1,,,,,,,1,,1,1,New York,14301,3,New York,Buffalo,2,0,6,6,6,6,,,1,,,,3,3,,,,,,,,,
5b21c4ab31d0080001b9f55e,7/26/25 8:49,461,,,.89999998,,29,0,2,1,,3,,,,,,,,,2,,1,,3,3,3,2,2,1,1,3,3,3,4,3,3,5,2,2,2,3,3,3,3,0,1,10000,75000,2,100000,40000,75000,200000,2,250000,125000,95000,1,95000,1,120000,1,1,0,2,2,0,0,0,2,1,4,2,3,5,3,4,4,2,3,4,1,2,2,3,,1,,1,,,2,2,,,,,,,1,,1,1,Florida,33037,2,Michigan,Flint,2,1,3,3,3,4,,,1,,,,1,1,,1,,,1,,,1,
672ffe7e0608d37916ffd218,7/26/25 8:50,635,,,1,,27,1,5,,1,3,,,,,,,,,7,1,,,1,1,5,1,1,5,5,3,5,1,1,1,1,1,2,2,3,3,3,3,2,0,1,25000,85000,1,60000,25000,50000,125000,1,100000,50000,36000,1,100000,0,100000,5,5,0,2,2,0,0,2,3,1,2,4,5,3,5,3,5,2,4,1,2,2,4,5,1,,,,1,,0,2,,,,,,,1,,0,0,Florida,32601,2,Florida,Tarpon Springs,2,6,7,9,7,9,1,,,,,,3,3,1,,,1,,,1,,"Good survey, money split question should be able to pick 50%"
6542c81d37666b59c34d1b65,7/26/25 8:51,617,,,1,,23,1,5,,1,5,,,,1,,,,,7,,,1,1,1,5,1,1,5,5,5,5,-1,2,1,2,1,1,1,2,1,1,2,2,1,0,30000,150000,3,250000,80000,,,,,,80000,0,120000,0,140000,1,1,0,0,0,0,0,0,4,1,2,5,4,3,5,4,1,4,1,1,3,3,4,5,1,,,,,1,1,1,,,,1,,,,,1,1,Mississippi,39574,1,Mississippi,hurly,1,0,4,9,5,3,1,,,,,,3,2,,,,,,,1,,none
5d650bb66bf9c40017c1e36d,7/26/25 8:51,825,,,1,,27,1,4,1,,4,,1,1,,,,,,5,,1,,1,2,5,3,1,4,3,2,4,1,4,4,5,1,3,2,3,4,3,4,4,0,1,145000,165000,1,150000,145000,230000,200000,1,230000,160000,145000,1,145000,1,145000,10,3,2,2,2,0,0,2,2,2,1,5,4,3,5,2,5,3,3,3,2,1,1,1,1,,,1,,,0,2,,,,,,,1,,1,1,Indiana,46032,2,Indiana,South Bend,3,0,9,9,5,6,1,,,,,,1,1,,,1,,,,,,
672cfe233fa0c54984d75a51,7/26/25 8:52,452,,,.89999998,,22,1,4,,1,4,,1,,,,,,,6,,1,,1,3,4,3,1,3,5,4,4,3,3,2,4,1,2,2,2,3,3,2,3,1,1,55000,100000,2,120000,60000,,250000,2,400000,200000,40000,1,100000,1,200000,2,1,0,0,2,0,0,0,3,1,3,2,4,5,3,2,3,2,3,2,2,2,2,3,,1,,,,1,0,3,,,,,,,1,,1,1,Massachusetts,02138,3,Louisiana,Lake Charles ,3,0,6,6,3,3,1,,,,,,2,2,,,,,,,,,
627b4c98518ad77605ea88d1,7/26/25 8:52,728,,,.89999998,,25,1,5,,1,4,,,,1,,,,,7,,,1,1,1,5,1,1,5,5,4,5,1,2,1,3,1,1,2,2,2,2,2,2,0,1,9000,50000,1,80000,30000,45000,50000,2,75000,35000,30000,0,45000,0,45000,6,6,0,2,2,0,2,2,2,3,1,5,4,2,4,2,4,2,4,1,2,2,3,4,,1,,,,1,0,0,,,,,,,1,,1,1,Tennessee,37931,2,Tennessee,Knoxville,2,0,5,6,4,3,,1,,,,,3,3,1,,,1,,,,,
62b1f2bfcec5a48852005c5f,7/26/25 8:52,559,,,1,,23,0,2,1,,3,,,,,,,,,4,,1,,2,3,4,4,5,3,4,5,4,2,2,3,2,3,1,2,3,2,2,3,3,0,1,28000,45000,2,50000,40000,95000,200000,2,500000,150000,125000,0,150000,0,175000,1,2,0,2,2,0,0,0,2,1,4,5,2,3,3,3,4,3,2,4,2,1,2,1,,1,,1,,,0,-1,,,,,,,1,,1,1,Ohio,45459,2,Ohio,Fredericktown,1,0,4,5,6,4,,1,,,,,1,2,,1,,,1,,,,
66850d6815e2f00ae6f89a38,7/26/25 8:52,2387,,,1,,20,1,5,1,,4,,1,,,,,,,6,,1,,2,4,5,5,4,5,4,3,4,2,4,3,2,2,2,2,3,3,3,4,3,0,1,48000,250000,2,300000,150000,78000,500000,2,600000,400000,60000,0,200000,0,250000,10,3,0,0,2,0,0,0,4,4,5,1,3,2,3,4,4,2,4,4,3,2,4,2,1,,,,,1,0,2,,,,,,,1,,1,1,Michigan,48897,2,Michigan,Woodland ,2,2,4,7,4,6,,1,,,,,1,1,,1,,,,,,,"No, everything was very clear."
67abaa736bc6b75d0a265c91,7/26/25 8:52,978,,,1,,29,0,4,1,,4,,1,,,,,,,7,1,,,1,1,5,3,4,5,3,2,2,1,4,5,5,1,3,3,3,1,2,4,4,0,1,70000,90000,3,90000,75000,125000,150000,3,150000,130000,60000,0,60000,0,60000,10,10,1,2,2,0,0,0,1,2,4,1,5,3,4,2,5,1,4,3,1,1,1,2,,1,,,,,0,0,,,,,,,1,,1,1,North Carolina,28012,2,Ohio,Wooster,1,0,6,7,6,4,1,,,,,,1,1,,,,,,,,,
67ec344b9c94fc1b07c6a0f6,7/26/25 8:53,2671,,,.80000001,,26,1,4,,1,5,,1,1,,,,,,5,,1,,3,2,4,4,2,4,4,4,4,4,4,2,3,5,2,3,2,4,3,4,3,0,1,65000,80000,3,80000,50000,100000,200000,2,150000,100000,80000,1,150000,1,200000,3,5,0,0,0,0,0,0,4,2,4,1,5,3,3,5,4,2,5,3,2,2,2,3,,1,,1,,,2,3,,,,,,,1,,1,1,Virginia,37091,3,New Mexico,Las Vegas,3,4,6,9,6,7,,1,,,,,1,1,1,,,1,,,,,So engaging
66a50445b5f9a9fdb5174c34,7/26/25 8:54,774,1,1,1,,26,1,5,,1,3,,,,,,,,,7,,,1,3,1,4,3,2,5,5,2,3,1,4,2,2,1,1,2,1,-1,-1,-1,1,1,0,0,20000,1,15000,1000,,,,,,0,0,30000,0,50000,1,1,0,0,2,0,0,2,4,4,3,2,5,1,4,5,1,3,1,4,2,2,2,5,,1,,,,1,0,0,,,,,,,,1,1,1,Texas,77009,3,Louisiana,Lafayette ,3,0,2,2,3,3,,,,,,1,2,2,,,,,,,,,
5f2dfc9bcae87215c17d34d4,7/26/25 8:54,1719,,,1,,25,1,5,1,,4,,1,,,,,,,7,,,1,1,3,5,2,2,5,5,4,5,4,2,3,1,2,-1,2,2,2,2,2,1,0,1,600,50000,2,60000,40000,1500,55000,2,65000,45000,30000,0,35000,0,45000,3,2,0,2,2,0,0,0,4,3,2,5,4,1,5,2,2,3,3,1,2,1,2,5,,1,,,,1,0,0,,,,1,,,,,1,0,California,,1,California,,1,2,4,5,1,1,,,,,,1,3,3,,,,1,,,,,
60efa510e3cdfbbf4d7c355b,7/26/25 8:55,797,,,.80000001,,26,1,5,,1,5,,1,1,,,,,,6,,1,,2,1,5,-1,2,5,5,5,5,1,2,2,2,1,-1,-1,-1,2,3,3,3,1,0,98000,200000,1,250000,80000,,,,,,85000,0,120000,0,120000,2,4,0,0,0,0,0,0,4,1,2,5,4,3,3,2,4,2,4,3,3,3,3,5,1,,,,,1,0,0,,,,,,,1,,0,0,California,92701,2,Massachusetts,Boston,2,0,4,6,7,,1,,,,,,3,3,1,,,1,,,,,
66b6857709d21c880e126e95,7/26/25 8:56,1026,,,1,,26,1,3,,1,3,,,,,,,,,4,1,,,1,1,5,2,1,5,3,5,4,3,3,3,3,5,2,3,2,3,3,3,1,0,1,10000,80000,2,100000,100000,20000,20000,2,140000,140000,65000,0,80000,0,10000,3,2,2,2,2,0,0,0,2,2,1,5,3,4,3,3,1,2,4,2,1,1,1,1,1,,,,,1,0,0,,,,,,,1,,1,1,Connecticut,06611,2,Connecticut,bridgeport ,3,4,6,7,6,6,,,,1,,,3,3,1,,,1,,,,,
6695e02753a6952e7b9118bc,7/26/25 8:56,540,,,.89999998,,27,1,5,1,,5,,1,1,,,,,,7,,,1,1,1,5,2,1,5,5,5,5,1,2,1,1,1,2,2,3,1,2,3,2,0,1,50000,60000,2,65000,55000,90000,125000,2,130000,110000,95000,1,100000,1,110000,2,2,0,0,2,0,0,2,4,5,4,3,1,2,5,2,5,1,3,1,2,2,1,1,,1,,1,,,2,4,,,,,,,1,,1,1,Alabama,35404,2,Louisiana,New Orleans,3,4,6,7,7,5,1,,,,,,3,2,1,,,1,,,,,The survey length was fine- a slider bar instead of typing in numbers might be easier!
63d2f3294efc674f84b302d2,7/26/25 8:56,764,,,1,,28,1,2,,1,2,,,,,,,,1,5,,,1,1,3,5,3,3,3,5,5,3,3,4,4,4,1,2,2,2,1,2,2,4,0,1,65000,90000,2,120000,65000,160000,200000,3,250000,160000,50000,0,200000,0,300000,1,1,0,0,2,0,0,0,2,1,4,2,5,3,1,3,5,1,3,4,1,1,1,2,1,,,,1,,0,0,,,,1,,,,,1,0,Maryland,20855,2,Maryland,rockville,2,0,3,3,1,1,1,,,,,,3,3,1,,,,,,1,,
5d2f7fb4bb27200019010768,7/26/25 8:58,3199,,,1,,29,1,3,,1,2,,,,,,1,,,2,,,1,2,4,4,4,4,2,1,5,5,2,5,1,2,1,2,3,2,2,2,2,3,1,0,70000,130000,2,120000,90000,,,,,,60000,1,80000,0,100000,1,3,0,2,2,0,2,2,4,4,3,5,1,2,2,5,4,3,3,2,2,2,2,3,1,,,,,1,2,4,,,,1,,,,,0,0,Texas,77433,2,Texas,"Houston, TX",2,2,4,4,4,4,1,,,,,,1,1,,1,,,1,,,,
663bad4969af68376c9ad8e5,7/26/25 8:59,691,,,.89999998,,25,1,5,1,,4,,,,1,,,,,6,1,,,1,2,5,1,1,5,5,5,5,1,1,2,3,1,1,2,1,-1,-1,2,2,1,0,36000,50000,1,44000,30000,,,,,,55000,0,60000,0,65000,4,2,0,2,2,0,0,0,2,4,1,5,3,2,5,2,4,2,4,4,3,1,4,5,,1,,,,1,0,-1,,,,,1,,1,,1,0,Kentucky,40475,2,Kentucky,Lexington,2,3,6,8,6,4,1,,,,,,3,3,1,,,1,,,1,,
60c0b72e6692e0a14776eafd,7/26/25 9:00,598,,,1,,21,0,5,,1,2,,,,,,1,,,2,,1,,3,3,3,2,3,3,3,3,4,2,3,2,4,3,2,2,3,3,2,2,2,1,1,10000,20000,3,20000,20000,,25000,3,22000,22000,30000,1,40000,1,35000,1,1,0,0,0,0,0,0,4,4,1,5,2,3,3,5,4,3,2,1,4,4,4,4,1,,,,,1,1,2,,,,,,,1,,1,1,California,90011,3,California,lossangels,3,3,6,6,6,6,1,,,,,,1,3,1,,,,,,1,,nothing
5cfb459229a6c2001764e10d,7/26/25 9:01,691,,,.89999998,,25,1,5,1,,4,,,,,,,,,6,,1,,1,1,5,4,1,5,5,4,5,1,3,1,2,1,-1,-1,-1,2,3,3,2,0,1,5000,100000,1,250000,20000,65000,125000,1,500000,20000,60000,1,75000,1,90000,2,2,0,2,2,0,0,0,2,1,2,3,5,4,2,3,2,3,3,3,2,2,2,4,1,,,,,1,0,-1,,,,,,,1,,1,0,California,91367,3,California,Los Angeles,3,3,5,6,5,6,,,,1,,,3,3,1,,,1,,,1,,
675895cbb49da509f74fc112,7/26/25 9:01,660,,,1,,27,1,4,1,,3,,,,,,,,,6,,,1,1,1,5,4,1,5,5,5,5,1,2,2,3,1,2,2,2,3,3,1,4,1,1,118700,160000,2,200000,75000,,200000,2,320000,100000,120000,0,160000,0,175000,1,2,0,2,2,0,2,2,2,1,2,3,5,4,2,3,5,2,3,4,2,2,2,4,1,,,,,1,0,0,,,,,,,1,,1,1,California,92618,2,New Jersey,Califon,1,0,6,7,3,3,1,,,,,,3,3,1,,,1,,,,,
611132b18e9901b4cf5d24a6,7/26/25 9:02,907,,,.89999998,,22,1,4,,1,4,1,,,,,,,,6,1,,,1,1,5,4,1,4,5,4,4,1,2,3,4,1,2,3,3,4,4,4,5,0,1,78000,150000,2,200000,90000,225000,300000,2,320000,200000,70000,1,180000,1,180000,1,2,0,2,2,0,0,2,2,2,1,4,5,3,2,3,4,1,4,4,2,1,1,2,,1,,,1,,0,3,,,,,,,1,,1,1,Iowa,50613,2,Iowa,Cedar falls,2,3,4,7,7,7,,,,1,,,3,2,1,,,,,,,,
6736112af674ebe6a3298994,7/26/25 9:02,2537,,,1,,27,1,4,,1,5,1,,,,,,,,6,,,1,4,4,4,4,3,4,4,4,3,4,4,3,3,2,2,2,2,4,4,3,4,1,1,40000,50000,2,60000,25000,,60000,2,55000,40000,65000,1,55000,1,60000,3,4,0,0,2,0,0,0,4,1,5,3,4,2,4,4,4,3,3,3,4,4,4,4,1,,,1,,,4,4,,,,,,,1,,1,1,California,90650,2,California,Norwalk,3,3,6,6,6,6,1,,,,,,2,2,,1,,,1,,,1,no
65786ed4594f411b4eb9ed13,7/26/25 9:02,609,,,1,,28,1,5,,1,4,,,,1,,,,,6,1,,,1,2,5,2,1,5,5,5,5,1,1,1,2,1,2,1,3,2,3,3,3,1,0,90000,130000,1,145000,60000,,,,,,80000,0,280000,0,200000,3,4,0,2,2,0,0,2,2,1,2,5,3,4,2,2,1,4,3,2,3,2,3,5,1,,,,,1,0,-1,,,,,,,1,,0,0,Massachusetts,02135,3,Connecticut,Stamford,3,0,6,7,3,3,1,,,,,,3,3,1,,,,,,1,,
65577234800b1fea9ae3cf4d,7/26/25 9:04,1224,,,.89999998,,27,1,5,1,,3,,,,,,,,,7,,,1,1,1,5,-1,1,5,5,-1,-1,1,1,-1,-1,-1,3,3,3,3,3,3,3,0,1,29000,34000,1,34000,31000,75000,79000,1,79000,70000,75000,1,75000,1,75000,10,10,0,0,0,0,0,0,1,5,3,4,1,2,5,3,5,1,5,1,1,1,1,2,1,,,,,1,0,-1,,,1,,,,,,1,1,Missouri,63034,2,Missouri,St. Louis (Florissant),2,0,3,6,6,6,1,,,,,,3,3,,,,1,,,,,
67167ad12ffc53d3eb6b3b41,7/26/25 9:05,1043,,,1,,19,1,5,1,,3,,,,,,,,,6,,1,,2,3,4,-1,3,4,5,4,4,-1,-1,3,4,4,2,3,-1,4,3,4,4,0,1,30000,30000,2,100000,60000,70000,70000,2,250000,150000,60000,1,120000,1,150000,4,5,0,0,2,0,0,0,4,1,3,4,5,2,2,5,4,2,4,2,1,1,2,2,1,,,1,,,0,2,,,,,,,1,,1,1,South Carolina,29710,2,New Hampshire,Concord,2,0,3,3,6,6,1,,,,,,2,2,,,,,,,,,
66d73c2beac2300ede47388b,7/26/25 9:06,745,,,1,,26,1,5,1,,3,,,,,,,,,6,1,,,2,3,5,4,3,5,5,2,4,2,2,2,3,5,2,2,1,3,4,4,2,0,1,10000,50000,2,50000,35000,70000,90000,2,95000,80000,75000,1,80000,1,80000,3,4,0,0,0,0,0,0,4,1,2,4,5,3,4,2,4,2,4,2,2,2,2,1,,1,,1,,,0,1,,,,,,,1,,1,1,New Jersey,08015,2,New Jersey,voorhees,2,0,3,3,7,6,,,1,,,,2,2,,1,,,1,,,,
6735641b7a86ad6a3c677b74,7/26/25 9:06,1549,,,1,,22,1,5,1,,3,,,,,,,,,7,1,,,1,2,5,5,2,5,5,5,5,-1,2,2,1,2,2,2,1,4,4,4,2,0,1,100000,60000,2,90000,30000,120000,120000,3,170000,90000,90000,1,100000,1,150000,10,8,0,0,2,0,0,0,5,2,1,3,5,4,5,2,4,2,3,1,1,1,2,2,1,,,,,1,0,2,,,,1,,,,,1,0,Illinois,60120,2,Illinois,elgin,2,0,3,5,3,3,,1,,,,,2,2,1,,,,,,,,
5e6fd5930eef225956166275,7/26/25 9:06,1155,,,1,,26,1,5,,1,4,,,,1,,,,,7,,,1,1,1,5,1,1,5,5,2,5,1,1,3,4,2,2,-1,2,2,4,3,2,1,1,20000,50000,3,80000,10000,,90000,2,160000,40000,20000,1,70000,1,65000,3,1,0,0,0,0,0,0,2,1,4,5,2,3,5,2,2,2,5,2,2,3,2,5,,1,,,,1,0,1,,,,,,,1,,1,1,Georgia,30605,3,Georgia,Athens GA,3,0,4,6,6,6,,1,,,,,3,3,1,,,1,,,,,none
660093173d5410e1b22b64e5,7/26/25 9:08,967,,,1,,26,0,1,1,,1,,,,,,1,,,2,,1,,1,4,4,5,5,4,1,1,5,4,5,4,5,2,1,2,1,2,2,4,4,0,1,0,60000,2,80000,30000,80000,11000,2,90000,70000,80000,0,85000,0,90000,2,2,0,0,2,0,0,0,4,1,5,4,2,3,5,2,4,3,3,2,1,1,5,5,1,,,,,1,0,-1,,,,,,,1,,1,1,Texas,77429,2,Texas,houston,2,2,4,5,6,5,,,,,,1,1,1,,1,,,1,,,,
66992f58a7964f557fc75f58,7/26/25 9:10,752,,,1,,27,0,3,,1,3,,,,,,,,,4,1,,,-1,3,3,4,3,3,4,3,3,3,5,-1,3,3,-1,3,2,3,3,3,4,0,1,125000,150000,2,155000,130000,125000,150000,2,160000,130000,120000,1,150000,1,155000,1,1,0,2,2,0,0,2,2,1,3,5,4,2,4,1,5,1,4,2,2,2,2,3,1,,,1,,,3,-1,,,,,,,1,,1,1,North Carolina,27370,1,North Carolina,Thomasville,1,0,7,7,6,8,1,,,,,,1,1,,1,,,1,,1,,
588021688e1ad5000142dfdf,7/26/25 9:11,572,,,1,,27,1,5,,1,5,,1,1,,,,,,7,,,1,1,1,5,-1,1,5,5,5,5,1,1,1,2,1,1,-1,-1,2,3,3,2,1,1,29100,50000,2,60000,35000,,70000,2,80000,60000,40000,0,60000,0,60000,4,5,0,0,2,0,0,0,3,1,2,3,5,4,5,2,4,4,3,1,3,3,5,5,1,,,,,1,0,-1,,,,1,,,1,,1,1,Florida,32826,3,Florida,Boca Raton,3,0,4,4,4,3,1,,,,,,3,3,1,,,,,,,,
66553eb5f10b5700001d20de,7/26/25 9:13,677,,,1,,27,1,5,1,,3,,,,,,,,,4,1,,,4,2,5,3,2,5,5,4,5,1,4,1,2,1,-1,2,1,3,3,2,3,1,1,60000,100000,2,300000,80000,,300000,2,500000,200000,100000,1,150000,1,180000,3,3,0,0,0,0,0,0,3,2,4,3,5,1,3,5,3,2,3,3,2,2,2,4,1,,,,,1,0,2,,,,,,,1,,0,0,Texas,75206,3,Texas,Dallas,3,0,5,5,6,6,1,,,,,,2,2,1,,,1,,,,,
671f00bee29372584e53f36c,7/26/25 9:14,803,,,1,,26,1,5,,1,4,,1,,,,,,,6,1,,,1,1,4,4,1,2,2,2,3,1,2,1,3,2,2,2,1,2,1,4,3,0,1,71000,95000,2,90000,88000,91000,120000,1,135000,115000,90000,1,125000,1,145000,9,2,0,0,0,0,0,0,4,1,5,3,2,4,2,1,4,2,3,2,2,2,2,5,1,,,,1,,0,2,,,,,,,1,,1,1,Massachusetts,02155,3,Massachusetts,Dorchester,3,0,6,7,6,,1,,,,,,2,2,,1,,,1,,,,
5ee240e29b7eec2e3086c548,7/26/25 9:14,977,,,.89999998,,24,1,5,,1,3,,,,,,,,,6,1,,,1,1,5,1,1,5,5,5,5,1,1,1,2,1,2,2,2,1,3,2,3,1,1,35000,90000,2,120000,70000,,200000,2,250000,150000,45000,1,70000,1,70000,3,3,0,2,2,0,2,2,1,3,1,5,4,2,4,1,5,2,3,4,1,1,2,3,,1,,,,1,0,2,,,,,,,1,,1,1,New York,14850,3,Kansas,Topeka,3,5,6,8,3,3,,,,1,,,3,3,1,,,1,,,1,,
6543ba9056ed19f45e686e85,7/26/25 9:15,882,1,,0,,26,1,5,1,,3,,,,,,,,,3,,,1,1,1,5,5,1,4,4,4,5,3,1,1,2,1,3,3,-1,2,2,3,2,0,1,40000,70000,1,90000,30000,55000,90000,2,90000,50000,45000,1,80000,1,90000,3,2,0,0,2,0,0,0,1,1,5,2,3,4,5,1,5,2,2,2,2,2,2,3,,1,,,1,,0,2,,,1,,,,1,,1,1,North Carolina,28546,2,North Carolina,Jacksonville,2,0,5,5,6,5,1,,,,,,3,3,1,,,,,,,,
67e5969d6dc49d614db50593,7/26/25 9:16,2508,,,.60000002,,20,1,5,1,,3,,,,,,,,,2,,1,,5,3,5,5,2,5,1,1,1,1,2,4,3,3,2,3,3,2,2,2,4,0,1,75000,100000,3,150000,35000,150000,200000,2,250000,50000,200000,1,210000,0,220000,5,5,0,0,2,0,0,0,4,1,5,3,4,2,4,5,4,2,4,4,3,3,4,3,,1,,1,,,2,3,,,,,,,1,,1,1,North Carolina,27549,3,North Carolina,Concord,3,0,7,9,6,6,1,,,,,,1,1,,1,,,,,,1,The survey was good and the questions were clear.
60e3abf8c7ce5b28f917f5d3,7/26/25 9:17,538,,,1,,23,1,4,1,,4,,,1,,,,,,5,,,1,2,2,5,2,3,1,2,1,5,2,4,3,3,2,2,2,3,2,3,4,2,0,1,20000,30000,2,350000,250000,150000,325000,2,40000,200000,120000,1,150000,1,250000,3,2,2,2,2,0,2,2,3,3,1,2,4,5,5,3,4,2,3,2,2,2,1,2,1,,,,,1,0,3,,,,1,,,,,1,0,Texas,78572,2,Texas,Mission ,2,4,6,9,7,9,,1,,,,,2,2,,,,,,,,,Na
63df609cf58947e964792bb6,7/26/25 9:17,1183,,,1,,23,1,5,1,,3,,,,,,,,,4,,1,,1,3,5,3,3,5,5,3,5,5,2,2,2,1,1,2,2,2,2,3,2,0,1,10000,75000,2,70000,65000,25000,100000,2,90000,85000,35000,1,50000,1,75000,1,1,0,0,0,0,0,0,5,4,1,3,5,2,4,3,2,3,3,1,2,3,3,4,,1,,,1,,1,2,,,,1,,,,,1,1,California,91506,3,California,los angeles,2,2,4,5,4,3,,,,,,1,3,3,1,,,1,,,,,
663a89753e912178661c4fd1,7/26/25 9:18,879,,,.89999998,,21,1,5,,1,4,,,,1,,,,,5,1,,,2,3,5,-1,2,4,5,5,5,2,2,1,2,1,-1,1,1,2,1,2,3,0,1,10000,70000,2,100000,40000,115000,150000,2,170000,130000,130000,0,130000,0,130000,6,3,1,1,2,0,0,0,3,1,2,4,5,3,5,2,4,3,3,1,3,1,2,1,,1,,,,1,0,0,,1,,1,,,1,,1,0,Virginia,22015,2,Virginia,n/a,2,0,6,6,4,1,,,,,,1,3,3,1,,,,,,,,
66439d1d88d5845e4a6b85bf,7/26/25 9:20,1570,,,1,,24,1,4,1,,4,,,,1,,,,,3,,1,,1,2,5,4,4,5,5,5,5,1,5,1,3,1,1,1,2,3,2,3,2,0,1,20000,20000,2,30000,0,30000,40000,2,50000,0,50000,1,50000,1,50000,2,2,0,0,0,0,0,0,4,2,1,4,5,3,4,4,1,4,1,1,4,3,5,5,,1,,,1,,2,-1,,,,,,,1,,1,1,Ohio,n/a,3,Ohio,n/a,3,0,4,5,3,5,,,1,,,,2,2,,,,,,,,,
5f6046f602622614281fc06b,7/26/25 9:21,730,,,.80000001,,28,1,5,,1,4,,1,1,,,,,,6,1,,,1,1,5,1,1,5,5,5,5,1,1,1,2,1,1,2,2,3,1,2,2,0,1,15000,100000,2,180000,30000,60000,150000,2,250000,60000,65000,0,80000,0,90000,2,1,0,0,2,0,0,0,5,1,2,4,5,3,5,5,2,4,2,1,3,2,5,5,1,,,,1,,0,2,,,,,,,1,,1,1,Georgia,30104,1,Georgia,Snellville,2,0,6,7,7,7,,1,,,,,3,3,1,,,1,,,,,
63d7aa4a4f19508a5401cc2a,7/26/25 9:23,795,,,1,,25,1,5,,1,3,,,,,,,,,4,,,1,1,2,5,4,1,5,5,5,5,2,2,1,2,1,1,1,-1,4,3,1,1,1,0,25000,50000,1,75000,25000,,,,,,75000,0,125000,0,150000,8,1,0,2,2,0,0,0,4,1,3,2,5,4,5,2,4,2,3,2,1,1,3,5,1,,,,,1,0,-1,,,,,,,1,,1,1,Rhode Island,02904,3,Rhode Island,North Providence,3,0,3,3,5,3,,,,,1,,3,3,,,,,,,,,
657b989770545f3d546b52e6,7/26/25 9:25,881,,,1,,20,1,5,1,,4,,1,1,,,,,,6,,1,,1,1,5,2,1,5,5,5,5,4,1,1,2,1,-1,2,-1,2,2,2,1,0,1,0,35000,2,45000,20000,120000,100000,1,130000,95000,50000,1,65000,1,65000,2,5,0,2,2,0,0,0,4,1,2,4,5,3,5,1,3,1,1,1,4,3,3,4,1,,,,,1,0,2,,1,,1,,,,,1,0,Florida,32566,1,Florida,Navarre,1,2,4,6,3,6,,,,1,,,3,3,1,,,,,,,,
5e7908b92d882b4b6d8fa8e1,7/26/25 9:25,545,,,.60000002,,24,1,5,,1,5,,1,1,,,,,,7,,,1,1,1,4,4,1,5,5,5,5,4,2,1,3,1,1,3,3,3,5,2,2,0,1,45000,70000,2,80000,60000,45000,100000,2,110000,85000,80000,1,100000,1,150000,1,1,0,0,2,0,0,0,2,1,2,4,3,5,1,2,4,1,2,1,1,2,2,1,,1,,1,,,4,5,,,1,,,,1,,1,1,Indiana,47303,2,Indiana,Muncie,2,3,6,7,7,4,,1,,,,,3,3,1,,,,,,,,
67ac95764f3091a540c69b5b,7/26/25 9:28,591,,,.80000001,,25,1,4,1,,4,,,1,,,,,,7,,,1,1,1,5,4,2,2,4,4,4,1,2,2,3,1,1,2,1,1,1,1,2,1,0,30000,60000,2,80000,40000,,,,,,45000,1,50000,1,60000,5,5,0,0,2,0,0,0,4,1,2,5,4,3,4,3,4,3,5,1,1,2,3,5,,1,,1,,,2,4,,,,1,,,1,,1,1,Texas,78240,3,Texas,San Antonio ,3,3,5,7,3,3,1,,,,,,1,2,,1,,,1,,,,Survey length felt very appropriate; it seemed to end quickly.
644065e48a7e066e05ef2bdf,7/26/25 9:29,1007,,,1,,26,1,4,,1,4,,1,,,,,,,7,,,1,2,1,5,4,3,4,4,4,5,3,3,2,2,1,1,2,2,3,2,3,2,0,1,40000,80000,2,65000,60000,80000,170000,2,160000,140000,100000,1,150000,1,180000,6,5,0,0,2,0,0,2,2,2,4,1,5,3,3,3,4,2,3,1,2,1,1,4,1,,,,1,,0,2,,,,,,,1,,1,1,New York,12586,2,New York,newburgh ,2,3,6,6,3,3,1,,,,,,2,2,,,,,,,,,none
5db37bb9da032c000f9e04fa,7/26/25 9:30,472,,,1,,26,0,3,1,,3,,,,,,,,,5,,,1,3,2,4,4,3,3,2,2,4,1,4,2,4,2,2,2,3,3,3,4,4,0,1,70000,125000,2,150000,100000,130000,200000,2,250000,180000,115000,0,125000,0,135000,2,3,0,2,2,0,0,2,2,1,2,3,5,4,4,1,4,2,4,2,2,1,2,3,1,,,,,1,0,-1,,,,,,,1,,1,1,Michigan,48312,2,Michigan,Sterling Heights,2,0,7,7,6,6,1,,,,,,1,2,,1,,,,,,,
671d2da02389ecce30564698,7/26/25 9:33,1943,,,1,,22,1,4,,1,3,,,,,,,,,4,,1,,2,1,5,4,1,4,2,4,4,1,2,2,3,1,2,3,2,3,3,3,3,0,1,40000,51840,3,55000,45000,40000,75000,2,85000,70000,40000,1,50000,1,50000,10,10,0,2,2,0,0,0,4,3,4,5,1,2,5,3,4,3,3,3,2,2,3,5,,1,,,,1,0,2,,,,,1,,,,1,1,Indiana,46808,2,Indiana,Topeka,1,2,4,5,2,3,,,,1,,,2,3,,,,,,,,,"This survey made me think a lot, I appreciated that"
5bd23f11f8e0680001660e14,7/26/25 9:36,1991,,,1,,28,1,5,,1,5,,1,1,,,,,,3,1,,,1,1,5,2,1,5,5,4,5,1,1,1,1,2,2,2,1,2,2,3,4,1,1,95000,200000,1,150000,90000,,250000,3,300000,150000,80000,1,200000,1,200000,1,5,0,2,2,0,0,2,4,3,1,4,5,2,5,2,4,3,3,4,2,1,1,4,1,,,,,1,0,2,,,,,,,1,,1,1,New Jersey,07095,2,New Jersey,Holmdel,2,0,6,6,3,3,1,,,,,,3,3,1,,,1,,,1,,
675408976764f7a9fea8cf09,7/26/25 9:36,1380,,,.80000001,,23,1,2,1,,3,,,,,,,,,3,,1,,2,2,5,2,4,4,-1,4,4,2,4,3,4,-1,1,3,2,4,4,3,2,0,1,60000,85000,2,80000,69000,60000,85000,2,90000,70000,85000,0,85000,1,85000,3,6,0,2,2,0,0,0,4,1,5,4,3,2,5,4,2,3,3,2,3,3,2,3,1,,,,,1,0,2,,,,,,,1,,1,1,Arizona,85234,1,Arizona,Gilbert,1,0,3,3,4,4,1,,,,,,2,2,,,,,,,,,
6750c7eaec05ae2f773b5be9,7/26/25 9:36,936,,,1,,18,1,4,,1,3,,,,,,,,,5,1,,,2,4,5,4,3,3,3,4,5,3,3,2,4,2,-1,-1,2,2,3,4,-1,0,1,1000,50000,1,75000,28000,280000,400000,1,500000,250000,45000,0,45000,1,65000,1,1,0,0,2,0,0,0,4,2,3,5,1,4,4,2,3,2,3,2,3,2,2,3,1,,,,,1,0,-1,,1,,1,,,1,,1,0,California,94587,2,California,Union City,2,3,4,6,9,8,,,,1,,,2,2,,,,,,,,,
6745655a51ccb2627fc26453,7/26/25 9:38,507,,,1,,22,1,4,1,,5,,,,1,,,,,6,1,,,1,1,5,4,1,4,5,4,5,-1,2,2,2,2,3,3,2,2,2,3,3,0,1,20000,50000,2,35000,20000,65000,90000,2,75000,65000,50000,1,100000,1,100000,6,1,0,0,2,0,0,0,4,2,3,4,5,1,4,3,4,2,3,2,1,1,2,3,,1,,,,1,0,2,,,,,,,1,,1,1,Ohio,45377,2,Ohio,Vandalia,2,0,6,6,6,4,,1,,,,,3,1,1,,,,,,1,,
677840c4a8701aba0b49c75e,7/26/25 9:38,522,,,.80000001,,26,1,5,,1,5,,1,1,,,,,,7,,,1,1,1,5,5,1,5,5,5,5,1,2,3,5,1,1,1,1,1,3,3,1,0,1,6000,60000,1,100000,10000,100000,150000,2,250000,80000,100000,0,150000,0,150000,1,1,0,0,0,0,0,0,5,1,2,5,3,4,5,4,1,1,5,1,5,2,5,5,1,,,,,1,0,0,,,,1,,,,,0,0,Washington,99301,2,Washington,Pasco,2,0,7,8,1,6,,,,,,1,2,2,,,,,,,,,
663a5e3f2d13106895ded4c4,7/26/25 9:40,1134,,,1,,25,1,5,1,,3,,,,,,,,,6,,,1,1,1,4,1,1,5,5,5,5,3,1,1,1,1,1,1,2,1,3,1,1,0,0,12000,30000,1,30000,20000,0,,,,,40000,1,45000,1,50000,1,1,0,0,0,0,0,0,4,3,1,4,5,2,5,2,2,1,1,1,1,2,4,5,1,,,1,,,1,2,,,,,,,1,,1,1,Kentucky,42754,1,Kentucky,elizabethtown,1,3,4,6,,2,,,,1,,,3,3,,,,,,,1,,
5f8b3c348183d30f91832a2b,7/26/25 9:41,1440,,,1,,25,1,5,1,,4,,,1,,,,,,7,,,1,1,1,5,1,1,5,5,5,5,1,1,1,2,1,2,2,2,2,1,2,2,0,1,2500,40000,1,60000,24000,39000,70000,1,90000,50000,45000,0,45000,0,45000,2,6,0,2,2,0,0,0,4,1,2,5,4,3,5,1,1,4,2,2,1,1,4,5,,,1,,,1,0,0,,,,1,,,,,1,0,California,92780,2,California,East Los Angeles,3,0,4,4,3,3,,,1,,,,3,3,1,,,1,,,,,
664693aa552f1b615f78502a,7/26/25 9:44,1581,,,1,,25,1,4,1,,4,,,1,,,,,,6,,,1,2,2,5,4,2,5,4,4,5,2,4,2,2,1,2,3,2,-1,-1,1,3,0,1,25000,60000,2,70000,40000,75000,70000,2,75000,50000,90000,0,90000,0,90000,10,4,0,0,2,0,0,0,4,1,2,4,3,5,2,5,2,3,2,1,2,2,3,5,1,,,,,1,0,-1,,,,1,,,,,1,0,Arizona,85033,2,Arizona,Phoenix,2,0,4,4,3,2,,,1,,,,3,3,1,,,1,,,,,
60d13d406f3b34d6791c8831,7/26/25 9:45,865,,,1,,28,1,5,1,,3,,,,,,,,,7,,,1,1,2,5,3,1,5,5,4,5,2,3,1,2,1,2,2,2,2,3,2,2,0,1,37500,55000,1,65000,25000,137000,165000,1,180000,100000,75000,0,125000,0,145000,1,2,0,2,2,0,0,2,5,1,2,4,5,3,3,1,5,1,4,3,1,1,2,4,1,,,,,1,0,0,,,,,,,1,,1,1,California,95616,3,Texas,Dallas,3,0,4,5,7,6,1,,,,,,3,3,1,,,,,,,,
6103029c4532e2dcc65efe45,7/26/25 9:50,722,,,.80000001,,22,1,5,,1,3,,,,,,,,,7,,,1,2,1,5,2,2,5,5,5,5,4,1,2,1,2,2,2,2,1,1,3,2,0,1,5000,70000,2,90000,60000,100000,150000,2,180000,140000,100000,0,95000,0,95000,2,4,0,2,2,0,0,0,2,1,2,4,5,3,4,1,2,4,4,2,4,3,4,5,,1,,,,1,0,1,,,,1,,,,,1,0,California,92203,2,California,Indio,2,0,6,7,7,7,,1,,,,,3,3,1,,,,,,,,n/a
67ed8a9ef13251ff7c8b66a8,7/26/25 9:51,1222,1,,.5,,18,1,5,,1,5,1,,1,,,,,,7,,,1,1,2,5,5,5,2,4,5,4,5,2,3,3,1,1,2,3,3,2,3,2,0,1,65000,100000,3,70000,45000,70000,100000,3,80000,50000,55000,0,70000,0,70000,2,2,0,0,0,0,0,0,5,1,2,3,5,4,5,5,4,2,2,2,4,2,2,3,,1,,1,,,0,1,,,,,,,1,,1,1,Georgia,30563,3,Georgia,Mount Airy,2,0,7,9,9,9,1,,,,,,1,1,,,,,,,,,Everything was fine.
62c5cdfe50000fce3e390be0,7/26/25 9:51,2672,,,1,,22,1,5,,1,3,,,,,,,,,6,,,1,1,1,4,3,1,5,5,3,5,3,1,2,1,2,2,3,3,3,3,3,4,0,1,40000,80,2,60000,40000,42000,80000,2,60000,45000,40000,0,80000,0,50000,10,4,0,0,0,0,0,0,2,2,4,1,5,3,5,4,5,3,4,3,3,2,3,3,,1,,,,1,0,0,,,,,,,1,,1,1,Illinois,60608,3,Illinois,Chicago ,3,2,4,5,3,3,,,,1,,,2,3,,,,,,,,,I felt it didn’t pander to either side simply asked and formatted questions in a specific way for you to give an opinion 
66e46bfe1f78048b57ab10ba,7/26/25 9:55,830,,,1,,27,1,5,1,,5,,1,1,,,,,,6,,,1,1,2,5,3,5,4,5,3,4,1,2,3,3,1,2,3,1,3,2,3,3,1,1,50000,85000,3,100000,50000,,150000,2,200000,100000,70000,1,70000,1,80000,3,4,0,0,0,0,0,0,5,2,3,4,5,1,4,3,4,2,5,2,2,2,3,5,1,,,,1,,2,4,,,1,,,,1,,1,1,Delaware,19720,3,Delaware,wilmington,3,0,4,5,4,3,1,,,,,,2,2,1,,,1,,,,,
63616dc91955f5390f55d39b,7/26/25 9:56,1406,,,.89999998,,29,0,4,,1,4,,,,1,,,,,5,1,,,2,2,2,2,2,5,4,4,4,2,4,1,2,1,1,2,1,2,3,2,2,0,1,32000,75000,2,90000,32000,78000,150000,2,20000,75000,40000,0,40000,0,40000,4,5,0,0,2,0,0,0,3,1,2,3,4,5,4,3,2,3,4,3,4,2,3,4,1,,,,,1,0,0,,,,,,,1,,1,1,Utah,84067,2,Utah,Roy,2,0,3,4,5,5,,,1,,,,2,3,1,,,1,,,,,
60ff7760436f1e083e4e78ce,7/27/25 10:02,429,,,1,,27,1,5,1,,3,,,,,,,,,3,,1,,1,1,5,1,1,5,5,5,5,1,1,1,2,1,2,1,1,2,2,4,3,0,1,155000,210000,3,212500,212500,185000,250000,1,300000,212500,150000,0,20000,0,20000,6,6,0,0,0,0,0,0,5,1,5,4,3,2,5,3,5,1,1,1,2,1,2,5,1,,,,1,,0,0,,,,,,,1,,1,1,California,93561,1,Florida,Loxahatchee,1,0,6,6,5,5,1,,,,,,3,3,1,,,1,,,,,
674b46b00690584bddd6e33b,7/27/25 10:03,731,,,1,,24,1,4,,1,5,,,1,,,,,,3,,1,,4,1,5,-1,-1,5,5,5,5,5,1,1,2,2,1,2,1,2,3,4,3,1,1,47500,100000,2,120000,70000,,140000,2,200000,120000,50000,1,200000,1,200000,1,2,2,2,2,0,2,2,2,2,1,5,4,3,3,5,4,2,3,4,2,1,2,3,,1,,,,1,0,2,,,,,,,1,,1,1,Illinois,60611,3,Maryland,rockville,2,0,6,8,7,6,1,,,,,,3,3,1,,,1,,,,,
6779e07aeb6a0e66e84ae0e7,7/27/25 10:03,626,,,1,,24,1,5,1,,3,,,,,,,,,5,,1,,1,1,5,1,1,5,5,4,5,4,5,2,3,2,2,3,3,2,2,4,4,0,1,100000,300000,2,250000,200000,120000,250000,2,400000,200000,100000,1,200000,1,200000,7,8,2,2,2,2,2,2,1,1,3,2,5,4,2,3,4,3,3,3,2,1,1,3,1,,,,,1,0,2,,1,,,,,,,1,0,New York,11219,3,New York,Brooklyn,3,0,7,7,1,1,1,,,,,,2,2,1,,,,,,1,,
5a8b527d5292b80001232b81,7/27/25 10:03,808,,,1,,30,1,4,1,,4,,1,1,,,,,,6,,,1,2,3,5,4,4,5,4,3,3,3,2,3,4,4,2,2,2,3,3,3,3,0,1,56800,130000,2,125000,80000,91000,225000,2,230000,160000,150000,,,1,220000,2,4,0,0,2,0,0,0,4,1,3,2,4,5,4,3,4,2,3,3,4,2,2,3,1,,,,,1,0,2,,,,,,,1,,1,1,North Carolina,28202,3,New Jersey,Red bank,2,0,6,6,6,4,1,,,,,,3,3,1,,,1,,,,,n/a
63239f94b13228f09348c943,7/27/25 10:03,782,,,1,,26,1,5,,1,5,,1,,,,,,,7,,,1,1,5,5,1,1,5,5,5,5,5,1,1,2,1,2,1,1,3,3,3,3,1,1,55000,80000,2,85000,60000,,80000,2,85000,60000,70000,0,70000,0,80000,7,8,2,2,2,0,0,0,4,1,3,4,5,2,4,2,5,1,2,3,2,1,2,1,1,,,1,,,0,0,,,,,,,1,,1,1,Maine,04412,2,New York,brooklyn,2,0,6,6,6,6,1,,,,,,3,3,1,,,1,,,,,
677614004b333b9a50de9d41,7/27/25 10:03,3107,,,1,,25,1,5,1,,3,,,,,,,,,5,,1,,1,1,5,2,2,5,5,5,5,1,1,2,1,1,1,1,1,4,3,3,2,0,1,0,12000,3,25000,40000,13000,30000,2,35000,45000,80000,0,85000,0,100000,2,2,0,0,0,0,0,0,4,1,3,2,5,4,4,1,5,2,2,2,2,1,2,4,,1,,,1,,0,0,,,1,,,,,,1,1,Illinois,60901,1,Illinois,chicago,3,0,3,3,3,4,,,,,,1,3,3,1,,,1,,,1,,
61356a75a26f82d5cf223390,7/27/25 10:03,586,,,1,,29,0,4,1,,4,,1,,,,,,,4,,,1,4,3,5,4,1,4,3,4,4,1,3,1,3,2,1,2,1,2,2,3,3,0,1,30000,40000,1,55000,30000,60000,80000,1,100000,70000,100000,1,100000,1,110000,1,1,2,2,2,0,0,0,2,1,2,4,5,3,1,2,5,1,2,4,2,1,1,1,,1,,1,,,0,2,,,,,,,1,,1,1,North Carolina,27284,2,New Jersey,paramus,2,0,9,9,6,6,,1,,,,,2,2,1,,,,,,,,
669045c8e956810e2ac83e39,7/27/25 10:03,1056,,,1,,26,0,2,,1,1,,,,,,1,,,2,1,,,5,5,4,5,4,4,1,1,4,1,5,4,5,5,3,3,2,1,1,1,2,1,1,36000,250000,3,250000,150000,,300000,3,300000,220000,50000,1,160000,1,260000,10,10,0,0,0,0,0,0,2,3,5,2,4,1,4,5,5,1,5,3,2,1,1,3,1,,,,,1,0,3,,,,1,,,1,,1,1,California,95678,2,California,Yuba City,2,3,5,6,3,3,1,,,,,,1,3,,1,,,1,,,,"Feedback - I believe anyone born in the USA can obtain a high income and become wealthy. Making money is equal to the value you bring to the marketplace. If you create a useful service or product and it is valuable you can become wealthy. Anyone can do it, it is more a mindset and beliefs than actual circumstances."
662940dea9a111e5c424f984,7/27/25 10:03,429,,,.89999998,,28,1,5,,1,5,,1,,,,,,,6,1,,,1,1,5,4,1,5,5,4,5,1,2,3,2,2,1,2,2,2,2,2,3,1,0,55000,10000,1,80000,40000,,,,,,55000,0,85000,0,85000,5,5,0,0,2,0,0,0,2,1,3,2,5,4,4,2,5,2,2,2,3,2,2,4,1,,,,,1,0,0,,,,,,,1,,1,1,Illinois,60640,3,Illinois,Aurora,2,0,6,7,4,3,1,,,,,,3,3,1,,,1,,,1,,
65a4333efc75f965e7fc0cb5,7/27/25 10:04,2229,,,.80000001,,19,1,4,1,,5,,1,,,,,,,6,,,1,2,2,5,1,1,5,4,4,5,3,3,2,4,1,-1,-1,-1,4,5,2,2,0,0,8000,80000,2,75000,50000,30000,,,,,35000,1,100000,1,130000,1,1,0,2,2,0,1,2,2,1,2,5,4,3,4,2,2,3,2,2,3,2,2,5,1,,,,,1,0,2,,1,,,,,,,1,0,Indiana,47401,2,Indiana,bloomington,2,3,4,7,6,7,,,,1,,,3,3,1,,,,,,,,
59e996863e4b5a00016aa699,7/27/25 10:04,527,,,1,,29,1,5,1,,1,,,,,1,1,1,,5,,1,,1,1,5,5,1,5,5,5,5,1,1,1,1,1,1,1,1,3,2,4,1,1,0,12000,20000,1,22000,0,,,,,,1500,0,40000,0,40000,1,1,0,0,0,0,0,0,4,1,3,5,2,4,5,3,2,3,1,1,5,4,4,4,1,,,,,1,0,0,,,,,,,1,,1,1,California,95020,3,California,San jose,2,0,4,4,6,6,,1,,,,,3,3,,,,1,,,1,,
668413a08646887a6e57bd48,7/27/25 10:04,828,,,1,,23,1,4,,1,4,,1,,,,,,,6,,,1,2,2,4,3,2,3,4,4,4,2,4,1,2,-1,-1,1,2,3,3,4,-1,1,0,0,35000,1,50000,30000,,,,,,40000,0,45000,0,50000,6,1,2,2,2,0,2,2,5,1,2,4,5,3,4,1,3,3,3,2,2,2,2,5,1,,,,,1,0,0,,,,,,,1,,1,1,Texas,75068,2,Texas,little elm,2,0,3,3,,,,,,,,1,2,2,,,,,,,1,,
667970bb47ca9598fd9fe270,7/27/25 10:04,563,,,1,,27,1,5,1,,5,,,1,,,,,,7,,,1,1,1,5,1,2,5,5,4,5,1,1,2,2,1,1,1,1,2,2,2,1,0,1,2000,30000,2,35000,2000,17000,29000,2,30000,16000,50000,0,50000,0,50000,1,1,0,2,2,0,0,2,2,1,2,4,5,3,5,2,2,4,2,4,2,1,4,5,,1,,,,1,0,0,,,,,,,1,,1,1,Ohio,43003,1,Ohio,Ashley,1,0,3,3,3,5,1,,,,,,3,3,1,,,1,,,,,n/a
6018a5c0e1600b187ccb8693,7/27/25 10:04,1451,,,1,,27,0,3,1,,4,,,1,,,,,,5,,,1,1,5,3,2,3,3,4,3,3,2,3,3,4,3,2,1,2,3,2,3,4,0,0,45000,150000,2,180000,200000,80000,,,,,60000,1,120000,1,150000,1,6,0,0,0,0,0,0,3,1,4,3,2,5,2,1,3,3,4,2,3,4,3,3,1,,,,,1,0,2,,1,,,,,,,1,0,New York,11367,3,New York,kings county,3,3,3,6,3,3,1,,,,,,3,3,1,,,1,,,1,,
631ffc3584141f143567f021,7/27/25 10:04,975,,,.89999998,,24,1,4,1,,2,,,,,1,,1,,5,,,1,2,2,4,4,-1,4,4,4,5,2,4,4,4,5,2,-1,2,3,3,3,2,0,1,2500,125000,2,200000,75000,125000,200000,2,250000,125000,80000,1,125000,1,125000,2,2,0,0,2,0,0,0,3,1,2,5,4,3,3,4,4,2,5,2,2,1,2,3,1,,,,,1,0,-1,,,,,,,1,,1,1,Connecticut,06757,1,Connecticut,06757,1,0,3,3,3,3,,,1,,,,1,1,,1,,,1,,,,
5c715022b2da8a0001ee0a84,7/27/25 10:04,777,1,,.30000001,,23,1,5,1,,3,,,,,,,,,5,,1,,2,3,5,2,4,5,4,2,4,1,5,1,2,2,1,2,2,3,3,3,2,0,1,500,1000,1,400,100,500,1000,1,1000,500,10000,0,100000,0,150000,6,6,2,2,2,0,2,2,4,4,2,1,3,5,5,1,1,4,1,2,1,1,1,5,1,,,,,1,0,0,,1,,,,,,,1,0,Maryland,20905,2,California,San Diego,2,0,6,6,4,4,,,,,,1,2,2,,,,,,,,,My answers for the income part might be off or strange. I have no sense of what is a good amount to live 'comfortably.'
5c9cf2e1d54c260001e62eac,7/27/25 10:04,566,,,1,,21,1,4,,1,3,,,,,,,,,7,1,,,1,1,5,2,5,5,5,5,5,4,1,1,1,1,2,3,2,3,3,4,3,0,1,0,100000,2,100000,60000,70000,140000,3,140000,100000,90000,0,90000,0,90000,5,5,0,0,2,0,0,0,1,1,3,2,5,4,4,2,3,4,2,4,2,2,2,4,1,,,,,1,0,2,,,,1,,,1,,1,1,Texas,76205,2,Texas,Flowermound,2,3,4,6,4,4,,,,1,,,2,3,1,,,1,,,,,
5b4991de56e0140001acb76b,7/27/25 10:05,1010,,,1,,28,1,5,,1,1,,,,,,,1,,6,,,1,2,2,5,4,4,4,4,5,4,5,5,4,4,2,3,3,3,4,2,2,3,0,1,50000,100000,2,80000,65000,85000,160000,2,140000,100000,25000,1,45000,1,60000,1,2,2,2,2,2,2,2,2,2,5,3,1,4,4,2,4,1,4,3,2,1,1,1,1,,,,,1,0,2,,1,,,,,,,1,0,New York,11229,3,New York,Brooklyn,3,0,6,6,3,4,1,,,,,,3,3,1,,,1,,,,,
673cbac0b2dbab87c0983d2b,7/27/25 10:05,744,,,1,,29,1,5,1,,4,,1,,,,,,,6,,,1,1,1,5,2,1,5,5,4,5,3,2,2,2,1,2,2,2,4,3,5,4,0,1,80000,0,2,60000,30000,78000,200000,2,250000,140000,130000,1,160000,1,170000,2,3,0,2,2,0,0,0,2,1,2,4,5,3,1,1,5,2,3,4,2,2,1,1,,1,,,1,,0,2,,,,,,,1,,1,1,Georgia,30341,2,Georgia,Marietta,2,0,7,7,6,4,1,,,,,,2,3,1,,,1,,,,,
6773ee0bc558767d380509bd,7/27/25 10:05,683,,,1,,29,1,5,1,,4,,,1,,,,,,7,,1,,1,2,4,2,1,5,4,-1,4,4,3,2,3,1,-1,2,1,3,-1,3,2,0,1,38000,90000,2,150000,60000,50000,200000,2,320000,140000,75000,1,140000,1,140000,1,1,0,0,0,0,0,0,4,1,4,5,3,2,4,2,4,3,2,1,3,1,3,5,,1,,,,1,0,3,,,,,,,1,,1,1,Florida,33304,3,Florida,Fort Lauderdale,3,0,6,6,6,,1,,,,,,3,3,1,,,1,,,1,,
6103664b32254e61282aaf0f,7/27/25 10:05,1344,,,1,,28,1,5,1,,5,1,,,,,,,,6,,1,,1,3,5,3,1,5,5,3,4,3,1,1,2,2,2,2,1,3,2,2,3,0,1,34000,50000,2,65000,40000,50000,80000,3,80000,70000,60000,1,70000,0,80000,3,5,0,0,2,0,0,0,2,1,5,2,4,3,5,2,4,1,5,1,2,2,3,4,,1,,,1,,4,-1,,,,,,,1,,1,1,Massachusetts,01060,2,Massachusetts,Chicopee,2,1,4,4,2,1,1,,,,,,3,3,,,,,,,,,
6765e871170d5768c6093c47,7/27/25 10:05,897,,,1,,21,0,4,,1,3,,,,,,,,,6,,1,,4,5,5,4,4,4,4,1,3,4,5,4,5,2,1,2,2,2,2,4,2,0,1,1000,100000,2,130000,30000,110000,140000,2,170000,60000,10000,0,10000,1,13000,2,2,0,0,0,0,0,0,3,1,3,4,5,2,2,5,4,4,3,1,4,2,2,3,1,,,,,1,0,3,,,1,,,,,,1,0,Maryland,20721,2,Maryland,Bowie,2,2,4,5,6,7,,,,1,,,2,1,,1,,,,,,,
670eba80fd87b7f29689350b,7/27/25 10:05,1236,,,1,,28,1,5,,1,3,,,,,,,,,7,,1,,1,1,5,2,1,5,5,5,5,1,2,1,1,1,2,2,2,1,4,1,3,0,1,69000,130000,1,100000,85000,95000,160000,1,130000,100000,90000,1,130000,1,160000,5,6,0,2,2,0,0,0,4,1,2,4,5,3,3,2,5,2,2,2,2,2,2,4,1,,,1,,,0,1,,,,,,,1,,0,0,Nevada,89503,3,Nevada,Paris,2,0,7,8,3,6,1,,,,,,3,3,1,,,1,,,1,,
6155dbf32ea3ee65aaf0ce9b,7/27/25 10:05,763,,,1,,23,1,4,,1,4,,,1,,,,,,5,,,1,2,4,5,4,2,2,4,4,5,5,2,2,2,1,1,2,1,4,3,3,4,0,1,10000,120000,2,150000,80000,300000,270000,3,310000,215000,250000,0,275000,0,290000,10,6,0,0,2,0,0,1,2,1,3,2,5,4,2,2,5,2,4,3,2,2,3,4,1,,,,,1,0,0,,,,,,,1,,1,1,Connecticut,06074,2,Connecticut,South Windsor ,2,0,6,9,4,5,,,,,,1,3,2,1,,,1,,,,,
5c318c0143b64d000171d078,7/27/25 10:06,450,,,1,,25,1,5,,1,5,,1,1,,,,,,1,,1,,1,1,5,3,1,4,5,5,5,1,1,1,2,5,2,2,2,5,5,5,3,1,1,65000,100000,1,100000,90000,,180000,1,200000,180000,65000,1,150000,1,180000,10,5,0,2,2,0,0,0,3,2,4,5,1,3,3,1,5,1,2,2,2,1,1,3,,1,,,,1,0,3,,1,,,,,,,1,0,District of Columbia,20009,3,Virginia,Centreville,2,0,7,7,2,5,1,,,,,,3,3,,,1,1,,,,,
63dc33d345000eaa86ba094d,7/27/25 10:06,773,,,1,,29,0,4,1,,3,,,,,,,,,7,1,,,1,3,5,4,3,3,2,1,5,1,4,4,5,3,3,3,3,3,4,4,4,0,0,105000,350000,2,400000,250000,180000,,,,,250000,1,350000,1,400000,1,1,0,2,2,0,0,0,2,1,3,4,5,2,3,4,5,1,3,2,2,1,1,1,1,,,1,,,0,2,,,,,,,1,,1,1,Texas,75070,2,Texas,Arlington,2,0,6,6,5,4,1,,,,,,2,2,,1,,1,,,,,
6769c1f886a1593880b6bc97,7/27/25 10:06,590,,,.89999998,,26,1,5,,1,4,,1,,,,,,,7,,1,,2,1,5,4,2,4,5,5,5,2,-1,2,2,1,2,2,2,1,2,1,3,1,1,36000,60000,2,75000,60000,,100000,2,70000,60000,45000,1,60000,1,60000,8,9,0,2,2,0,0,0,3,1,2,5,4,3,3,4,5,1,4,2,2,1,2,1,,1,,,,1,0,3,,,1,,,,1,,1,1,Kentucky,42501,1,Kentucky,Somerset,1,0,6,6,3,3,1,,,,,,2,3,1,,,,,,,,
67900b8a18ccac5258b6416f,7/27/25 10:07,1037,,,1,,18,1,5,1,,3,,,,,,,,,6,,,1,3,3,5,3,3,5,4,5,4,5,3,1,2,1,1,1,2,2,1,2,1,0,1,0,0,3,50000,40000,45000,45000,2,50000,40000,45000,1,50000,1,50000,10,5,2,2,2,0,1,2,3,4,2,5,3,1,4,2,3,4,2,1,5,3,4,5,,1,,,,1,0,2,,1,,,,,,,1,0,Texas,77494,2,Texas,Katy,2,3,3,6,1,1,,,,1,,,3,2,,,,,,,1,,
667b4043a7f74c3ff540a60d,7/27/25 10:07,1306,,,1,,23,0,3,,1,3,,,,,,,,,5,1,,,4,4,3,4,3,3,2,2,3,3,4,1,2,4,-1,3,1,4,3,3,2,1,1,5000,360000,3,600000,120000,,500000,2,800000,400000,96000,1,350000,1,400000,3,5,0,0,0,0,0,0,4,1,2,5,4,3,4,3,2,2,1,2,2,1,3,3,1,,,,,1,0,4,,,,,,,1,,1,1,Idaho,83713,3,Idaho,Boise,3,0,4,4,6,6,,,1,,,,1,1,,,,,1,,,,
6632baca722ad82b9522bfcb,7/27/25 10:08,1048,,,1,,23,1,5,,1,4,,,,1,,,,,5,1,,,1,1,5,1,2,5,5,4,5,1,2,2,3,2,1,1,1,1,1,2,1,0,1,30000,75000,2,65000,45000,130000,50000,1,250000,65000,65000,0,75000,0,75000,1,1,0,0,0,0,0,0,4,1,4,3,5,2,3,1,2,4,1,3,3,2,3,5,,1,,,,1,0,0,,1,,,,,,,1,0,North Carolina,00000,3,North Carolina,greensboro,3,0,6,7,3,5,1,,,,,,3,3,1,,,1,,,,,n/a
67ca44c542a5ebd3baf7d5e1,7/27/25 10:08,2062,,,.89999998,,28,1,5,,1,5,,1,1,,,,,,5,,1,,2,1,5,4,2,4,5,4,5,2,1,2,3,4,2,2,2,3,3,3,3,1,1,86000,120000,2,115000,98000,,200000,2,190000,185000,130000,1,250000,1,250000,8,4,2,2,2,0,0,2,2,2,5,1,4,3,2,4,4,3,3,2,3,2,2,3,,1,,,,1,0,2,,,,,,,,1,1,1,Ohio,44485,2,Ohio,Warren,2,0,6,7,6,7,,1,,,,,1,1,,1,,,1,,,,Everything was clear.
6427402d1463cb72eca94b3e,7/27/25 10:09,605,1,,.2,,23,1,5,1,,5,,1,1,,,,,,7,,,1,1,1,4,3,1,5,5,5,5,1,4,1,2,1,1,2,2,4,1,1,1,0,1,20000,60000,2,80000,15000,40000,80000,2,100000,20000,50000,1,100000,1,100000,1,4,0,0,2,0,0,0,4,3,4,5,2,1,5,5,4,2,3,2,3,2,5,5,1,,,,,1,0,2,,,,,,,1,,1,1,Oregon,97078,2,Oregon,Beaverton,2,0,4,6,1,1,,1,,,,,2,3,,,,,,,,,
5eebe4e6e61002183aec9b70,7/27/25 10:09,465,1,,.2,,28,1,5,,1,4,,,,1,,,,,7,,1,,1,1,5,1,1,5,5,5,5,1,1,1,2,1,1,1,1,3,3,3,2,1,0,20000,25000,1,40000,10000,,,,,,30000,0,30000,0,30000,1,1,0,0,0,0,0,0,4,1,2,4,3,5,5,2,2,4,2,1,3,2,5,5,1,,,,,1,0,0,,,,,,,1,,1,1,Ohio,45404,2,Ohio,Xenia,2,0,4,4,2,2,,,1,,,,3,3,,,,,,,,,
668d9597263e15895c82a1d4,7/27/25 10:09,865,,,1,,29,0,2,1,,3,,,,,,,,,3,,1,,2,2,4,4,4,4,2,2,3,2,4,3,3,3,2,2,2,3,3,4,3,0,1,20000,40000,1,50000,20000,130000,160000,2,150000,120000,130000,1,150000,1,170000,1,1,0,0,2,0,0,1,5,2,1,5,4,3,4,2,4,3,4,3,2,2,2,1,,1,,1,,,1,3,,,,,,,1,,1,1,North Carolina,27889,1,North Carolina,Charlotte ,2,0,6,6,6,7,1,,,,,,1,1,,1,,,1,,,,
5be0ed4b9da2d300010ca1db,7/27/25 10:09,1262,,,1,,26,1,4,,1,3,,,,,,,,,6,,1,,1,1,5,2,1,4,2,1,2,1,4,3,4,2,2,3,3,3,-1,4,5,1,1,100000,175000,2,200000,150000,,250000,2,300000,250000,100000,1,200000,1,250000,1,1,2,2,2,0,2,2,1,3,5,2,1,4,4,2,5,1,4,2,2,2,1,2,1,,,,,1,0,3,,,,,,,1,,1,1,New York,10024,3,New York,New York,3,0,6,7,7,,1,,,,,,2,2,1,,,1,,,1,,
67e80b7b69a2afc3b988096b,7/27/25 10:10,3690,,,.89999998,,29,1,4,,1,5,,,1,,,,,,6,1,,,2,2,5,5,5,5,5,4,4,2,2,5,5,1,2,3,3,3,3,3,3,0,1,50000,100000,2,80000,60000,75000,150000,2,150000,140000,100000,1,80000,1,100000,5,5,0,2,2,0,0,0,4,1,5,2,4,3,4,4,4,2,4,2,2,2,2,3,,1,,,1,,0,2,,,1,,,,,,1,1,Illinois,60657,3,North Carolina,Wilmington,2,4,6,9,6,6,,1,,,,,3,3,1,,,1,,,1,,none
60fee6ac4251e521b4546f1d,7/27/25 10:10,820,,,1,,25,1,5,1,,3,,,,,,,,,5,1,,,1,2,5,5,5,5,5,2,5,2,4,3,2,1,2,2,2,2,4,4,4,1,1,75000,90000,2,110000,60000,,130000,2,200000,110000,50000,1,100000,0,120000,1,1,0,0,2,0,0,0,4,1,2,4,5,3,2,2,5,2,3,4,2,2,2,4,,1,,,,1,0,2,,,,,,,1,,1,1,Indiana,46220,3,Indiana,Evansville ,3,0,6,6,6,6,1,,,,,,3,3,1,,,1,,,,,
66a2fd3ddb8757da1068e932,7/27/25 10:11,656,,,1,,23,1,5,1,,4,,,1,,,,,,7,,,1,1,1,4,5,1,5,5,5,5,1,1,2,2,2,1,1,1,2,2,2,1,0,1,0,55000,2,65000,24000,38000,48000,1,57000,32000,70000,1,71000,1,75000,2,1,2,2,2,0,0,0,4,1,2,4,5,3,5,2,1,3,1,1,3,2,4,5,,1,,,,1,0,2,,,,,,,1,,1,1,California,94558,2,Tennessee,Columbia,2,0,3,3,2,3,,,,,,1,3,3,,,,,,,,,
67a692bc6cb5578e397df372,7/27/25 10:11,441,,,1,,27,1,5,1,,5,,1,1,,,,,,7,1,,,1,1,5,2,1,5,5,5,5,4,2,1,2,1,2,2,3,4,4,4,2,1,0,38000,90000,2,110000,65000,,,,,,65000,0,65000,0,65000,2,1,0,2,2,0,0,0,4,3,1,5,2,4,5,3,2,3,4,2,3,3,3,4,,1,,,,1,0,0,,,,,,,1,,1,1,Illinois,60613,3,Michigan,Brighton,2,0,7,7,9,7,,1,,,,,3,3,1,,,1,,,,,
666f1011d64e15b3f825f1e7,7/27/25 10:12,3189,,,.89999998,,21,1,5,,1,5,,1,,,,,,,6,1,,,2,5,5,3,1,5,5,5,5,2,3,3,3,1,1,3,2,3,3,2,2,0,1,25000,100000,2,100000,80000,25000,100000,2,100000,80000,60000,1,80000,1,200000,1,1,0,0,0,0,0,0,4,1,2,5,3,4,3,5,1,3,3,1,3,3,5,4,1,,,,,1,0,2,,,1,,,,,,1,1,Tennessee,38104,3,Tennessee,Memphis,3,2,4,6,5,2,,1,,,,,1,2,,,,,,,,1,
5aebb10baa05510001ff6500,7/27/25 10:12,812,,,1,,27,1,4,,1,4,,,1,,,,,,5,,,1,1,1,5,3,2,5,4,3,4,3,2,2,3,1,3,3,2,4,3,4,4,0,0,140000,300000,2,400000,200000,200000,,,,,120000,1,200000,1,250000,3,1,2,2,2,0,0,2,4,1,4,2,5,3,3,3,5,2,5,3,2,2,2,3,1,,,,1,,0,2,,,,,,,1,,1,1,Ohio,43065,2,Ohio,Columbus,3,4,6,7,6,7,1,,,,,,1,2,1,,,1,,,,,
668c3d366a81311ad96a480b,7/27/25 10:13,1394,,,1,,24,1,5,1,,3,,,,,,,,,6,1,,,3,3,5,3,3,5,5,4,5,2,-1,2,2,1,-1,2,3,3,-1,3,3,0,1,3500,86000,2,100000,100000,75000,89000,2,89000,89000,34000,1,100000,1,130000,1,1,0,0,2,0,0,2,3,2,5,1,3,4,4,3,3,4,3,2,3,4,2,3,,,1,,,1,0,3,,,1,,,,,,1,1,California,93535,3,California,Los Angeles ,3,2,4,7,6,,,,,1,,,3,3,1,,,,,,,,
672927064526be646671a891,7/27/25 10:13,559,,,1,,19,1,4,,1,3,,,,,,,,,7,,1,,1,2,5,2,1,4,3,3,4,2,2,2,3,2,3,2,2,1,1,4,3,0,1,40000,90000,2,70000,50000,120000,170000,2,150000,100000,100000,1,120000,1,120000,4,7,0,0,2,0,0,0,2,2,3,1,5,4,5,3,4,3,4,2,3,2,1,3,1,,,,,1,0,2,,,1,,,,,,1,0,Virginia,20175,2,Virginia,Fairfax,2,3,4,6,3,3,,1,,,,,3,3,1,,,,,,1,,
6779e07aeb6a0e66e84ae0e7,7/27/25 10:14,290,,,1,,24,1,4,,1,3,,,,,,,,,5,,1,,1,1,5,1,1,5,5,5,5,4,5,2,3,2,2,3,3,2,2,2,4,0,1,100000,300000,2,400000,200000,120000,300000,2,400000,200000,150000,1,300000,1,500000,7,8,2,2,2,2,2,2,1,1,3,2,5,4,2,3,4,1,3,4,1,1,1,2,1,,,,,1,0,2,,1,,,,,,,1,0,New York,11219,3,New York,Brooklyn,3,0,7,7,1,1,1,,,,,,2,2,1,,,,,,,,
601a67866e12e328676f82da,7/27/25 10:14,739,,,1,,26,0,5,1,,2,,,,,,,1,,5,,1,,2,5,2,2,4,5,2,4,4,5,2,5,3,4,3,2,3,1,4,5,1,1,0,55000,85000,1,85000,55000,,,,,,45000,0,45000,0,45000,1,1,0,0,2,0,0,0,2,1,4,3,5,2,5,1,5,2,3,3,2,2,2,4,1,,,,,1,0,0,,,1,,,,,,1,1,Georgia,30303,2,Georgia,Atlanta,2,0,3,3,3,6,1,,,,,,3,3,1,,,1,,,,,
678835179bafdd4657bd5873,7/27/25 10:14,616,,,1,,21,0,3,,1,1,,,,,,1,1,,4,,,1,2,4,4,4,4,1,2,1,1,1,5,3,4,2,3,3,3,1,3,4,4,0,1,10000,100000,2,150000,70000,140000,160000,1,170000,140000,80000,1,120000,1,130000,1,5,0,0,2,0,0,0,4,1,2,4,3,5,4,2,3,3,3,3,2,1,1,3,1,,,,,1,0,2,,,,1,,,1,,1,1,Florida,32583,2,Florida,pensacola,2,3,4,6,5,4,,,,1,,,1,1,,1,,,,,1,,
610b1ad30daed5064d31c2c3,7/27/25 10:14,662,,,1,,22,1,4,1,,4,,,1,,,,,,6,,1,,2,3,4,3,2,2,2,2,3,2,3,3,4,5,3,3,3,3,3,3,4,1,1,35000,300000,2,500000,150000,,500000,2,750000,150000,70000,1,250000,1,400000,1,3,0,0,2,0,0,0,2,3,2,1,5,4,4,3,5,1,4,4,2,2,2,3,1,,,,,1,0,-1,,,,1,,,1,,1,1,Colorado,80112,2,Colorado,Centennial,2,0,6,6,6,6,1,,,,,,1,2,1,,,,,,,,
66b3c21e2093dab8f66ffe11,7/27/25 10:14,613,,,1,,23,1,1,,1,1,,,,,,,1,,1,,,1,1,1,3,5,5,1,1,2,4,2,5,3,4,1,1,2,1,3,2,2,2,0,1,5000,90000,2,150000,50000,105000,140000,1,300000,65000,120000,1,140000,1,150000,1,3,0,0,2,0,0,0,4,1,5,3,4,2,4,3,1,4,3,2,2,1,2,5,1,,,,,1,0,3,,,,,,,1,,1,1,New Jersey,08005,2,New Jersey,Barnegat,2,4,6,7,4,6,,,,1,,,1,1,,1,,,1,,,,
672bb1963a3e366539886bfc,7/27/25 10:15,1201,,,1,,26,1,5,1,,4,,1,,,,,,,5,,1,,2,1,5,4,2,5,4,4,5,2,4,3,4,2,1,2,2,4,3,3,2,0,1,30000,45000,2,70000,15000,60000,85000,2,120000,50000,75000,0,120000,1,165000,5,3,0,2,2,0,0,0,2,3,1,5,4,2,4,3,3,3,2,2,4,3,4,5,,1,,,,1,0,2,,1,,,,,,,1,0,Texas,78750,3,Virginia,Annandale,2,0,6,7,7,7,,1,,,,,3,3,1,,,1,,,,,
61bb38b540db417c1a138ce7,7/27/25 10:15,960,,,1,,25,1,5,,1,4,,1,1,,,,,,7,1,,,1,1,5,4,1,5,5,5,5,1,1,1,2,1,1,-1,-1,-1,-1,3,2,0,1,14000,65000,1,100000,40000,50000,100000,1,125000,70000,50000,1,120000,1,150000,1,3,0,2,2,0,0,0,4,2,5,3,1,4,5,2,2,4,2,3,4,4,3,4,,1,,,,1,0,1,,1,,,,,,,1,0,California,91106,2,California,Castro Valley,2,0,7,7,7,7,,1,,,,,3,3,1,,,,,,1,,
611175c06e962ff669c8fb41,7/27/25 10:15,654,,,1,,27,1,5,1,,5,,1,1,,,,,,3,1,,,2,3,5,1,1,5,5,5,5,1,2,2,3,1,2,1,2,3,3,3,3,1,0,85000,120000,1,150000,100000,,,,,,95000,0,100000,0,130000,1,1,0,2,2,0,0,0,4,1,2,3,5,4,3,2,4,3,2,3,3,2,2,4,,1,,,,1,0,0,,,,,,,1,,1,1,New York,10016,3,New Jersey,Old Bridge,2,0,6,7,6,6,1,,,,,,3,3,1,,,1,,,,,
610d8d3160d4372eb109fddc,7/27/25 10:15,715,,,.89999998,,23,0,3,,1,3,,,,,,,,,5,,1,,2,3,4,3,-1,5,4,5,2,1,4,3,4,4,1,2,1,2,4,2,2,0,1,24000,33000,3,38000,30000,70000,60000,2,60000,50000,45000,1,45000,1,50000,8,3,0,0,2,0,0,2,5,1,2,4,5,3,5,2,5,1,5,1,2,1,3,3,,1,,,,1,1,2,,,,,,,1,,1,1,Missouri,65043,1,Missouri,Holts Summit,1,0,3,3,2,4,1,,,,,,2,2,,,,,,,1,,
6141563b3e1d6856256a5e40,7/27/25 10:15,815,,,1,,23,1,3,,1,5,,1,,,,,,,7,,,1,1,5,5,5,5,5,4,5,5,5,5,3,2,3,3,3,3,3,3,3,3,1,0,40000,70000,3,50000,40000,,,,,,50000,1,50000,0,60000,2,5,0,0,0,0,0,0,5,2,3,4,1,5,5,4,5,1,4,2,3,4,3,2,1,,,,,1,1,1,,,1,1,,,,,1,1,Arizona,85705,3,Arizona,Tucson,3,0,3,6,3,3,1,,,,,,3,3,1,,,1,,,1,,
6102eb5ae34c003d0172c3cf,7/27/25 10:15,1439,,,.80000001,,23,1,5,1,,5,,,,1,,,,,2,1,,,1,1,5,3,4,5,4,5,5,1,1,2,4,1,2,1,1,3,2,3,1,0,1,20000,45000,2,90000,25000,35000,70000,3,150000,60000,36000,0,80000,0,90000,3,4,0,0,2,0,0,0,4,3,2,5,4,1,5,2,4,3,4,2,2,4,4,5,,1,,,,1,0,0,,,,,,,1,,1,1,California,,3,California,Hayward,2,2,4,5,3,4,1,,,,,,3,3,1,,,1,,,,,
677c4861d510515568796dab,7/27/25 10:15,862,,,1,,28,1,5,1,,3,,,,,,,,,6,,,1,1,1,4,-1,-1,5,3,4,5,-1,1,2,-1,4,2,-1,1,3,2,3,3,0,1,30000,50000,1,60000,10000,65000,80000,1,80000,50000,50000,0,60000,0,75000,8,1,0,0,0,0,0,0,5,4,3,5,1,2,4,5,3,3,4,2,2,2,4,5,,1,,,1,,0,0,,,,,,,1,,1,1,Kansas,66614,1,California,San Diego,3,0,4,4,4,3,,,1,,,,2,2,1,,,1,,,,,
67082a1f71c0e0803713f4c8,7/27/25 10:16,1075,,,1,,25,0,2,,1,2,,,,,,1,,,7,,,1,2,5,2,5,4,1,1,1,1,1,5,4,5,4,3,3,2,3,3,3,4,1,1,100000,175000,1,250000,100000,,300000,1,350000,200000,75000,1,150000,1,150000,1,4,0,0,2,0,0,0,2,1,2,3,4,5,1,4,5,1,4,4,2,1,2,1,1,,,,,1,0,-1,,,,,,,1,,1,1,New York,12429,1,New York,Esopus,1,0,4,4,1,1,1,,,,,,1,1,,1,,,1,,,1,
67aae2b5797af1e296927d2a,7/27/25 10:16,2592,,,1,,22,1,4,1,,4,,1,1,,,,,,6,,,1,2,2,5,2,2,5,4,2,4,2,2,2,3,2,2,3,2,4,4,4,3,0,1,50000,150000,3,200000,100000,99000,250000,2,300000,500000,50000,1,50000,1,70,5,5,0,0,2,0,0,0,2,1,5,4,3,2,4,5,5,2,4,4,3,2,2,2,1,,,1,,,2,3,,,,,,,1,,1,1,Virginia,23831,3,California,Santa Monica,3,0,7,9,7,7,,1,,,,,1,2,,1,,,,,,,
661756ea936da481783f7012,7/27/25 10:16,1449,,,1,,23,0,3,1,,3,,,,,,,,,6,,1,,2,4,4,2,2,5,4,2,4,3,4,3,4,3,3,3,2,4,3,3,2,0,1,40000,75000,2,100000,40000,80000,150000,2,200000,80000,70000,1,100000,1,125000,3,5,2,2,2,0,0,2,2,2,1,4,5,3,3,2,4,1,4,3,2,2,2,2,1,,,1,,,1,3,,,,,,,1,,1,1,Georgia,31093,3,Georgia,Warner Robins,3,0,4,4,4,4,1,,,,,,2,1,1,,,,,,,,
6730cb23008588b26f205074,7/27/25 10:16,1660,,,1,,26,0,5,,1,4,,,1,,,,,,5,,,1,1,3,5,2,2,4,4,3,4,4,4,3,4,2,2,3,-1,2,2,2,2,0,1,24000,300000,3,250000,100000,54000,500000,3,400000,300000,250000,1,450000,1,450000,3,7,0,2,2,0,2,2,4,1,5,4,3,2,2,5,2,1,2,1,1,2,5,3,,1,,1,,,0,5,,,1,,,,,,1,1,Virginia,23505,2,Florida,FORT LAUDERDALE,2,0,4,5,5,3,,,1,,,,2,2,,,,,,,,,
66a6661ce594fac728e89a59,7/27/25 10:16,584,,,1,,27,0,4,1,,2,,,,,,1,,,7,,1,,2,3,4,4,3,4,3,3,3,2,4,3,4,-1,3,2,-1,3,3,4,3,1,1,75000,125000,3,120000,70000,,125000,2,120000,70000,50000,0,70000,0,60000,1,1,0,0,2,0,0,0,4,4,2,1,5,3,4,3,5,2,3,3,2,2,1,1,1,,,,,1,0,0,,,,,,,1,,1,1,Colorado,80134,2,California,Sonora,1,0,6,6,6,6,1,,,,,,1,1,,1,,,1,,,1,
5b8c7161284d9b00019dee13,7/27/25 10:17,1344,,,1,,27,1,4,,1,4,,,1,,,,,,6,1,,,1,2,5,-1,-1,4,4,4,4,3,2,2,3,2,-1,-1,1,2,1,2,2,1,0,29000,40000,1,60000,35000,,,,,,30000,0,30000,0,33000,2,4,0,0,0,0,0,0,4,3,2,4,5,1,5,2,4,3,4,1,3,2,3,5,,1,,,,1,0,0,,,,,,,1,,1,1,Texas,78411,3,Texas,Corpus christi ,3,0,3,4,5,2,,1,,,,,2,2,,,,,,,,,
65ac3e8cde17d72bca5eadb5,7/27/25 10:17,421,,,1,,24,1,5,1,,5,,,,1,,,,,3,,,1,1,1,4,4,1,5,5,5,5,5,1,1,1,1,1,1,1,1,1,1,1,0,0,50000,75000,1,160000,120000,60000,,,,,80000,0,120000,0,160000,3,5,0,0,0,0,0,0,5,1,4,2,5,3,2,5,3,4,1,1,3,3,4,5,,1,,,,1,0,0,,,1,,,,,,1,0,Ohio,43026,2,Ohio,Columbus,2,0,6,7,1,3,1,,,,,,3,3,1,,,1,,,,,
6781b13cd289b7f8418fdea0,7/27/25 10:17,1615,1,,.1,,23,1,5,1,,5,,1,1,,,,,,7,,,1,4,4,5,5,2,5,4,4,4,2,4,3,4,5,2,3,2,3,3,3,3,0,1,240000,1000000,3,1100000,700000,420000,3000000,3,3500000,2800000,2500000,1,2500000,1,3500000,6,4,0,0,0,0,0,0,5,3,5,1,4,2,5,4,4,4,4,4,3,2,2,3,,1,,,1,,0,2,,,1,,,,,,1,1,Tennessee,38301,2,Tennessee,Jackson ,2,0,3,5,3,3,1,,,,,,3,3,1,,,,,,,,All was good
678e1a303a8e378f3e02cdf3,7/27/25 10:18,2595,,,.80000001,,25,1,4,,1,4,,,,1,,,,,7,,1,,1,2,5,3,-1,5,5,3,5,2,2,1,2,2,2,2,2,2,3,4,3,0,1,52000,65000,1,95000,15000,89000,100000,2,180000,25000,90000,1,120000,1,130000,10,4,0,2,2,0,0,2,4,3,4,2,1,5,5,3,4,3,2,2,3,2,3,1,,1,,,1,,1,-1,,,,,,,1,,1,1,Ohio,44240,2,Tennessee,Greenbrier,1,3,4,7,6,7,1,,,,,,2,3,,,,,,,,,
67be05692b18b631ece5fd2e,7/27/25 10:18,1541,,,.2,,28,0,4,,1,3,,,,,,,,,5,,1,,1,1,3,4,2,3,4,2,5,3,2,2,1,5,2,3,2,3,3,3,3,0,1,47000,75000,3,75000,45000,89000,145000,3,150000,100000,120000,0,120000,1,150000,2,4,0,0,0,0,0,0,5,1,4,2,5,3,1,4,5,1,4,4,1,1,1,1,,1,,1,,,2,2,,,,,,,1,,1,1,New Jersey,07206,3,New Jersey,Elizabeth city,3,0,7,8,9,9,1,,,,,,3,3,,1,,,1,,,,
663ff3e539df6ec6f060f875,7/27/25 10:18,853,,,1,,27,1,5,,1,3,,,,,,,,,6,,1,,-1,4,5,3,1,5,5,4,4,1,3,2,3,1,1,-1,-1,3,2,-1,2,0,1,0,15000,1,10000,7000,25000,40000,1,40000,20000,40000,1,50000,1,50000,5,6,0,2,2,0,2,2,4,1,3,2,5,4,5,3,1,3,1,1,1,3,5,5,,1,,1,,,0,4,,,,,,,1,,1,1,Texas,75165,2,Texas,Red Oak,1,3,3,7,5,2,,,,1,,,2,2,1,,,,,,1,,
670eaf8441d2287caf6fc2f6,7/27/25 10:19,581,,,1,,19,0,4,,1,3,,,,,,,,,3,1,,,3,2,4,3,4,4,4,2,3,3,3,1,2,4,3,3,3,1,3,2,4,0,1,64000,128000,2,168000,84000,89000,1154000,2,180000,110000,120000,1,150000,1,210000,10,10,0,2,2,0,0,0,4,3,5,1,2,4,4,2,4,1,3,3,1,3,3,4,1,,,,1,,0,3,,,,,,,1,,1,1,North Carolina,75024,2,Texas,Plano ,2,3,4,7,6,7,,,,1,,,1,1,,,,,,,,,
66c0f464e0ff62798027b486,7/27/25 10:19,1610,,,1,,25,1,4,1,,4,,1,1,,,,,,6,1,,,2,2,5,4,2,5,5,4,5,2,2,2,3,2,2,2,2,2,2,3,4,0,1,10000,200000,2,175000,150000,10000,250000,2,250000,200000,150000,1,150000,1,175000,8,9,0,0,0,0,0,0,3,2,5,1,3,4,4,3,2,2,4,2,2,2,2,3,1,,,,,1,0,3,,1,,,,,1,,1,0,Florida,32526,2,California,Corona,2,5,6,9,6,6,,,,1,,,1,1,,1,,,1,,,,The study was clear and straight forward.  Thank you!
63d7a91b72bdcca4f3a683e8,7/27/25 10:19,997,,,1,,23,1,5,1,,4,,1,1,,,,,,7,1,,,1,1,5,5,2,4,4,5,5,1,1,2,3,1,2,3,2,1,2,2,3,0,1,53000,80000,2,95000,65000,130000,160000,2,200000,90000,80000,0,100000,0,100000,10,6,0,1,2,0,0,2,2,1,2,3,4,5,2,2,5,1,4,3,1,1,1,3,,1,,,,1,0,0,,,,,,,1,,1,1,Ohio,44055,2,Ohio,Lorain,2,0,6,6,3,3,1,,,,,,3,2,,,,1,,,,,
6413582d1012b558dbb28dd6,7/27/25 10:19,903,,,1,,26,1,5,1,,5,,,1,,,,,,7,1,,,2,2,4,2,2,2,4,5,5,4,2,3,3,2,2,2,2,2,2,3,3,0,1,2000,20000,1,40000,15000,160000,100000,2,90000,50000,50000,0,100000,0,100000,2,3,0,0,2,0,0,0,4,1,3,4,5,2,4,2,2,2,2,2,1,2,2,5,1,,,,,1,0,0,,,,,,,1,,1,0,Illinois,60171,2,Illinois,RIver Grove,2,0,4,5,3,3,,,1,,,,3,3,,,,,,,,,
67eda81cb12021b1d5a6930f,7/27/25 10:20,2625,,,1,,27,1,3,1,,3,,,,,,,,,5,,1,,5,5,5,5,3,5,4,2,4,3,4,4,3,1,2,3,3,3,3,3,3,1,1,145000,160000,3,170000,150000,,200000,3,180000,145000,150000,1,250000,1,300000,8,5,0,0,0,0,0,0,5,3,4,1,5,2,5,4,3,4,4,4,2,3,4,4,1,,,,,1,0,5,,,1,,,,,,1,1,Mississippi,39213,2,Mississippi,Jackson,2,4,6,9,6,7,,1,,,,,1,1,,1,,,1,,,,none
67d2152cd7385afd4164a838,7/27/25 10:20,793,,,1,,27,1,4,,1,3,,,,,,,,,7,,,1,1,2,5,4,2,5,4,4,4,1,1,1,2,1,2,2,2,3,3,3,3,1,1,65000,80000,2,100000,70000,,100000,2,100000,70000,100000,0,100000,0,100000,6,6,0,0,2,0,0,0,4,1,4,2,5,3,4,4,2,4,3,2,2,2,2,4,1,,,,,1,0,1,,,1,,,,,,1,1,Texas,75189,3,Texas,Royes,2,3,6,8,3,6,,1,,,,,3,3,1,,,1,,,1,,
67325c4378284747ceca9bef,7/27/25 10:20,996,,,1,,27,1,2,1,,4,,1,,,,,,,6,,,1,4,3,4,4,2,4,4,2,4,2,2,1,3,1,2,1,1,2,3,2,3,0,1,48000,75000,2,100000,40000,85000,130000,2,180000,70000,60000,1,90000,1,100000,2,6,0,2,2,0,0,2,4,1,5,4,2,3,4,2,4,3,2,3,3,2,2,3,1,,,1,,,0,2,,,,,,,1,,1,1,New Hampshire,03061,3,New Hampshire,New Castle,3,3,6,7,5,6,1,,,,,,3,1,,1,,,1,,,1,no
6711dd926b91eb0fcf53810c,7/27/25 10:20,644,,,1,,20,0,1,,1,3,,,,,,,,,1,,,1,-1,4,1,3,5,1,1,1,2,1,-1,4,5,-1,2,3,-1,2,4,2,2,0,1,15000,100000,1,250000,50000,50000,130000,1,400000,50000,20000,1,80000,1,60000,1,1,0,0,0,0,0,0,4,2,3,4,1,5,5,4,2,1,3,1,1,1,3,3,1,,,1,,,0,2,,,,,,,1,,1,1,Pennsylvania,19070,2,Pennsylvania,Morton,2,0,3,8,7,3,,,1,,,,1,3,,1,,,,,1,,
67e72d5696e1ec0ec2c25c63,7/27/25 10:20,2431,,,.89999998,,28,1,4,1,,4,,,1,,,,,,7,,1,,2,2,3,4,2,4,4,5,5,3,3,2,2,1,1,1,1,3,3,3,2,1,1,25000,100000,2,80000,50000,,150000,2,120000,100000,55000,1,70000,1,100000,3,1,0,0,0,0,0,0,5,1,2,3,5,4,3,4,4,3,2,1,2,3,3,5,1,,,1,,,2,3,,,1,,,,,,1,1,Texas,77327,2,Georgia,Albany,3,0,7,8,6,6,,1,,,,,2,1,,1,,,1,,,,"all instructions were clear, thank you."
682498beb28b43fa10e34496,7/27/25 10:20,2753,,,1,,28,1,4,,1,4,,,1,,,,,,7,,,1,2,2,5,4,1,5,4,2,4,1,2,2,3,2,2,3,3,2,3,2,3,0,1,70000,100000,2,249000,200000,150000,200000,2,200000,180000,200000,1,250000,0,250000,6,7,2,2,2,0,2,2,2,3,1,4,5,2,5,3,5,2,4,4,3,2,2,3,1,,,1,,,0,1,,,,,,,1,,1,1,New York,48114,3,Michigan,michigan,3,0,7,9,9,9,1,,,,,,1,1,,1,,,1,,,1,
5e76ea9839c4412605dd2070,7/27/25 10:21,815,,,1,,27,1,4,,1,4,,,1,,,,,,6,,1,,2,1,5,4,1,5,5,4,5,3,4,2,3,1,1,2,2,3,3,3,2,0,1,30000,70000,1,75000,30000,80000,100000,1,120000,70000,80000,1,100000,1,120000,1,1,0,2,2,0,0,0,2,2,5,1,3,4,5,3,2,2,3,4,2,2,3,5,1,,,,,1,0,2,,,,,,,1,,1,1,New Jersey,07419,1,New Jersey,Hamburg,1,0,5,5,3,3,,1,,,,,3,1,1,,,,,,,,The study worked great.
5f0527d40807f31c712153eb,7/27/25 10:21,355,,,1,,32,1,5,1,,3,,,,,,,,,3,,1,,3,4,4,4,4,4,4,3,3,4,4,2,2,2,2,2,2,3,3,3,3,0,1,50000,70000,2,100000,70000,150000,150000,2,150000,100000,100000,,,1,200000,6,8,0,2,2,0,0,0,3,1,2,5,4,3,2,2,4,2,3,4,2,2,2,3,,1,,,,1,0,-1,,,,,,,1,,1,0,New York,11210,2,New York,Brooklyn,2,0,7,7,3,4,,1,,,,,2,2,,1,,,1,,,,
677b95e1b1d8fab89b402933,7/27/25 10:21,1912,,,.80000001,,27,1,3,,1,3,,,,,,,,,5,1,,,2,3,5,4,2,4,3,2,4,3,4,4,4,2,2,3,3,3,4,3,4,0,1,65000,100000,2,85000,70000,148000,220000,2,200000,180000,250000,1,250000,1,240000,6,6,0,0,0,0,0,0,2,2,4,1,5,3,3,4,4,1,4,2,2,2,1,1,,1,,1,,,2,3,,,,,,,1,,1,1,Pennsylvania,18706,2,Pennsylvania,Wilkes barre,2,0,7,8,6,7,,1,,,,,3,3,1,,,1,,,,,
682cd328bd53185cbbb59840,7/27/25 10:21,1404,1,1,.89999998,,24,1,4,,1,5,,,1,,,,,,6,,1,,4,1,5,4,5,5,5,4,4,2,5,3,4,1,3,3,2,4,5,5,4,0,1,170000,200000,2,220000,175000,250000,350000,2,330000,280000,150000,1,250000,1,300000,10,10,0,2,2,0,2,2,2,1,5,3,4,2,4,5,5,2,5,4,3,4,2,1,,1,,1,,,3,4,,,,,,,1,,1,1,Michigan,48506,2,Michigan,Flint,2,0,6,8,6,6,1,,,,,,1,3,1,,,1,,,1,,
60bae1ebe45be85442acce84,7/27/25 10:21,918,,,.60000002,,29,1,5,,1,5,,,,1,,,,,6,,,1,1,1,5,3,1,5,5,4,5,1,1,1,1,2,1,1,-1,3,3,3,1,0,0,2200,14000,1,25000,1500,24500,,,,,29000,0,29000,0,29000,5,5,0,2,2,0,0,2,4,2,1,5,4,3,5,3,1,3,3,1,3,2,4,5,,,1,,,1,0,0,,,,,,,1,,1,1,Ohio,45066,2,Ohio,Springboro,2,0,4,4,3,6,,,1,,,,3,3,1,,,1,,,,,"Nothing was confusing, and the survey length was fine."
60c15eb37d3334f63a66dcd4,7/27/25 10:21,753,,,1,,26,1,5,1,,5,,1,1,,,,,,7,1,,,1,1,5,2,1,5,5,4,5,-1,1,1,3,1,3,3,3,3,3,4,3,0,1,30000,50000,1,60000,40000,30000,80000,1,90000,50000,70000,0,70000,0,70000,10,9,2,2,2,0,2,2,2,2,1,3,4,5,4,1,5,2,3,3,1,2,2,5,1,,,,1,,0,-1,,,,,,,1,,1,1,Massachusetts,01852,3,Texas,McKinney,2,5,7,8,6,7,,,,1,,,3,3,1,,,1,,,,,
6638e8aa3d1f38846080806a,7/27/25 10:22,2181,,,1,,26,1,4,1,,4,,,1,,,,,,4,,,1,1,1,3,1,4,3,4,4,5,1,1,2,2,1,1,2,2,2,2,3,3,0,1,65000,70000,2,100000,80000,70000,10000,2,10000,80000,65000,0,80000,0,85000,5,1,0,0,0,0,0,0,1,2,3,1,5,4,5,3,2,3,3,3,2,1,4,1,1,,,,,1,0,2,,,,1,,,1,,1,1,Connecticut,06825,3,Virginia,Charlottesville,3,0,6,8,6,5,1,,,,,,2,2,,1,,1,,,,,
67ccf7fbbe84c977587b8b53,7/27/25 10:22,1137,1,,.89999998,,29,1,5,1,,5,,1,,,,,,,5,1,,,2,2,5,4,2,5,5,3,4,4,5,4,5,5,2,3,3,3,4,4,4,0,1,75000,120000,3,150000,80000,175000,320000,2,350000,175000,100000,1,120000,1,200000,10,10,0,0,2,0,0,0,2,4,5,2,3,1,4,4,5,2,4,4,3,2,2,1,,1,,1,,,2,3,,,,,,,1,,1,1,New Jersey,08816,2,New Jersey,New brunswick,2,0,7,8,8,8,1,,,,,,2,2,,1,,1,,,,,
66ef8c16db6307178a651f0a,7/27/25 10:22,2251,,,1,,29,0,5,,1,1,,,,,1,,,,4,1,,,4,4,4,3,4,4,4,3,3,3,4,4,3,3,2,2,2,5,5,4,4,0,1,95000,195000,2,60000,50000,95000,105000,2,90000,40000,20000,1,50000,1,60000,5,5,0,0,0,0,0,0,4,1,2,3,5,4,4,4,4,3,4,2,4,3,4,4,,1,,1,,,0,2,,,,,,,1,,1,1,Colorado,80212,3,Colorado,denver,3,0,6,6,6,6,1,,,,,,2,2,1,,,1,,,,,
674062c6719d4b07777215a2,7/27/25 10:22,714,,,1,,29,0,5,,1,3,,,,,,,,,6,1,,,2,3,4,-1,4,5,-1,3,4,-1,3,2,1,5,1,1,-1,3,3,3,2,1,0,10000,50000,1,20000,10000,,,,,,20000,0,20000,0,30000,5,1,0,0,2,0,0,0,4,3,2,1,5,4,5,3,3,1,3,1,3,1,1,5,,1,,,,1,0,1,,,,,,,1,,1,1,Minnesota,54880,3,Minnesota,Duluth ,3,0,3,3,2,3,,1,,,,,2,2,1,,,1,,,,,
66de64c10c2283f1bc392ef1,7/27/25 10:23,626,,,1,,23,1,4,1,,2,,,,,1,,,,5,,,1,2,4,5,4,2,4,2,4,4,2,4,3,3,1,2,3,3,1,3,3,2,0,1,20000,200000,2,250000,100000,20000,200000,1,250000,100000,75000,1,200000,1,250000,5,5,2,2,2,2,2,2,4,3,4,5,2,1,2,3,2,3,3,2,3,2,2,3,,1,,,,1,0,3,,,,,,,1,,1,1,Florida,34243,2,New York,Orchard Park,2,5,6,8,6,7,1,,,,,,1,3,1,,,1,,,,,
630051de1dfc7f3ba6bb40cc,7/27/25 10:24,581,,,1,,29,1,5,,1,5,1,,,,,,,,7,,,1,1,1,3,4,1,5,5,5,5,3,4,2,2,2,2,2,3,3,5,2,2,0,1,45000,170000,3,155000,120000,80000,225000,2,200000,170000,75000,0,85000,1,150000,2,6,0,2,2,0,0,2,2,2,3,5,4,1,5,3,4,3,4,2,2,2,2,4,1,,,,1,,0,2,,1,,,,,,,1,1,California,92883,2,California,Los Angeles,3,4,6,9,5,7,,1,,,,,3,3,1,,,1,,,,,
662fd3f4239b8dbeb548beba,7/27/25 10:24,634,,,1,,26,1,5,1,,3,,,,,,,,,6,,1,,3,3,5,3,3,5,5,5,5,3,3,4,4,5,2,2,-1,2,1,2,3,1,1,65000,100000,2,150000,85000,,200000,2,300000,150000,90000,1,130000,1,130000,1,1,0,0,0,0,0,0,3,1,5,2,4,3,3,2,4,2,3,1,2,2,2,3,,1,,,,1,0,3,,,,1,,,,,1,0,Texas,77004,3,California,acton,2,0,6,8,3,2,1,,,,,,2,2,,,1,,,1,,,
666e0c9327fd060cb231509e,7/27/25 10:24,500,,,.89999998,,29,1,5,,1,3,,,,,,,,,7,,1,,1,1,5,1,1,5,5,5,5,5,1,2,2,1,2,-1,-1,3,3,3,2,1,1,40000,120000,2,150000,40000,,150000,2,200000,60000,60000,0,60000,1,120000,1,1,0,0,0,0,0,0,3,1,2,5,3,4,3,5,3,2,4,2,2,2,2,4,1,,,,,1,0,2,,,,,,,1,,1,1,Texas,78751,3,Nebraska,Omaha,3,0,6,6,6,3,,,,,,1,3,3,1,,,1,,,,,None.
5e6a34ed08a6ec0a7f75df79,7/27/25 10:24,610,,,1,,29,1,5,,1,4,,,,1,,,,,6,,1,,1,1,5,2,2,5,4,3,5,1,2,2,4,2,1,2,-1,3,3,4,1,1,0,35000,60000,2,75000,50000,,,,,,40000,0,45000,1,75000,1,2,0,0,2,0,0,0,4,2,1,5,4,3,4,3,2,4,3,1,3,2,5,4,1,,,,,1,0,-1,,1,,,,,1,,1,0,California,94303,2,California,Palo Alto,2,0,4,6,7,4,,,,,,1,1,3,,,,,,1,,,
66003d4027f04e51b0dc377f,7/27/25 10:24,900,,,1,,26,0,1,1,,1,,,,,,1,1,,4,,1,,-1,3,5,3,5,2,1,3,3,-1,3,3,2,2,2,2,2,2,2,2,3,1,1,10000,100000,2,200000,125000,,100000,1,125000,75000,80000,1,100000,1,150000,4,4,0,2,2,0,0,2,2,2,4,1,5,3,3,4,4,2,3,2,3,4,2,4,1,,,,,1,0,3,,,1,,,,,,1,1,South Carolina,29448,1,South Carolina,Harleyville,1,2,4,6,4,2,,,,1,,,1,2,,1,,1,,,,,
6505afbedfdaf655c3cb53fb,7/27/25 10:25,670,,,1,,25,0,1,1,,1,,,,,1,1,1,,2,,,1,4,4,4,4,4,2,1,1,1,4,4,3,4,5,3,3,2,3,2,3,4,0,1,85000,125000,2,140000,110000,95000,190000,2,210000,170000,120000,1,120000,1,130000,1,1,2,2,2,0,0,2,2,2,3,1,5,4,2,3,4,3,3,3,2,1,1,1,1,,,1,,,0,2,,,,,,,1,,1,1,Ohio,45409,2,Ohio,toledo,1,0,6,6,7,6,1,,,,,,1,1,,1,,,1,,1,,This was great!
6307f3c967020d1202332b77,7/27/25 10:25,1139,,,1,,28,1,4,,1,2,,,,,,,,1,1,,1,,4,1,-1,4,1,5,4,4,5,1,5,1,1,1,1,2,1,3,3,3,2,1,1,35000,60000,1,100000,60000,,80000,1,120000,60000,85000,1,70000,1,130000,1,2,0,0,0,0,0,0,5,1,3,4,5,2,5,5,5,3,4,1,4,2,4,4,1,,,,,1,1,1,,,,,,,1,,1,1,Georgia,30223,3,Florida,private,2,0,3,4,3,3,1,,,,,,2,2,,,1,1,,,,,
5eb080ccaf87d11143472477,7/27/25 10:25,582,,,1,,27,1,5,,1,4,,1,,,,,,,6,1,,,2,1,5,5,2,4,5,5,5,2,5,2,2,1,2,2,2,3,3,3,3,1,1,40000,100000,2,70000,60000,,120000,2,80000,50000,40000,1,60000,1,80000,1,2,0,0,2,0,0,0,3,3,5,2,1,4,5,3,5,1,5,2,2,2,2,3,,1,,,,1,0,4,1,1,1,,1,,1,,1,1,Kentucky,40004,2,Kentucky,Bardstown ,2,4,6,7,4,3,1,,,,,,1,1,,1,,,1,,,,
669d8b26896ecc9457727c9f,7/27/25 10:25,1850,,,1,,28,1,5,1,,5,,1,,,,,,,7,,1,,2,3,5,1,3,5,5,5,5,2,5,4,5,1,1,2,1,3,3,2,1,0,1,2000,100000,2,200000,3000,100000,200000,2,300000,90000,500000,0,100000,1,600000,1,1,0,0,2,0,0,0,3,1,2,4,5,3,3,3,3,3,2,2,3,3,5,5,1,,,,,1,0,2,,,,,,,1,,1,1,Texas,78660,2,Texas,Austin,3,0,2,2,4,4,,,,,,1,2,2,,,,,,,,,
66ad9569037bbcc66dce48bc,7/27/25 10:26,1702,,,1,,19,1,4,1,,3,,,,,,,,,5,,,1,2,2,5,2,2,5,4,4,4,4,4,2,3,3,3,3,3,2,3,-1,-1,0,1,1500,60000,1,80000,45000,120000,125000,1,130000,100000,100000,1,60000,1,60000,6,6,1,2,2,0,0,2,3,4,3,5,1,2,4,2,4,2,4,4,2,2,2,3,,1,,,,1,0,3,,,,,,,1,,1,0,Oklahoma,73120,2,Oklahoma,Oklahoma City,3,3,4,7,5,6,,,,1,,,3,3,,,1,,,,,,No questions were confusing. The survey was also a good length.
631813267e7e782d6759550b,7/27/25 10:26,664,,,1,,29,1,5,1,,5,,1,,,,,,,6,,,1,1,5,5,3,1,5,5,4,5,5,2,2,3,1,1,2,2,3,3,3,3,0,1,60000,80000,2,77000,65000,100000,90000,2,89000,70000,80000,0,80000,0,80000,5,5,0,0,2,0,0,0,4,1,2,3,5,4,4,1,4,2,3,2,2,5,1,1,1,,,,,1,0,0,,,,,,,1,,1,1,Ohio,44305,2,Texas,Bedford,2,0,4,5,3,4,,1,,,,,3,3,1,,,1,,,1,,
66d39c32d1b0bcfee539e547,7/27/25 10:26,1827,,,.60000002,,27,1,4,,1,5,,1,,,,,,,7,1,,,1,3,5,4,1,4,4,1,4,1,1,3,2,5,3,3,3,3,3,3,4,0,1,50000,90000,2,80000,70000,100000,160000,2,180000,150000,100000,1,120000,1,150000,5,5,0,0,2,0,0,0,3,1,3,2,5,4,3,4,4,1,3,3,3,1,2,3,,1,,,1,,0,2,,,,,,,1,,1,1,New Jersey,07039,3,New Jersey,Livingston,3,4,6,7,6,6,1,,,,,,1,1,,1,,,1,,1,,None
60fd7402b59fe9dbc793642c,7/27/25 10:26,546,,,1,,22,1,5,,1,4,,1,1,,,,,,7,1,,,1,1,5,2,1,5,5,5,5,-1,1,3,4,1,2,2,-1,3,2,2,3,0,1,45000,65000,1,70000,50000,90000,120000,1,145000,110000,60000,0,60000,0,60000,8,6,0,2,2,0,0,1,2,2,1,5,4,3,4,2,3,2,3,3,2,4,4,4,,1,,,1,,0,0,,,,,,,1,,1,1,New Jersey,08638,2,Pennsylvania,Philadelphia,2,3,4,6,6,4,,1,,,,,3,3,1,,,,,,,,
66a6563cba1af6fb9458f5c7,7/27/25 10:26,854,,,.89999998,,27,1,4,1,,3,,,,,,,,,5,,1,,1,1,5,2,1,5,4,4,5,1,4,1,2,3,2,2,2,2,5,4,4,1,0,92700,130000,2,150000,100000,,,,,,60000,0,90000,0,100000,5,1,1,2,2,0,1,2,1,1,3,2,5,4,5,1,5,1,4,4,2,1,2,3,1,,,,,1,0,0,,,,,,,1,,1,1,Wisconsin,54136,2,Ohio,Liberty Township,2,0,6,6,6,6,1,,,,,,2,3,1,,,1,,,,,
67f2a908ade3b552f3fbfbcc,7/27/25 10:26,1793,,,1,,28,1,4,,1,4,,1,,,,,,,6,1,,,1,2,4,1,1,4,4,2,2,1,3,2,1,2,1,2,2,2,2,2,3,0,1,79000,140000,1,150000,90000,79000,190000,1,170000,110000,120000,1,150000,1,200000,5,5,0,0,2,0,0,0,4,2,4,3,5,1,4,5,4,2,3,2,3,2,3,5,,1,,1,,,1,3,,,1,,,,,,1,1,Mississippi,39180,2,Mississippi,Vicksburg,2,5,7,8,6,6,,1,,,,,1,1,,1,,,1,,,,Everything was clear. I did not experience any challenge. 
66c4ec345cde01398191b1ef,7/27/25 10:27,2421,,,.89999998,,22,1,5,1,,5,,1,,,,,,,6,,,1,2,1,2,4,2,4,5,5,5,1,4,2,2,1,1,1,1,2,3,2,1,0,0,35000,50000,1,42000,35000,120000,,,,,100000,0,150000,0,200000,1,1,1,2,2,0,0,1,3,2,1,5,4,3,4,3,1,4,2,3,3,3,3,5,,1,,,,1,0,0,,,1,,,,,,1,0,Florida,33071,2,Florida,Brooklyn ,3,3,4,6,5,3,1,,,,,,2,2,,,,,,,,,
6101fd978a42543464034f1c,7/27/25 10:27,510,,,1,,29,1,4,1,,5,,1,1,,,,,,7,1,,,1,1,5,2,2,4,5,3,5,1,1,3,1,5,2,2,3,3,3,3,3,0,1,72000,10000,2,110000,90000,125000,160000,2,170000,145000,80000,0,80000,0,80000,10,7,0,2,2,0,0,2,2,4,3,5,1,2,4,1,5,1,4,3,2,2,2,1,,,1,1,,,0,0,,,,,,,1,,1,1,Washington,99111,1,Washington,Medical Lake,2,0,9,9,4,7,1,,,,,,3,3,1,,,1,,,,,
66c11321ae1d0bcbf45195dd,7/27/25 10:27,1128,,,1,,22,1,3,,1,3,,,,,,,,,6,,,1,1,1,4,5,4,5,4,5,5,5,3,2,3,3,2,2,2,3,3,3,3,1,1,140000,150000,2,160000,140000,,150000,2,160000,140000,150000,1,160000,1,160000,2,5,0,0,2,0,0,0,4,5,3,1,4,2,3,3,2,2,3,3,2,1,1,2,1,,,,,1,0,2,,,,,,,1,,1,1,Virginia,24502,2,Virginia,Lynchburg,2,3,6,7,7,6,1,,,,,,2,2,1,,,1,,,,,
5badcd276322c5000157c196,7/27/25 10:27,2173,,,1,,29,1,3,,1,3,,,,,,,,,7,,,1,1,1,4,5,1,4,5,4,5,1,1,2,2,1,2,2,2,3,3,3,4,0,1,85000,120000,2,100000,90000,150000,180000,2,155000,130000,100000,0,100000,0,100000,1,5,2,2,2,2,2,2,3,1,2,3,5,4,5,2,4,2,3,4,3,1,2,1,,1,,1,,,0,0,,,,,,,1,,1,1,Pennsylvania,16828,2,Pennsylvania,State College,2,0,6,6,7,6,1,,,,,,3,3,1,,,1,,,,,
614ba174b4090c0f7ed64278,7/27/25 10:27,724,,,1,,27,1,4,1,,4,1,1,,,,,,,6,,,1,5,4,4,5,5,2,4,5,4,5,4,3,3,2,2,2,2,4,4,4,4,1,1,35000,40000,2,65000,60000,,25000,2,55000,45000,55000,1,47000,1,58000,4,5,0,0,0,0,0,0,4,5,1,2,3,4,4,4,4,4,4,3,4,4,4,4,1,,,1,,,1,2,,,,,,,1,,1,1,California,90004,2,California,Los Angeles,2,3,6,6,6,6,1,,,,,,2,2,,1,,,1,,,1,no
6067bd3bf7a731c3055b5e31,7/27/25 10:27,988,,,.80000001,,24,1,4,1,,4,,,1,,,,,,3,,1,,5,4,5,3,2,4,4,2,4,2,2,4,5,4,3,3,3,3,3,3,3,0,0,65000,120000,2,150000,80000,75000,,,,,75000,0,80000,0,100000,10,6,0,2,2,0,0,0,4,1,3,4,5,2,2,2,4,2,3,3,2,2,2,4,,1,,,,1,0,-1,,1,,,,,,,0,0,Virginia,22031,2,Virginia,Seoul,3,0,6,7,6,6,1,,,,,,3,2,,,,,,,,,
6286575f2d911d52cff2db4e,7/27/25 10:27,466,,,.89999998,,26,1,5,,1,4,,1,1,,,,,,6,,,1,1,1,5,3,1,5,4,4,4,3,3,2,4,2,2,2,3,-1,-1,2,3,0,1,45000,85000,3,130000,65000,64000,200000,3,350000,125000,50000,1,100000,1,125000,2,2,0,0,2,0,0,0,2,1,2,4,5,3,4,1,5,1,3,3,2,1,1,3,1,,,1,,,0,1,,,,,,,1,,1,1,Washington,99336,1,Washington,Kennewick,1,3,4,6,6,7,1,,,,,,3,3,1,,,1,,,,,N/A
6772bcc8c558767d3804cf72,7/27/25 10:28,3040,,,1,,24,1,5,,1,5,,1,,,,,,,6,1,,,2,1,5,1,1,5,4,4,4,1,1,4,2,1,3,2,2,3,3,4,3,0,1,150000,300000,2,350000,230000,152000,300000,2,300000,230000,300000,1,300000,1,350000,10,10,0,0,0,0,0,0,2,5,2,3,4,1,4,5,4,2,4,2,1,3,2,3,1,,,1,,,3,5,,,,,,,1,,1,1,Arkansas,71801,1,Arkansas,Hope,1,0,8,9,7,7,,1,,,,,3,3,1,,,1,,,,,"no other feedback, thank you"
60feb844f4adfd085390beff,7/27/25 10:28,642,,,1,,23,1,4,,1,4,,,1,,,,,,5,1,,,2,2,5,3,1,4,5,3,5,3,2,2,3,2,3,1,2,1,4,3,2,1,1,20000,80000,1,60000,40000,,140000,1,100000,90000,30000,1,150000,1,175000,5,6,0,2,2,0,0,0,4,3,4,1,5,2,4,1,2,2,3,2,2,2,2,4,,1,,,,1,0,2,,,,,,,1,,1,1,Florida,32819,3,Georgia,Douglas,1,0,6,6,6,6,,1,,,,,2,3,1,,,1,,,1,,
674251c3c222e848069be21d,7/27/25 10:28,729,,,1,,22,1,4,,1,5,,,,1,,,,,6,1,,,1,1,4,3,3,2,4,4,4,1,4,2,3,2,2,1,2,3,2,2,2,0,1,12000,66000,2,100000,30000,170000,160000,2,200000,130000,100000,1,150000,1,160000,5,5,0,2,2,0,0,2,4,2,3,4,5,1,3,3,4,3,3,1,2,2,2,3,,1,,,,1,0,2,,,,,,,1,,1,1,Michigan,48371,2,Michigan,Oxford,2,0,6,7,5,2,1,,,,,,1,3,,,,,,,,1,
6716993940988ed790a1aa1f,7/27/25 10:28,437,1,1,.89999998,,23,1,4,,1,4,,1,,,,,,,4,,1,,2,3,4,3,2,4,4,5,5,4,4,1,1,-1,1,2,2,-1,-1,2,1,1,1,1000,50000,2,60000,30000,,20000,2,50000,5000,25000,0,25000,0,45000,1,1,0,2,2,0,0,2,3,1,2,5,3,4,5,2,2,2,2,1,2,2,2,4,,1,,,,1,0,0,,,1,1,,,,,1,0,New York,11210,3,New York,New York City,3,2,4,6,3,3,,,,1,,,2,3,1,,,,,,,,
6310bf2d4897ec60e9079b63,7/27/25 10:29,849,,,1,,22,1,5,1,,4,,,,,,,,,6,,,1,4,2,4,3,2,4,5,4,4,4,4,3,2,2,1,1,1,2,3,3,1,0,1,0,25000,1,30000,19000,20000,30000,2,40000,20000,50000,0,40000,0,50000,1,1,0,0,2,0,0,0,4,1,2,4,5,3,4,1,1,3,3,2,4,2,3,5,,1,,,,1,0,-1,,1,,,,,,,1,0,Illinois,60609,2,Illinois,chicago,2,0,6,6,1,1,,,,,,1,3,3,,,,,,,,,
663631e9a98cfc7ea17bbde6,7/27/25 10:29,871,,,.89999998,,27,1,5,1,,3,,,,,,,,,4,,1,,5,4,5,3,2,5,4,5,5,1,5,4,5,1,1,2,2,4,5,4,2,1,0,50000,100000,2,160000,120000,,,,,,80000,1,80000,1,90000,1,1,0,0,0,0,0,0,5,1,4,3,5,2,4,5,2,4,3,1,1,1,2,5,,1,,,,1,4,5,,,1,,,,,,1,1,Georgia,30253,2,Georgia,Thomaston,1,0,3,4,2,2,,1,,,,,2,2,,,,,,,,,
5dfcb1032fc4789a09993fed,7/27/25 10:29,907,,,1,,26,1,5,,1,5,,1,1,,,,,,7,1,,,1,1,5,1,2,5,5,4,5,5,2,1,3,1,2,2,1,2,1,3,2,0,1,24000,85000,1,96000,30000,48000,160000,1,200000,60000,70000,0,80000,0,80000,5,3,0,0,2,0,0,0,2,1,2,4,5,3,4,2,2,3,4,2,1,2,3,5,,1,,,1,,0,0,,1,,,,,1,,0,0,California,95112,3,California,San Diego,2,0,6,6,6,6,1,,,,,,3,3,1,,,1,,,,,
63d1592077a31cb02e861bea,7/27/25 10:29,586,,,1,,24,1,5,,1,4,,1,1,,,,,,7,1,,,1,1,5,-1,1,5,-1,4,5,1,1,3,4,1,1,-1,-1,2,3,4,3,0,0,17000,30000,1,60000,30000,100000,,,,,25000,0,30000,0,30000,6,1,0,0,0,0,0,0,4,2,4,5,1,3,4,3,4,4,3,2,3,2,3,5,,1,,,,1,0,-1,,,,,,,1,,1,1,Connecticut,06511,2,Connecticut,New Haven,2,0,7,7,5,6,,1,,,,,3,3,1,,,1,,,1,,
669816ec7900b3bc0d49bdc0,7/27/25 10:31,778,,,.89999998,,23,1,5,,1,3,,,,,,,,,6,,,1,3,4,3,4,5,4,4,4,5,2,3,2,-1,2,1,-1,1,2,3,4,1,1,1,1000,50000,2,50000,25000,,60000,1,45000,25000,50000,0,100000,1,100000,2,3,0,0,0,0,0,0,4,1,2,4,3,5,3,5,2,3,3,1,5,4,3,5,,,1,,,1,0,-1,,,,,,,1,,1,1,Wisconsin,53704,2,Illinois,Woodstock,3,0,3,5,3,3,,,1,,,,3,3,,,,,,1,,,
67ad3079df9538b47e7d74c3,7/27/25 10:31,1524,,,1,,23,1,4,1,,4,,1,,,,,,,6,,,1,2,3,5,1,3,5,3,3,4,2,3,4,4,2,2,3,3,2,2,3,2,0,1,34000,70000,3,60000,45000,45000,120000,3,120000,80000,60000,1,80000,1,80000,2,2,0,0,2,0,0,0,4,1,2,4,5,3,5,5,5,2,3,1,1,1,1,3,,1,,1,,,0,3,,,,1,,,,,1,1,Massachusetts,01118,3,Connecticut,Hartford,3,3,5,6,4,4,1,,,,,,1,1,,,,,,,,,
67c0af3cdbc67c93008f0616,7/27/25 10:31,1112,1,,.2,,22,1,5,,1,4,,1,1,,,,,,7,1,,,1,1,5,3,1,5,5,4,4,1,2,2,3,2,2,1,1,2,4,4,3,0,1,15000,65000,2,75000,40000,30000,350000,2,400000,250000,45000,1,150000,1,175000,3,3,2,2,2,0,2,2,2,5,4,3,2,1,4,2,2,3,3,3,2,2,2,3,,,1,,1,,0,3,,,,1,,,1,,0,0,Tennessee,37240,3,New York,NYC,3,4,6,7,6,7,,1,,,,,3,3,1,,,,,,1,,NA
677b8cb08f3f0d76f3aa3867,7/27/25 10:31,2134,,,1,,23,0,2,1,,4,,,1,,,,,,6,,1,,1,2,5,5,5,3,3,1,2,2,2,3,3,1,2,2,2,4,4,4,4,0,1,69000,150000,1,120000,100000,150000,300000,1,250000,200000,300000,1,300000,1,250000,5,6,0,0,2,0,0,2,1,1,4,2,5,3,2,5,5,1,4,3,2,2,2,2,,1,,1,,,1,2,,,,,,,1,,1,1,Pennsylvania,16601,2,Pennsylvania,Altoona,2,0,6,7,6,6,,1,,,,,3,3,1,,,1,,,,,
659575ef7daa54a6b78c9c9a,7/27/25 10:31,1585,,,1,,26,1,5,,1,4,,,1,,,,,,7,,,1,1,1,5,5,1,5,5,5,5,1,1,2,2,1,2,2,2,3,-1,2,2,1,0,35000,50000,2,60000,40000,,,,,,50000,0,50000,0,60000,3,4,0,0,0,0,0,0,5,1,2,4,5,3,4,2,5,3,2,1,1,2,3,5,,1,,,,,0,0,,,1,,,,,,1,1,Ohio,44703,3,Virginia,Norfolk,3,0,5,6,5,,1,,,,,,3,3,1,,,1,,,,,
67acd1abc7d32f21a3f7e58e,7/27/25 10:32,1074,,,.89999998,,29,1,5,,1,5,,,1,,,,,,7,,,1,1,3,4,5,3,5,5,3,3,1,2,2,3,1,1,2,1,2,2,3,3,0,1,3000,60000,2,75000,25000,59000,100000,1,150000,75000,85000,1,85000,1,70000,5,5,0,2,2,0,0,0,5,1,5,3,4,2,4,2,5,3,2,1,1,3,1,4,,1,,1,,,5,0,,,,,,,1,,1,1,Tennessee,38128,3,Mississippi,Senatobia,2,0,4,6,5,1,,,,,1,,2,3,1,,,1,,,,,
6760981a3e2500d4057d41be,7/27/25 10:32,3119,,,.89999998,,29,1,5,1,,5,,1,,,,,,,7,1,,,1,1,5,5,1,5,5,4,4,3,4,1,1,1,2,3,2,2,2,2,2,0,1,18600,89000,2,250000,100000,18600,89000,2,250000,100000,75000,1,50000,1,50000,4,4,0,0,0,0,0,0,4,1,4,3,2,5,5,5,4,3,2,2,3,2,3,3,,1,,1,,,1,3,,,,,,,1,,1,1,Florida,32217,2,Florida,Orange Park,1,3,6,8,6,6,,1,,,,,1,1,,1,,,1,,,1,
5edb23ca9d0c9378fcefdd6f,7/27/25 10:33,564,,,.80000001,,24,1,4,,1,3,,,,,,,,,5,,1,,1,1,5,2,2,4,4,4,4,1,4,3,4,2,2,3,3,3,3,3,4,1,0,40000,250000,2,300000,200000,,,,,,55000,0,100000,0,100000,2,1,0,2,2,0,0,2,4,1,3,2,4,5,2,3,4,2,4,3,2,1,1,3,,1,,,,1,0,-1,,1,,,,,,,0,0,Texas,76021,2,Arizona,Tucson,2,0,6,9,4,6,,1,,,,,3,3,1,,,,,,,,
60fdd263b40cea6fc151285b,7/27/25 10:33,485,,,1,,26,1,5,1,,4,,1,1,,,,,,6,1,,,1,3,4,2,2,4,5,4,5,5,1,2,2,1,2,2,2,2,2,3,3,0,1,40000,55000,2,60000,45000,250000,300000,1,300000,200000,400000,1,300000,1,300000,7,1,0,0,2,0,0,2,3,1,2,5,3,4,4,3,4,3,3,2,2,2,2,3,,1,,,,1,0,2,,,,,,,1,,1,1,Pennsylvania,19090,2,Pennsylvania,Willow Grove,2,0,7,7,5,6,1,,,,,,3,3,1,,,1,,,,,
67e567d4265ecb014e6b298b,7/27/25 10:33,1322,,,.89999998,,25,1,4,1,,2,,,,,1,,,,6,,,1,1,3,4,4,1,5,2,3,3,2,4,4,4,2,2,3,3,3,2,4,4,1,1,55000,120000,3,125000,100000,,160000,2,180000,150000,80000,1,100000,1,180000,2,3,0,0,0,0,0,0,4,1,4,3,5,2,4,5,4,3,3,4,2,3,4,4,1,,,,,1,0,2,,,1,,,,,,1,1,Texas,77304,3,Texas,hildalgo,3,0,7,8,6,6,1,,,,,,3,3,,1,,,1,,1,,good survey
6770704d2fdcc6a3142d8f47,7/27/25 10:33,717,,,1,,23,1,4,,1,4,1,,,,,,,,6,,,1,2,4,4,4,1,4,4,3,3,2,3,3,3,2,2,2,2,3,2,3,2,0,1,5500,50000,2,40000,30000,100000,75000,1,40000,35000,50000,0,90000,0,100000,2,2,0,0,2,0,0,0,2,3,2,5,1,4,4,4,3,4,3,1,2,2,2,3,,1,,,,1,0,-1,,,,,,,1,,1,1,Georgia,30110,1,Georgia,Bremen,1,3,4,7,6,3,,,,1,,,2,2,,,,,,,1,,
5d3f5c8f0d0d29001a4bd973,7/27/25 10:33,502,,,1,,25,1,5,1,,3,,,,,,,,,5,,1,,3,2,4,3,1,5,4,2,4,3,2,2,2,2,2,2,2,2,3,4,3,1,1,100000,500000,2,550000,200000,,1000000,2,800000,400000,200000,0,300000,0,400000,2,5,0,0,2,0,0,2,2,1,3,2,5,4,4,2,5,2,4,3,3,3,1,3,1,,,,,1,0,2,,1,,,,,,,1,0,California,94087,2,California,cupertino,2,4,6,7,4,6,1,,,,,,1,3,,1,,,1,,1,,
60fc7d423aa600bbb01b7813,7/27/25 10:33,1097,1,,.1,,25,1,5,,1,3,,,,,,,,,5,,1,,1,1,5,4,1,5,5,4,5,1,1,2,3,1,2,3,2,1,-1,2,2,0,1,19000,60000,1,70000,45000,50000,80000,1,100000,60000,60000,0,60000,0,60000,9,1,2,2,2,0,2,2,2,5,1,2,4,3,5,1,5,1,4,3,2,2,3,4,,1,,,,1,0,0,,,,1,,,,,1,0,Texas,77423,1,Texas,Houston,2,0,7,7,3,3,1,,,,,,3,3,1,,,1,,,,,
5e9f877ee0b0960f3d2b6d30,7/27/25 10:33,1134,,,1,,23,1,5,,1,5,,1,,,,,,,7,1,,,1,1,4,1,1,5,5,5,5,2,2,1,2,1,1,1,2,1,1,1,3,0,1,55000,95000,2,105000,75000,110000,170000,2,210000,145000,150000,0,150000,0,175000,4,1,0,0,2,0,0,0,3,2,1,5,4,3,2,1,5,2,2,4,2,1,2,4,1,,,,,1,0,0,,,,1,,,,,0,0,New York,10461,3,I did not reside in the United States,Santo Domingo,3,0,6,6,2,3,1,,,,,,3,3,1,,,1,,,1,,
6620a09b51dd0cf06035b3b1,7/27/25 10:34,1120,,,1,,29,1,5,,1,5,,1,1,,,,,,6,,1,,1,2,5,1,1,5,4,5,4,1,2,1,2,1,2,-1,-1,3,2,2,1,0,1,20000,30000,2,50000,10000,30000,40000,2,60000,10000,45000,1,45000,0,50000,2,4,0,2,2,0,2,2,4,2,4,3,5,1,4,2,2,3,3,1,2,3,4,1,,1,,,,1,1,1,,,,,,,1,,1,1,New York,13810,1,New York,Bayside,2,0,6,6,,4,,,,,1,,2,3,1,,,1,,,,,
62cc9a938512898953c46e71,7/27/25 10:34,440,,,1,,28,1,5,,1,4,,1,,,,,,,4,,1,,1,1,4,3,2,5,4,4,5,2,1,2,2,1,1,2,1,3,3,3,2,1,0,56000,80000,1,70000,60000,,,,,,80000,0,85000,0,100000,1,2,0,0,0,0,0,0,5,1,2,3,4,5,4,5,4,3,3,1,3,1,3,4,1,,,,,1,0,-1,,,,,,,1,,0,0,California,92507,3,South Carolina,Greenville ,3,0,3,5,,,1,,,,,,2,2,,,,,,,,,
62ddfb274cdc115e8db46ec1,7/27/25 10:34,550,,,.80000001,,29,1,4,1,,4,,,1,,,,,,6,,1,,1,1,4,3,2,4,4,4,5,1,2,2,3,2,2,2,2,2,2,3,4,1,1,85000,125000,3,200000,85000,,220000,2,300000,125000,130000,1,160000,1,160000,3,5,0,2,2,0,0,2,2,4,1,2,5,3,4,3,5,1,3,3,2,2,2,1,1,,,,,1,0,2,,,,,,,1,,1,1,New Jersey,08822,2,New Jersey,Flemington,2,0,6,6,6,3,1,,,,,,2,3,,,1,,,,,,
669ed6f3bf86c695d928d76a,7/27/25 10:34,805,,,.80000001,,27,1,4,1,,3,,,,,,,,,7,1,,,3,3,4,2,1,5,5,4,4,3,3,2,3,3,2,2,1,2,2,3,4,0,1,82000,110000,2,140000,70000,100000,200000,2,300000,150000,120000,0,120000,0,120000,3,5,0,2,2,0,0,0,4,1,2,4,5,3,3,3,4,3,3,2,3,2,2,5,,1,,,,1,0,-1,,,,1,,,,,1,0,California,93436,2,California,Lompoc,2,0,6,7,1,2,1,,,,,,3,3,1,,,1,,,1,,
66114abadc5fec355064c14f,7/27/25 10:34,570,,,.89999998,,25,1,5,,1,5,,,,1,,,,,7,,1,,1,1,5,1,1,5,5,5,5,1,1,1,2,1,1,1,1,1,3,3,2,0,1,2000,30000,2,40000,25000,2000,30000,2,45000,25000,50000,0,50000,0,65000,10,10,0,0,0,0,0,0,5,2,1,5,4,3,4,1,3,4,3,1,3,4,5,5,,1,,,1,,0,0,,,,,,,1,,1,1,Georgia,30161,2,New Mexico,Jal,1,0,4,6,3,6,,,,,,1,3,3,1,,,,,,,,
5fc4757638a7aa8c3bdc37e0,7/27/25 10:34,580,,,.80000001,,24,1,4,1,,3,,,,,,,,,6,1,,,1,1,5,5,3,2,4,2,5,1,5,1,1,1,2,2,2,3,1,2,3,1,1,15000,85000,2,150000,75000,,200000,2,250000,115000,50000,1,200000,1,200000,1,2,0,0,0,0,0,0,3,2,3,4,1,5,4,2,2,3,3,2,2,3,4,5,,1,,,,1,0,2,,,,,,,1,,1,1,Florida,32763,1,Florida,DeLand ,1,0,6,7,4,5,1,,,,,,2,2,,1,,1,,,,,
61071677a523e8473b504356,7/27/25 10:36,865,,,.80000001,,28,1,2,,1,2,,,,,1,1,1,,5,1,,,2,2,4,4,2,4,4,4,5,4,5,1,2,1,2,2,2,1,1,4,3,0,1,90000,110000,1,115000,100000,190000,220000,2,250000,200000,180000,1,220000,1,250000,2,1,2,2,2,0,2,2,2,1,2,5,4,3,1,3,4,2,3,2,1,2,2,1,,1,,1,,,0,2,,,,,,,1,,1,1,New Jersey,07087,3,Massachusetts,Dartmouth,2,0,7,7,6,6,1,,,,,,1,1,,,,,,,1,,
61119e3139b8346b3ef32bf0,7/27/25 10:36,585,,,1,,26,1,5,,1,5,,1,,,,,,,7,1,,,1,1,5,1,1,5,5,5,5,1,1,1,2,1,-1,1,1,3,1,4,4,0,0,150000,350000,1,500000,0,300000,,,,,250000,1,600000,1,800000,2,4,0,2,2,0,0,0,1,1,2,3,5,4,1,4,4,4,2,4,3,2,3,5,1,,,,,1,0,3,,,,,,,1,,1,1,Pennsylvania,19106,3,Pennsylvania,Jenkintown,2,0,6,7,6,6,1,,,,,,3,3,1,,,1,,,,,
6786a3f514c0e2b27d225f3c,7/27/25 10:36,530,,,.89999998,,24,1,4,,1,3,,,,,,,,,6,,,1,2,1,4,3,3,4,5,3,5,3,3,2,3,3,2,2,2,3,2,3,3,0,1,34000,80000,2,100000,60000,75000,150000,1,200000,100000,70000,1,100000,1,100000,8,3,0,0,2,0,0,0,4,4,5,3,1,2,4,2,3,2,2,2,3,2,2,3,,1,,,1,,0,-1,,,,,,,1,,1,1,New York,14222,3,New York,Rochester (Greece),2,0,6,7,7,7,1,,,,,,3,3,1,,,1,,,,,
682ea2d42d55eac9ceeac8aa,7/27/25 10:36,1481,,,1,,29,1,4,1,,3,,,,,,,,,7,1,,,1,1,5,2,2,5,5,4,4,2,2,2,3,1,2,3,3,3,3,2,3,1,1,24000,48000,2,70000,30000,,65000,2,90000,40000,45000,0,55000,1,75000,6,6,0,0,0,0,0,0,4,1,4,3,5,2,4,5,4,3,4,3,3,2,3,4,,1,,,,1,0,1,,,,,,,1,,1,1,Wisconsin,53952,1,Wisconsin,Oxford,1,0,6,7,,,,1,,,,,3,3,1,,,1,,,,,The survey was well structured and clear
669ef2134df434c08938f9ff,7/27/25 10:36,854,1,,.1,,29,1,5,1,,5,,1,,,,,,,6,,1,,1,1,5,2,1,5,5,5,5,1,2,2,3,1,2,2,2,3,3,4,2,1,1,37000,45000,1,50000,41000,,51000,2,54000,47000,50000,1,55000,1,56000,3,3,0,2,2,0,0,0,4,3,5,4,1,2,2,1,5,2,3,1,1,1,4,4,1,,,1,,,2,3,,,,,,,1,,1,1,Missouri,64068,2,Missouri,kansas city,2,0,6,6,6,6,1,,,,,,2,3,1,,,,,,,,the 10 yesars questions got confusing. there were like 5 similar questiona in a row
67ad5d633801bdafd5713186,7/27/25 10:37,958,,,1,,27,1,4,1,,3,,,,,,,,,4,1,,,1,3,5,2,4,4,5,3,3,5,2,2,2,1,2,2,1,2,2,2,3,0,1,0,10000,2,10000,0,115000,120000,2,200000,120000,115000,1,120000,1,120000,1,1,0,0,0,0,0,0,3,1,3,4,5,2,4,1,5,1,2,1,1,1,2,2,,1,,1,,,1,2,,,,,,,1,,1,1,Oklahoma,74044,1,Oklahoma,Yale ,1,0,4,4,1,4,,,,,1,,3,3,1,,,,,1,,,
66e4715042431674c360b694,7/27/25 10:37,953,,,1,,26,0,5,1,,3,,,,,,,,,4,,1,,1,1,5,3,3,5,-1,5,5,4,1,3,5,3,2,2,3,3,2,3,3,0,1,15000,50000,1,26000,10000,30000,600000,1,30000,10000,600000,0,650000,0,700000,2,3,0,2,2,0,0,0,3,1,2,4,5,3,5,4,5,3,3,1,1,3,3,4,,1,,,,1,0,0,,,,1,,,,,1,1,California,911730,2,California,west covina,2,2,5,7,3,3,,1,,,,,2,2,,,,,,,,,
67f1354157bc12085650777c,7/27/25 10:37,1637,,,1,,28,1,3,,1,3,,,,,,,,,5,1,,,2,3,4,4,3,4,3,3,4,3,4,3,2,5,2,3,2,3,3,3,3,0,1,83000,200000,2,250000,110000,197000,500000,2,600000,350000,200000,1,210000,1,250000,5,5,0,0,0,0,0,0,2,2,3,4,5,1,3,5,4,2,3,4,3,1,2,3,1,,,,,1,0,4,,,1,,,,,,1,1,Florida,,2,Illinois,,2,0,6,7,6,7,1,,,,,,1,2,,1,,,1,,,,
67a7255f8052c5f9e2ac3da0,7/27/25 10:37,1969,,,.89999998,,28,0,4,1,,4,,1,,,,,,,3,1,,,3,4,4,4,4,4,4,3,4,4,3,3,4,5,2,2,2,2,2,3,3,0,1,50000,39999,2,39999,39999,39999,39999,2,39999,39999,39999,1,39999,1,39999,3,3,0,2,2,2,2,2,4,2,4,5,1,3,3,3,3,3,3,3,2,2,3,3,,1,,1,,,2,2,,,,,,,1,,1,1,New York,10467,3,New York,BRONX,3,0,6,6,6,6,1,,,,,,1,2,,1,,,1,,,1,Yes this is feeling about poorest people how to handle this situation American government and how to possible or not and this is one of the possible of him and is very amazing thoughts experience.
673bc14ddf2a5912a23863e7,7/27/25 10:38,504,,,.80000001,,29,1,5,1,,4,,,,1,,,,,6,1,,,2,1,5,2,1,4,5,4,5,1,1,2,2,2,2,2,3,1,1,2,3,0,1,50000,70000,2,100000,60000,100000,150000,2,180000,120000,120000,1,130000,1,150000,2,2,2,2,2,0,0,0,3,1,2,5,4,3,4,3,4,2,3,2,2,2,2,3,,1,,1,,,1,2,,1,,,,,1,,1,0,Pennsylvania,19130,3,New York,New York,3,0,7,7,2,2,1,,,,,,3,3,1,,,1,,,,1,
62ceba5fdab49dfc90278cbb,7/27/25 10:38,3231,1,1,1,,26,1,4,1,,5,,,1,,,,,,6,,,1,-1,1,5,1,-1,5,5,5,5,1,1,-1,2,1,1,1,-1,2,3,3,3,1,0,45000,100000,3,100000,90000,,,,,,65000,0,65000,0,85000,1,1,0,0,0,0,0,0,3,1,4,2,3,5,4,3,4,1,1,1,2,2,2,5,,1,,,,1,0,0,,,,1,,,1,,1,1,New York,10461,3,New York,Bronx,3,2,4,6,6,3,1,,,,,,3,3,1,,,1,,,1,,
6064fa0fe2acf451e9f20420,7/27/25 10:38,625,,,.60000002,,27,1,5,1,,4,,1,,,,,,,5,1,,,1,4,5,4,1,5,5,4,5,4,4,1,2,1,1,1,1,3,2,4,1,0,1,30000,60000,2,80000,40000,60000,90000,2,140000,100000,100000,1,130000,1,130000,5,4,0,2,2,0,0,0,2,1,2,4,5,3,5,1,4,1,3,1,3,1,4,5,,1,,1,,,2,3,,,,,,,1,,1,1,Pennsylvania,18640,2,Pennsylvania,Scranton,3,4,6,7,7,6,1,,,,,,3,2,,1,,1,,,,,
6672e8d9d5662b17658a93ee,7/27/25 10:39,865,,,1,,24,1,5,,1,4,,,,1,,,,,7,,1,,1,1,5,4,2,4,5,5,5,5,4,1,1,1,1,2,1,2,3,3,3,0,1,24000,30000,1,35000,24000,80000,90000,1,95000,80000,70000,0,70000,0,70000,5,1,0,0,2,0,0,0,5,1,3,2,5,4,5,1,4,3,1,1,2,2,3,1,,1,,,,1,0,0,,,,,,,1,,1,1,Illinois,60146,1,California,Oceanside,2,2,4,6,4,4,1,,,,,,3,3,1,,,1,,,,,N/a
6788b50f01c27925c0dc874b,7/27/25 10:39,2392,,,1,,27,1,5,1,,3,,,,,,,,,4,1,,,2,4,4,4,2,5,5,4,5,3,4,2,3,2,2,3,2,2,3,2,3,0,1,29000,60000,3,80000,30000,29000,120000,2,100000,70000,90000,1,120000,1,120000,4,5,0,2,2,0,0,1,4,3,2,1,4,5,5,3,4,3,4,4,1,2,3,5,,1,,1,,,0,3,,,,1,,,,,1,0,California,91761,2,California,Fontana,2,0,5,7,3,3,1,,,,,,2,1,,1,,1,,,,,
6559cdab800b1fea9ae41e51,7/27/25 10:40,1145,,,1,,28,1,5,1,,5,,,1,,,,,,1,,1,,1,1,5,3,1,5,5,4,5,1,4,2,3,1,1,1,1,3,4,2,1,1,0,2250,30000,1,80000,15000,,,,,,55000,0,60000,0,70000,1,1,0,0,2,0,0,0,2,1,2,5,3,4,4,1,2,4,2,1,1,2,4,5,1,,,,,1,0,0,,,,,,,1,,1,1,New York,13205,2,New York,Syracuse,2,0,3,3,4,4,,,,,,1,3,3,1,,,1,,,,,
67c203962e35aa4959661660,7/27/25 10:40,1323,,,1,,26,1,3,,1,3,,,,,,,,,5,1,,,1,2,5,5,4,5,4,2,2,1,2,3,4,5,3,3,3,3,3,3,3,0,1,75000,80000,3,100000,70000,135000,150000,3,200000,140000,130000,1,145000,1,150000,5,5,0,0,0,0,0,0,4,2,3,1,5,4,4,4,4,2,4,4,2,2,2,1,,1,,1,,,2,3,,,1,,,,,,1,1,Michigan,48838,3,Michigan,GreenVille,3,0,7,7,3,3,1,,,,,,3,3,1,,,1,,,1,,The survey was clear
668beeeac6158723009d2b8a,7/27/25 10:41,1048,,,1,,26,1,5,,1,3,,,,,,,,,6,1,,,1,1,5,1,1,5,5,4,5,4,1,1,2,2,1,2,1,2,3,4,3,1,1,45000,120000,1,200000,90000,,250000,2,300000,200000,70000,1,200000,1,200000,1,1,0,0,2,0,0,0,2,2,5,1,4,3,1,2,4,2,4,2,3,2,2,4,,1,,,,1,0,2,,,,,,,1,,1,1,Pennsylvania,18706,3,Pennsylvania,Wilkes-Barre,1,0,6,7,4,9,1,,,,,,3,3,1,,,1,,,,1,
6672d8756129fc9217ceb0d1,7/27/25 10:41,680,,,1,,26,1,5,,1,5,,1,,,,,,,7,,,1,1,1,5,4,1,5,5,5,5,1,1,1,2,2,1,2,2,1,-1,1,1,0,1,500,40000,2,60000,30000,48000,88000,2,100000,70000,70000,0,70000,0,80000,6,10,0,0,0,0,0,0,5,3,1,5,4,2,4,1,2,3,2,4,2,3,5,5,1,,,,,1,0,0,,,1,,,,,,1,1,Georgia,31705,3,Georgia,Albany,3,3,4,6,7,,,,,1,,,3,3,1,,,1,,,,,
5f1b4845cbf55f3192e33b89,7/27/25 10:42,672,,,1,,28,1,5,,1,4,1,1,,,,,,,6,1,,,1,3,4,4,3,4,4,4,4,4,3,2,2,2,2,1,1,2,2,2,2,1,1,40000,70000,2,70000,55000,,60000,2,55000,50000,80000,1,100000,1,120000,2,2,0,0,2,0,0,0,3,1,3,4,5,2,3,4,3,2,3,2,3,2,2,3,1,,,,1,,1,2,,,,1,,,,,1,0,Illinois,60411,2,Illinois,Chicago,3,0,6,6,3,3,1,,,,,,2,2,,,,,,,,,
6715b8df2f25a8de04bcbd90,7/27/25 10:42,1001,,,1,,27,1,5,1,,3,,,,,,,,,7,,,1,1,2,5,5,1,4,5,5,4,3,1,5,5,4,3,3,2,2,2,3,2,1,1,57000,250000,2,450000,80000,,600000,2,1000000,500000,100000,1,250000,1,450000,6,6,0,0,1,0,0,0,4,2,4,5,1,3,5,5,3,3,3,1,1,1,2,3,,1,,,,1,0,3,,,,,,,1,,0,0,Michigan,48207,3,Michigan,detroit,3,3,5,7,3,3,1,,,,,,2,2,1,,,1,,,,,
65fce899eed934d69c9e6166,7/27/25 10:43,1100,,,1,,19,0,3,,1,2,,,,,,1,1,,5,1,,,4,4,3,4,3,2,2,2,4,2,2,2,4,5,3,3,3,2,3,3,4,0,1,8000,60000,2,70000,55000,90000,120000,1,120000,90000,100000,1,110000,1,120000,1,2,2,2,2,0,2,2,2,1,5,2,3,4,2,3,4,2,2,3,3,2,2,4,1,,,,,1,0,3,,,,,,,1,,1,1,Pennsylvania,19002,2,Pennsylvania,Maple Glen,2,3,4,6,3,4,1,,,,,,1,1,,1,,,,,1,,
67606fd43ac000ccd06d1293,7/27/25 10:44,644,1,1,1,,26,1,3,1,,4,,1,,,,,,,4,,,1,2,2,4,4,3,4,2,4,4,4,2,3,5,4,1,1,2,3,3,3,3,0,1,18000,200000,1,100000,50000,50000,200000,1,300000,200000,1000000,0,100000000,0,2000000,7,6,0,0,0,0,0,0,4,2,4,3,5,1,4,3,2,4,2,1,4,4,4,4,1,,,,,1,0,0,,,,1,,,,,1,0,Texas,77045,2,Texas,Houston ,2,2,4,4,1,1,,1,,,,,1,2,,,,,,,,1,
62ec6694c12a233950f64486,7/27/25 10:45,1403,,,1,,24,1,4,1,,4,,1,,,,,,,6,,,1,2,3,5,4,4,5,5,5,5,4,2,1,2,3,3,3,3,3,4,4,4,0,1,65000,120000,3,150000,110000,120000,180000,2,200000,180000,50000,1,80000,1,90000,10,6,2,2,2,0,2,2,2,1,3,2,5,4,2,2,4,2,4,3,2,1,1,2,1,,,,,1,0,4,,,1,,,,,,1,0,Texas,77043,2,Texas,Houston,2,3,6,6,6,7,1,,,,,,3,3,1,,,,,,1,,
6578a63eb2461ea0d93a69d0,7/27/25 10:45,1887,,,1,,29,1,5,,1,5,,1,,,,,,,6,,,1,1,1,5,4,1,5,5,5,5,1,4,1,1,1,2,2,1,2,1,1,-1,0,1,1000,30000,2,35000,25000,70000,80000,1,100000,50000,75000,1,80000,1,85000,1,10,0,0,2,0,0,0,4,3,2,4,5,1,1,5,5,3,2,2,2,4,2,1,,1,,1,,,1,1,,,,1,,,1,,1,1,Louisiana,70070,2,Louisiana,Ruston,1,0,6,6,4,4,,,,,1,,3,3,1,,,,,,,,
67eee98d6c8da7fe2deb2179,7/27/25 10:46,1631,,,1,,20,1,5,,1,4,,1,,,,,,,5,,1,,4,5,5,5,5,5,4,5,4,5,4,4,5,3,2,3,3,2,2,3,4,0,1,26000,90000,2,80000,70000,95000,150000,3,150000,100000,95000,1,100000,1,150000,6,6,0,0,0,0,0,0,4,2,3,4,5,1,4,5,5,2,3,2,4,4,1,3,,1,,,,1,0,3,,,1,,,,,,1,1,Michigan,48601,2,Michigan,Saginaw,2,3,3,8,7,7,,1,,,,,1,1,,1,,,,,,,nice study
67db2dbea9f751da078e8c03,7/27/25 10:46,1807,,,1,,23,1,4,,1,4,,1,,,,,,,6,,,1,3,2,4,4,4,4,4,2,4,2,4,4,4,2,2,2,2,2,2,2,4,0,1,60000,150000,3,150000,100000,100000,150000,3,200000,150000,150000,1,200000,1,250000,5,2,2,2,2,2,2,2,4,1,5,2,4,3,4,4,4,3,4,2,3,4,2,3,1,,,1,,,1,3,,,1,,,,,,1,1,Virginia,20149,3,Virginia,Lynchburg,2,4,7,8,5,5,1,,,,,,1,1,1,,,1,,,,,
6792b64b06ab0ed6eda4a101,7/27/25 10:46,905,,,1,,23,1,5,1,,3,,,,,,,,,7,,,1,1,2,3,4,-1,4,5,2,3,1,1,3,4,2,1,3,3,2,3,4,2,0,1,29000,90000,3,70000,50000,40000,120000,2,100000,70000,45000,1,60000,1,60000,2,2,0,0,2,0,0,0,5,1,3,4,5,2,5,3,4,2,2,1,1,3,2,4,,1,,1,,,0,2,,,,,,,1,,1,1,Florida,32258,3,Florida,Jacksonville,3,0,3,5,3,4,,1,,,,,3,3,,,,1,,,,,
663a7a0af9ef5d31ca1f0a9c,7/27/25 10:47,1568,,,1,,24,1,5,1,,3,,,,,,,,,5,1,,,2,1,5,4,2,5,5,5,5,3,2,2,3,2,1,2,2,3,-1,1,1,0,1,300,60000,2,90000,50000,22000,100000,1,150000,90000,60000,0,70000,0,70000,1,1,0,0,0,0,0,0,4,1,2,5,4,3,4,2,1,4,2,1,3,2,5,4,,1,,,,1,0,0,,,1,,,,,,1,0,Georgia,30080,3,Maryland,Rockville,2,3,4,6,4,9,,1,,,,,3,2,1,,,1,,,,,
60fe09d5f7c379f444c9a8d8,7/27/25 10:47,775,,,.80000001,,25,1,5,,1,3,,,,,,,,,6,,,1,1,1,5,2,2,5,5,4,5,1,1,1,2,1,2,2,2,2,3,3,2,0,1,12000,50000,2,60000,30000,90000,80000,2,100000,30000,40000,1,80000,1,90000,3,3,0,1,2,0,0,0,4,2,1,5,4,3,4,2,1,3,2,1,4,1,3,3,,1,,,1,,0,2,,,,,,,1,,0,0,Washington,98607,2,Washington,Camas,2,2,4,5,6,5,,1,,,,,3,3,1,,,1,,,,,
62ab9ef7415da9c5d0ccc7bb,7/27/25 10:48,556,,,1,,22,1,5,1,,4,,,,1,,,,,7,,1,,2,2,5,2,2,5,5,4,5,2,2,2,3,1,-1,-1,-1,3,3,3,2,1,1,35000,95000,1,70000,50000,,125000,1,105000,70000,50000,1,135000,1,135000,2,4,0,2,2,0,0,0,3,1,5,3,4,2,3,2,3,3,3,1,3,4,3,4,1,,,,,1,0,2,,,,,,,1,,1,0,Florida,32817,2,Florida,Coconut Creek,2,3,5,6,6,6,,,,1,,,1,3,1,,,,,,,,
58adfc6e7cf56d0001f931a2,7/27/25 10:48,3259,,,.89999998,,28,1,5,,1,5,,1,,1,,,,,6,,1,,1,1,5,2,1,5,5,5,5,1,1,1,2,1,1,1,1,1,3,3,1,0,0,6000,30000,1,80000,60000,78000,,,,,50000,0,80000,0,100000,5,6,1,0,2,0,0,0,4,2,4,5,3,1,2,3,2,3,2,2,3,3,3,5,1,,,,,1,0,0,,,1,,,,,,1,0,New Jersey,07031,3,New Jersey,,3,3,4,7,7,7,,,,1,,,3,3,1,,,1,,,,1,
67ae047c6e531fb2e70c1926,7/27/25 10:48,1840,,,.89999998,,26,0,5,1,,5,,1,,,,,,,6,,1,,1,4,5,4,2,5,1,1,3,1,2,3,3,5,3,3,3,3,3,4,4,0,1,85000,80000,2,90000,80000,85000,150000,2,170000,150000,65000,0,90000,0,90000,5,5,0,0,0,0,0,0,4,3,4,1,5,2,4,5,5,3,3,4,3,3,5,1,1,,,1,,,0,3,,,1,,,,,,1,1,Maryland,21133,3,Maryland,Baltimore,3,4,6,8,7,7,1,,,,,,2,2,,1,,1,,,,1,
5df4892578322533c70aecdf,7/27/25 10:48,930,,,1,,24,0,4,,1,3,,,,,,,,,6,,,1,1,1,4,-1,2,5,-1,4,5,2,3,4,5,2,2,2,2,1,1,1,3,1,1,96000,280000,2,280000,180000,,400000,1,400000,300000,90000,0,180000,0,240000,1,1,2,2,2,0,1,2,4,1,5,2,3,4,3,3,5,2,3,3,3,2,2,4,1,,,,,1,0,0,,1,,,,,,,1,0,California,92126,2,California,San Francisco,3,0,6,7,3,3,1,,,,,,2,3,1,,,1,,,,,
673c21dee6f1a6d3e7f6caa6,7/27/25 10:49,6779,,,.89999998,,25,1,4,1,,4,,1,,,,,,,7,1,,,2,5,5,5,5,5,5,2,3,3,3,2,1,2,2,2,2,3,3,3,3,0,1,60000,75000,2,90000,55000,150000,200000,3,500000,450000,800000,1,800000,1,850000,3,3,0,0,0,0,0,0,2,2,4,3,5,1,4,5,4,2,5,4,2,2,2,3,,1,,1,,,1,3,,,,,,,1,,1,1,Michigan,48227,3,Illinois,Addison,3,3,5,9,8,8,1,,,,,,1,1,,1,,1,,,,,n/a
61016c2d3351420963e4a619,7/27/25 10:50,1165,,,.89999998,,22,1,5,,1,3,,,,,,,,,7,,1,,1,1,5,2,1,5,5,5,5,2,2,1,2,1,2,2,1,2,4,4,-1,0,1,5000,50000,1,75000,25000,90000,80000,1,100000,60000,30000,0,40000,0,40000,6,4,1,0,2,0,0,0,4,3,1,5,4,2,5,2,3,3,2,2,3,4,3,5,,1,,,,1,0,0,,,,,,,1,,1,1,Texas,78758,2,Texas,Austin,2,2,4,5,8,7,,,,1,,,3,3,1,,,1,,,,,
66bb5ad727c62d0960db333c,7/27/25 10:50,433,,,1,,28,1,5,1,,4,,,1,,,,,,5,,1,,1,1,5,3,5,5,5,5,5,1,1,1,1,1,2,2,2,3,3,2,2,0,1,25000,65000,2,100000,50000,25000,150000,2,200000,100000,50000,1,80000,1,80000,5,1,0,0,2,0,0,0,2,4,3,5,2,1,5,5,2,2,4,1,2,2,1,4,,1,,1,,,0,2,,,,,,,1,,1,1,North Carolina,27409,2,North Carolina,Burlington,1,5,7,8,4,2,1,,,,,,3,3,1,,,1,,,,,
6672394774f0704913ff5539,7/27/25 10:50,917,,,.89999998,,24,0,3,,1,3,,,,,,,,,3,1,,,4,4,4,4,4,3,2,4,2,2,5,2,2,5,1,1,1,3,3,2,3,0,1,3000,20000,1,40000,5000,30000,50000,1,80000,20000,100000,1,150000,1,200000,1,1,2,2,2,0,0,0,2,1,2,3,5,4,5,2,1,3,2,1,4,1,3,5,1,,,,,1,0,2,,,,,,,1,,1,1,Tennessee,37355,1,Tennessee,Lavergne,2,0,3,6,6,3,,,,,,1,1,1,,,,,,,1,,
66a3dc6ec6221a15c05d4fc2,7/27/25 10:51,1111,,,.69999999,,22,1,4,1,,4,,1,1,,,,,,1,,,1,2,2,4,3,1,4,4,3,4,1,4,2,3,2,2,2,2,2,2,4,2,0,1,20000,200000,2,300000,100000,750000,750000,2,800000,300000,100000,1,200000,1,200000,8,9,2,2,2,0,2,2,1,3,1,4,5,2,2,4,5,1,5,3,2,2,3,4,,1,,,,1,0,2,,,,,,,1,,1,1,Pennsylvania,17050,2,Pennsylvania,Mechanicsburg,2,3,6,7,9,9,,1,,,,,2,2,,1,,,,,,,
67ee33346d535a9e76163023,7/27/25 10:51,1238,1,1,.89999998,,24,1,4,1,,1,,,,,1,,,,7,,1,,3,4,3,4,4,5,5,2,2,3,3,2,2,2,2,2,3,4,4,3,3,0,1,72000,123000,2,150000,100000,150000,250000,2,250000,200000,170000,1,150000,0,200000,4,3,0,0,0,0,0,0,5,2,4,3,5,1,4,4,5,1,5,4,1,2,1,2,1,,,,,1,0,2,,,,,,,1,,1,1,New Jersey,07106,3,New Jersey,Newark,3,0,9,8,6,6,1,,,,,,1,1,,1,,,1,,,1,no comments 
5fb156d6e16ee65ed2558d7c,7/27/25 10:51,856,,,1,,25,1,5,,1,4,1,1,,,,,,,7,,1,,1,2,5,4,1,5,5,4,5,-1,4,3,3,2,2,2,2,3,3,3,3,1,0,50000,75000,2,100000,50000,,,,,,45000,1,60000,1,65000,5,8,0,0,2,0,0,0,3,3,4,1,5,2,5,4,5,3,4,2,1,1,1,2,1,,,,1,,1,2,,,,,,,1,,1,1,Washington,98337,2,Washington,Bremerton,2,0,6,7,3,3,1,,,,,,1,2,,,,,1,,,,Thanks for allowing me the chance to participate.
676dda2e34757c5868ccd91e,7/27/25 10:51,1723,,,1,,27,0,1,,1,3,,,,,,,,,4,,,1,3,3,4,3,5,4,1,2,3,1,2,1,3,5,2,3,2,2,3,4,2,1,1,40000,100000,1,150000,50000,,150000,1,200000,80000,30000,1,60000,1,100000,1,1,0,2,2,0,0,0,3,5,3,1,4,2,3,4,2,2,4,1,2,2,2,3,1,,,,,1,0,0,,,,,,,1,,1,1,South Carolina,29440,1,Minnesota,Rochester,3,3,4,7,6,5,1,,,,,,1,1,,1,,,1,,,1,
6446b4a6eb2ba64c1505307d,7/27/25 10:51,1592,,,1,,27,1,5,1,,5,,1,1,,,,,,7,,,1,1,1,5,3,1,5,5,1,5,1,3,1,3,3,2,2,3,1,2,4,1,0,0,30000,100000,2,250000,30000,30000,,,,,15000,1,40000,0,50100,6,7,2,2,2,0,0,2,4,4,1,5,2,3,4,3,4,3,3,3,2,1,5,3,1,,,,,1,0,0,,,,,,,1,,1,1,Texas,75007,2,Texas,Flower Mound,2,0,7,7,7,7,1,,,,,,2,2,1,,,1,,,,,
67e5bc12671059312f73e37f,7/27/25 10:52,1683,,,1,,23,1,4,,1,3,,,,,,,,,5,,,1,1,3,5,4,3,3,4,5,4,3,5,4,4,4,2,2,2,3,3,3,3,0,1,75000,90000,2,90000,80000,110000,140000,2,130000,130000,180000,1,180000,1,180000,8,8,0,0,0,0,0,0,5,2,5,4,3,1,4,4,4,3,3,2,3,3,3,4,,1,,1,,,1,3,,,,,,,1,,1,1,Texas,77651,2,Texas,port Neches,2,0,6,7,6,7,1,,,,,,1,1,,1,,,1,,,1,Study was great
66c0df311f98d7c9661669d9,7/27/25 10:52,528,,,.80000001,,29,1,5,1,,3,,,,,,,,,3,,1,,1,2,5,1,3,5,5,5,5,1,3,2,2,1,1,-1,1,4,2,3,1,1,1,15000,20000,1,30000,15000,,20000,1,30000,15000,40000,0,40000,0,40000,1,1,0,0,0,0,0,0,5,1,2,3,5,4,4,2,2,3,2,1,3,3,4,5,,1,,,1,,0,0,,,,,,,1,,1,1,Colorado,80525,2,Michigan,West Bloomfield,2,0,6,6,7,7,1,,,,,,3,3,1,,,1,,,,,
667c6978f3f5260903ac13c1,7/27/25 10:52,1075,,,.60000002,,27,1,4,1,,5,,1,,,,,,,5,,,1,1,1,5,2,1,5,5,5,5,4,2,1,3,1,1,1,1,3,2,2,3,0,1,30000,45000,2,60000,30000,60000,90000,2,120000,50000,75000,0,120000,0,150000,4,4,0,0,2,0,0,0,5,2,1,4,3,5,5,3,3,4,2,2,2,2,5,5,,1,,,1,,0,0,,,,,,,1,,1,1,Alaska,99669,1,Alaska,Soldotna,2,0,4,6,3,7,,,,,,1,3,3,1,,,1,,,,,
5fbaaa41780852ac5a8c000b,7/27/25 10:52,656,,,.89999998,,25,1,4,,1,3,,,,,,,,,7,,1,,1,1,5,4,1,5,5,5,5,2,3,1,3,1,1,-1,1,3,2,2,2,0,1,0,60000,1,75000,30000,85000,90000,1,95000,60000,65000,1,80000,1,70000,2,2,0,0,2,0,0,0,4,1,2,4,5,3,4,1,1,3,1,3,3,2,4,5,,1,,,,1,0,-1,,,,,,,1,,1,1,Missouri,63366,2,Missouri,St. Charles,2,0,3,3,3,2,,,,,,1,3,3,1,,,1,,,1,,
6785891aee9028790a1bd6fc,7/27/25 10:53,538,,,1,,20,1,4,,1,4,,1,1,,,,,,5,,1,,2,2,5,4,2,5,4,1,2,1,2,2,2,2,2,3,3,2,3,3,3,0,1,10000,90000,2,95000,70000,145000,160000,2,170000,140000,60000,1,150000,1,170000,7,3,0,0,2,0,0,0,4,2,4,1,5,3,4,2,3,1,3,2,1,2,1,2,,1,,,,1,0,3,,,,,,,1,,1,1,Pennsylvania,19446,2,Pennsylvania,Abington ,2,3,4,6,6,6,,1,,,,,1,1,,1,,,1,,,,
60fd795a96e15917bb9966c9,7/27/25 10:53,1172,,,1,,22,1,5,1,,5,,,1,,,,,,6,,,1,1,4,5,3,2,5,4,4,4,2,2,2,2,2,2,3,2,2,1,2,3,0,1,60000,130000,2,160000,10000,100000,105000,2,120000,10000,125000,1,130000,1,135000,4,5,0,2,2,0,0,2,4,2,1,3,4,5,2,2,4,3,3,1,2,3,3,4,,1,,,,1,0,3,,1,,1,,,,,1,1,California,92335,2,California,Rialto,2,4,6,7,6,3,,,,1,,,3,3,1,,,1,,,1,,
670986a5426f021bc209dd58,7/27/25 10:53,774,,,1,,19,1,4,1,,3,,,,,,,,,5,1,,,3,-1,5,4,5,5,3,3,2,2,4,4,5,3,1,3,2,2,3,5,1,0,0,300,150000,3,300000,60000,210000,,,,,0,1,150000,1,200000,3,1,0,0,0,0,0,0,2,1,3,2,5,4,4,5,1,2,1,1,3,2,3,3,1,,,,,1,0,3,,,,,,,1,,1,1,Oregon,97035,2,Arizona,Phoenix,3,2,3,6,6,6,,,1,,,,2,2,,,,,,,,,
678fde5c596539a518951fb2,7/27/25 10:54,757,,,.60000002,,21,1,4,1,,5,,1,1,,,,,,7,,1,,1,1,5,2,4,5,4,5,5,1,1,2,4,2,2,2,2,2,1,4,3,1,1,50000,23000,2,80000,50000,,120000,2,200000,100000,30000,1,180000,1,180000,8,6,0,2,2,0,0,2,4,2,4,3,5,1,2,3,3,3,2,2,2,2,4,5,,1,,,1,,0,3,,,,1,,,1,,1,0,Minnesota,56001,2,Illinois,Elgin,2,3,5,9,6,5,,1,,,,,3,3,1,,,,,,1,,
63e8326b8d067b28655586fb,7/27/25 10:55,859,,,.89999998,,22,1,4,,1,4,,1,,,,,,,6,1,,,1,1,4,3,1,4,5,4,4,2,1,2,3,2,1,1,1,3,3,3,1,0,1,2000,40000,1,70000,60000,74000,65000,1,80000,50000,50000,0,70000,1,90000,3,3,2,2,2,1,2,2,4,3,2,5,4,1,4,2,1,3,1,1,2,2,2,4,1,,,,,1,0,-1,,,,,,,1,,1,1,New York,14006,1,New York,Buffalo,3,0,4,4,3,3,,,,,,1,3,3,,,,,,,1,,
5e923888c38d4a574e72d716,7/27/25 10:55,2129,,,.89999998,,23,1,5,1,,3,,,,,,,,,5,,1,,1,1,5,1,1,5,5,5,5,1,1,1,1,2,1,3,1,2,2,1,1,1,0,2241,10000,1,20000,1000,,,,,,50000,0,50000,0,50000,6,6,1,2,2,0,2,2,5,2,1,5,4,3,5,4,1,1,1,1,1,4,5,5,,1,,,,1,0,-1,,,1,,,,,,1,1,Texas,75035,2,New Jersey,Camden,3,0,3,6,6,3,,,1,,,,3,3,,,,1,,,,,
664055c57b165c38262a8803,7/27/25 10:55,422,,,.89999998,,24,1,1,1,,5,,1,,,,,,,5,1,,,1,1,5,4,1,5,5,2,5,1,4,2,2,1,2,3,1,2,2,2,1,0,1,30000,150000,1,100000,50000,80000,200000,1,250000,100000,100000,0,150000,0,150000,1,6,0,0,2,0,0,0,5,2,3,1,5,4,4,2,1,1,2,2,3,3,3,5,1,,,,,1,0,0,,1,,,,,,,0,0,California,92802,3,California,Garden Grove,3,0,4,4,3,3,,,,,,1,3,3,1,,,1,,,1,,
62b33e2a447824fbd0770025,7/27/25 10:56,920,1,,.1,,23,1,5,1,,5,,,,1,,,,,5,,1,,2,1,5,3,2,5,4,4,5,2,2,1,2,1,2,2,-1,3,1,3,3,0,0,63000,100000,2,200000,42000,98000,,,,,90000,0,150000,0,175000,2,4,0,1,2,0,0,0,2,1,2,3,5,4,4,2,4,2,3,3,3,2,3,4,,1,,,,1,0,-1,,1,,,,,,,0,0,Virginia,23462,2,Virginia,Chesapeake,2,0,6,6,6,6,1,,,,,,3,3,1,,,1,,,,,
6743ab932df5504fb810d1cd,7/27/25 10:58,1414,,,1,,27,1,5,,1,5,,1,,,,,,,7,,1,,1,1,3,5,1,5,5,5,5,2,4,1,1,1,1,1,1,4,3,1,1,0,1,500,40000,2,50000,25000,80000,120000,2,130000,105000,120000,0,120000,0,120000,5,5,0,0,2,0,0,0,3,2,3,5,4,1,5,5,3,3,3,1,5,2,5,4,1,,,,,1,0,2,,,,,,,1,,1,1,Missouri,63348,1,Missouri,St. Charles,2,0,3,3,5,5,,,1,,,,3,1,,,,,,,,,
630cd2673e85b493c38fe663,7/27/25 10:58,533,,,1,,29,1,5,,1,4,,1,,,,,,,7,1,,,1,1,5,2,1,4,5,3,5,1,2,3,4,2,2,2,3,4,3,4,4,1,1,22000,80000,2,95000,68000,,145000,1,195000,130000,45000,0,70000,0,75000,8,9,1,2,2,0,1,2,3,5,3,4,1,2,4,1,5,2,5,2,2,2,1,3,1,,,,,1,0,0,,,,,,,1,,1,1,Tennessee,37240,3,Maryland,Pasadena,2,4,6,7,7,7,,,,1,,,3,3,1,,,1,,,,,
5fc004cdd7890e102cc48ce6,7/27/25 10:59,492,,,1,,28,1,5,1,,5,,1,1,,,,,,7,,,1,1,1,5,2,1,5,5,4,5,1,3,2,4,2,3,2,3,4,4,4,5,1,1,125000,160000,3,200000,145000,,225000,3,275000,200000,95000,1,125000,1,125000,6,2,2,2,2,0,0,2,1,3,1,5,4,2,4,2,5,1,5,4,2,2,2,1,1,,,1,,,0,2,,,,,,,1,,1,1,Ohio,43206,3,Ohio,Upper Arlington,2,0,6,6,6,3,1,,,,,,2,2,1,,,1,,,,,
66be7c937677c91a02892ce5,7/27/25 10:59,811,,,1,,29,0,4,,1,2,,,,,,1,1,,5,,1,,2,3,2,5,5,2,2,3,3,1,5,4,5,2,2,-1,1,-1,3,2,3,0,1,50000,100000,1,150000,80000,70000,150000,1,230000,120000,65000,1,200000,1,250000,6,1,2,2,2,0,0,0,3,1,3,2,5,4,2,4,5,1,2,3,1,2,2,4,1,,,,,1,0,4,,1,,,,,1,,1,0,California,95405,2,California,Santa Rosa,2,0,6,6,4,6,1,,,,,,1,1,,1,,,1,,1,,
5fc10e3c8200cf0b1b66714c,7/27/25 11:00,1408,,,1,,24,1,4,1,,3,,,,,,,,,5,,1,,3,3,4,5,3,5,5,1,4,3,5,4,2,1,-1,3,2,1,1,2,3,0,1,5000,15,1,3000,1000,2000,4000,1,5000,2000,10000,0,50000,0,40000,4,1,0,0,0,0,0,0,3,2,5,4,1,3,4,1,2,1,1,4,4,2,4,4,,1,,,,1,0,0,,,1,,,,,,1,1,Florida,33033,2,Florida,Miami,2,0,2,2,2,2,,,1,,,,1,1,,,,,,,,1,
6785ff406043d24d92ef01b1,7/27/25 11:00,1105,,,1,,23,1,4,,1,3,,,,,,,,,5,1,,,2,3,4,4,3,5,3,3,4,5,1,3,2,1,-1,2,2,1,2,2,2,0,1,20000,70000,2,60000,40000,65000,150000,1,175000,75000,60000,1,125000,1,100000,6,3,0,1,2,0,0,0,4,1,2,4,5,3,4,3,4,2,3,2,3,1,2,4,,1,,,1,,0,2,,,,1,,,1,,1,0,Pennsylvania,17025,2,Pennsylvania,Shippensburg ,1,4,6,7,3,3,,1,,,,,2,2,,1,,,,,,,
5ed9569ba4175a121cf546ea,7/27/25 11:00,559,,,1,,28,1,5,1,,5,,,,1,,,,,7,1,,,1,1,5,4,1,5,5,5,4,2,1,1,2,1,2,1,2,2,3,2,3,0,1,42000,68000,2,90000,44000,80000,140000,2,100000,80000,75000,0,75000,0,85000,2,4,0,2,2,0,0,0,4,2,4,1,5,3,4,1,5,1,3,2,3,2,2,4,,1,,,1,,0,0,,,,,,,1,,1,1,Ohio,45014,2,Ohio,Cincinnati,3,0,6,6,4,3,1,,,,,,3,3,1,,,1,,,,,
63d4019999c9ab839156014c,7/27/25 11:00,1072,,,1,,22,1,4,1,,4,,1,1,,,,,,6,1,,,1,1,5,1,1,5,5,5,5,1,4,2,3,1,2,3,3,1,1,4,2,0,1,15000,220000,2,240000,180000,230000,600000,2,750000,550000,150000,1,250000,1,250000,6,6,0,0,2,0,0,0,4,2,4,5,1,3,1,3,3,1,5,4,1,1,1,2,,1,,,,1,0,3,,,,,,,1,,1,1,Indiana,46706,2,Indiana,Auburn,2,4,6,7,3,3,,1,,,,,3,3,1,,,,,,,,
62a0f1e07a081dc9a79c018f,7/27/25 11:00,583,,,.80000001,,25,0,2,1,,3,,,,,,,,,4,,1,,4,4,4,4,5,4,3,5,5,4,5,3,3,1,1,1,2,1,2,2,1,0,1,20000,30000,1,40000,20000,30000,60000,1,50000,40000,17000,0,25000,0,40000,1,6,0,2,2,0,0,0,5,1,2,4,5,3,5,1,1,4,3,3,4,2,4,5,1,,,,,1,0,0,,,,,,,1,,1,1,Nevada,89706,1,Nevada,Dayton,2,0,7,7,6,5,,,,,,1,2,2,,,,,,,,,
6734fa1ab2c7c6f84827f814,7/27/25 11:01,1369,,,1,,27,1,5,1,,3,,,,,,,,,7,,,1,1,1,5,1,1,5,5,5,5,1,1,2,1,1,1,2,2,3,3,2,2,1,1,38000,80000,1,70000,50000,,100000,1,90000,80000,60000,0,90000,0,100000,10,2,0,0,2,0,0,2,4,2,1,4,5,3,4,1,4,2,3,2,1,1,4,4,,,1,,1,,0,0,,,,,,,1,,1,1,Missouri,64111,3,Nebraska,Hastings,1,0,7,7,3,6,1,,,,,,3,3,1,,,1,,,,,
5dcf7e1d16d10c0aa9b71255,7/27/25 11:01,736,1,,.1,,27,1,4,,1,4,,,1,,,,,,7,1,,,1,2,5,2,1,5,4,4,5,1,1,2,4,2,1,2,1,2,4,3,2,0,1,25000,75000,2,80000,50000,50000,150000,2,200000,125000,32000,1,55000,1,50000,7,1,0,0,2,0,0,0,2,1,4,2,5,3,4,3,4,2,3,1,1,2,5,1,,1,,,1,,0,2,,,,,,,1,,1,1,Oklahoma,74063,2,Oklahoma,Tulsa,3,0,4,5,3,5,,1,,,,,3,3,1,,,1,,,,,
677853a510ec19bf89b5b32d,7/27/25 11:01,769,,,1,,27,1,5,,1,5,,,,1,,,,,6,1,,,1,1,5,1,1,4,5,5,5,1,1,1,2,1,1,2,2,3,2,2,1,0,1,9000,100000,2,125000,50000,40000,160000,2,180000,100000,75000,0,75000,0,75000,1,1,0,0,0,0,0,0,4,2,4,3,1,5,4,4,4,2,2,1,2,1,2,3,1,,,,,1,0,0,1,,,,,,1,,1,1,Alabama,35630,1,Alabama,Jasper,1,0,7,9,3,3,,1,,,,,3,3,1,,,1,,,,,
66709a4a49e9bb2c80c53c27,7/27/25 11:03,510,,,1,,22,0,3,,1,3,,,,,,,,,4,,,1,4,4,5,5,4,4,4,5,3,5,5,2,2,1,3,3,3,3,3,3,3,0,0,60000,200000,3,350000,100000,60000,,,,,100000,1,200000,1,250000,6,5,0,0,2,0,0,0,3,1,3,4,5,2,5,5,5,1,4,3,1,1,1,2,,1,,1,,,0,2,,,,1,,,,,1,0,Florida,33193,2,Florida,Miami,2,0,6,6,6,6,1,,,,,,2,2,,,1,,,1,,,
678e6e010a345e85eaf00359,7/27/25 11:03,632,,,1,,21,1,2,,1,4,1,,,,,,,,5,,1,,2,5,4,3,2,5,5,4,5,4,3,1,3,4,2,3,3,2,2,4,4,0,1,40000,200000,3,300000,120000,300000,250000,1,500000,110000,130000,1,210000,1,250000,3,6,0,2,2,0,0,2,3,2,4,5,1,3,4,3,5,2,3,4,2,2,3,3,,1,,,,1,0,3,,,,,,,1,,1,1,Virginia,22801,2,New Jersey,Basking ridge,2,3,3,9,6,7,,,,1,,,1,3,1,,,,,,,,
62f975cbc3507ecf77180d00,7/27/25 11:03,512,,,.89999998,,21,0,5,1,,3,,,,,,,,,6,,1,,1,1,5,3,1,4,5,5,-1,1,1,1,2,5,1,3,-1,3,1,2,1,0,1,4000,70000,2,100000,40000,60000,120000,1,150000,70000,70000,1,70000,1,80000,1,1,0,0,0,0,0,0,5,1,2,3,5,4,2,4,1,1,5,1,1,1,1,5,1,,,,,1,0,3,,,,,,,1,,1,1,Massachusetts,01960,3,Massachusetts,Peabody,3,0,3,6,3,2,,,1,,,,3,3,,,,,,,,,
63d546d88ccf3a038620bb8c,7/27/25 11:04,806,,,1,,30,1,5,1,,3,,,,,,,,,6,,1,,1,3,5,2,1,5,4,3,4,2,2,1,2,2,2,2,-1,2,-1,4,4,1,1,92000,100000,1,130000,80000,,100000,1,130000,80000,100000,,,1,100000,2,2,0,0,1,0,0,0,3,1,3,4,5,2,4,3,4,2,3,3,2,2,5,1,,1,,1,,,1,1,,,,,,,1,,1,0,New York,13676,1,Maryland,Baltimore,3,0,9,9,4,8,1,,,,,,3,3,1,,,1,,,,,
5fa0d1a1e40401160ec4a011,7/27/25 11:05,794,,,1,,19,1,5,,1,4,,,1,,,,,,6,1,,,1,1,5,1,1,5,5,3,5,1,1,1,1,2,1,1,1,2,2,3,3,0,1,5000,50000,1,75000,30000,175000,75000,1,100000,50000,20000,0,20000,0,30000,1,1,2,2,2,0,0,2,2,1,3,2,4,5,4,1,4,2,3,2,2,2,2,3,1,,,,,1,0,0,,,,,,,1,,1,1,Wisconsin,53563,1,Wisconsin,Janesville,2,3,4,9,6,7,,1,,,,,3,3,1,,,,,,,,
655f8d942652c2e7defdb816,7/27/25 11:06,756,,,1,,29,1,5,,1,5,,,,1,,,,,7,,,1,1,1,4,2,1,5,5,5,5,1,1,1,2,1,1,1,1,1,1,1,1,1,0,46000,60000,1,80000,40000,,,,,,60000,0,60000,0,70000,1,1,0,2,2,0,2,2,2,1,2,4,5,3,4,2,4,3,2,1,2,2,4,5,,1,,,,1,0,0,,,1,,,,,,1,1,Illinois,61821,2,Louisiana,Baton Rouge,3,0,7,8,4,4,,1,,,,,3,3,1,,,1,,,,,
6298e55d2a9cb1bdddef2f81,7/27/25 11:07,874,,,.69999999,,27,1,4,1,,5,,1,,,,,,,6,1,,,2,3,5,4,2,5,5,2,5,1,4,3,4,1,2,3,3,3,1,3,2,0,1,20000,80000,2,100000,65000,25000,105000,2,105000,70000,50000,0,50000,0,50000,2,3,0,0,0,0,0,0,2,1,2,4,5,3,5,3,4,3,2,1,2,3,2,3,,1,,,,1,0,0,,,,,,,1,,1,1,Mississippi,39152,1,Mississippi,Jackson,3,0,2,6,2,1,1,,,,,,2,2,,,,,,,,,
67d850029679245f783d2c23,7/27/25 11:07,1806,,,.60000002,,24,1,4,1,,4,,1,1,,,,,,5,,,1,1,2,5,4,3,5,4,4,3,2,4,2,3,3,1,3,3,3,3,3,3,0,1,45000,200000,3,150000,100000,150000,350000,3,500000,400000,150000,1,150000,0,200000,5,8,0,2,2,0,0,0,2,2,5,1,4,3,4,4,4,3,3,4,2,3,3,2,,1,,,,1,0,2,,,1,,,,,,1,1,Indiana,47250,3,Indiana,Madison,3,4,6,7,6,6,1,,,,,,2,2,,1,,,1,,,1,
627ebc31883c7dd7c2220c7e,7/27/25 11:08,855,,,1,,21,0,4,,1,4,,1,1,,,,,,5,1,,,2,2,4,-1,-1,4,4,4,4,1,1,2,2,1,2,2,2,1,1,2,2,0,1,15000,50000,1,60000,30000,70000,80000,1,90000,50000,70000,0,70000,0,70000,6,6,2,2,2,2,2,2,1,1,2,3,5,4,4,1,4,2,2,4,3,2,2,4,,1,,,,1,0,0,,,,,,,1,,1,1,Alabama,35040,2,Mississippi,Hattiesburg,2,0,6,6,7,4,1,,,,,,1,3,,1,,,,,,,
5ef90b249bafa50a311593ae,7/27/25 11:08,582,,,.89999998,,25,1,5,1,,3,,,,,,,,,7,,1,,2,1,5,2,1,5,5,5,5,4,3,2,3,1,1,1,2,3,4,4,2,0,0,44000,65000,1,70000,54000,44000,,,,,32000,0,54000,0,58000,1,1,0,0,0,0,0,0,3,2,1,4,5,3,4,2,3,2,2,3,2,3,2,4,1,,,,,1,0,-1,,,,1,,,1,,1,0,Florida,32837,2,Florida,Altamonte Springs,2,0,3,6,6,7,,,,,,1,2,2,1,,,,,,1,,
61001862463c1eca6db99298,7/27/25 11:09,803,,,.80000001,,22,1,5,,1,5,,,,1,,,,,6,,1,,2,2,5,-1,1,5,5,4,4,-1,4,3,4,2,2,1,1,3,1,3,1,1,1,15000,90000,1,110000,50000,,150000,1,200000,100000,35000,0,80000,0,70000,2,1,0,0,2,0,0,0,4,2,1,5,4,3,4,2,4,3,2,1,3,2,3,5,,1,,,,1,0,0,,,,1,,,1,,1,1,Virginia,22030,3,Virginia,Harrisonburg,2,3,6,6,6,4,,1,,,,,3,3,1,,,1,,,,,
66c8f4c85434e33b086cb7ca,7/27/25 11:10,2472,,,1,,26,1,5,1,,3,,,,,,,,,7,,,1,1,1,5,-1,1,5,4,3,5,-1,3,3,2,2,-1,2,2,3,3,3,1,0,1,3000,50000,1,75000,35000,50000,85000,2,150000,45000,50000,0,50000,0,50000,3,5,0,2,2,0,0,0,4,1,4,2,3,5,4,5,2,3,4,4,3,4,4,5,1,,,,,1,0,0,,,,,,,1,,1,1,Florida,33467,2,Ohio,Cleveland,3,0,3,6,6,3,,,1,,,,2,2,,,,,,,1,,
5e647d0ce35c88208fdbbb06,7/27/25 11:11,991,,,1,,29,1,5,,1,5,,,1,1,,,,,6,,,1,1,1,5,2,1,5,5,4,5,1,1,1,2,1,1,2,1,5,2,4,2,0,1,25000,80000,2,150000,50000,50000,160000,2,300000,100000,35000,0,40000,0,40000,5,6,0,2,2,0,0,2,2,2,1,5,4,3,4,5,4,3,4,3,2,2,5,5,,1,,1,,,0,0,,,,,,,1,,1,1,Michigan,49015,2,Oregon,La Grande,1,0,5,7,7,9,1,,,,,,3,3,1,,,1,,,,,"Survey length felt appropriate, thank you."
5ec06f59c4ceb1481f225bbd,7/27/25 11:11,818,,,1,,23,1,5,,1,4,,,1,,,,,,7,,,1,1,1,5,1,1,5,5,5,5,1,1,1,1,1,1,2,1,4,1,2,3,0,1,35000,70000,1,72000,65000,150000,175000,1,185000,160000,120000,0,85000,0,95000,5,3,0,0,2,0,0,0,2,3,1,5,2,4,4,2,2,4,1,3,2,3,3,5,,1,,,,1,0,0,,,,,,,1,,1,1,Minnesota,55417,3,Minnesota,Minneapolis,3,0,6,8,7,6,,,,,,1,3,3,1,,,1,,,,,
56272eeeddff3c0011bcdb7e,7/27/25 11:12,887,,,.69999999,,27,1,5,1,,3,,,,,,,,,7,,,1,1,1,5,4,2,5,5,5,5,5,1,1,2,1,1,1,1,1,1,2,2,0,1,35000,40000,2,40000,20000,35000,40000,2,40000,20000,40000,0,40000,0,40000,5,1,0,0,2,0,0,0,3,1,2,4,5,3,5,2,2,3,3,2,2,2,5,5,,1,,,1,,0,0,,,,1,,,1,,1,0,Ohio,43224,3,Ohio,Columbus ,3,0,4,4,4,2,,,,,,1,3,3,,,,,,,,,
66e4249b949018573760ad50,7/27/25 11:12,1028,,,.80000001,,22,1,5,1,,4,,1,,,,,,,5,,1,,1,1,5,4,1,5,5,5,5,3,1,1,2,1,1,2,2,3,2,4,2,0,1,27000,70000,1,100000,27000,75000,100000,1,150000,60000,60000,1,90000,1,100000,6,10,0,0,2,0,0,0,4,2,1,3,5,4,4,2,4,2,5,2,2,1,5,5,1,,,,,1,0,3,,,,,,,1,,1,1,Tennessee,37919,2,Tennessee,Knoxville,3,3,4,6,6,3,,,,1,,,3,3,,,,,,,,,"life is hard, hope whoever reads this message is having a nice day :)"
6110c3b51c8b97bc69979282,7/27/25 11:13,1179,,,1,,23,1,5,,1,5,,1,,,,,,,7,,,1,1,1,4,2,4,5,5,5,5,1,2,2,3,1,3,3,3,2,2,2,4,0,1,74000,115000,3,130000,100000,150000,180000,2,200000,120000,100000,1,100000,1,200000,1,1,2,2,2,2,2,2,2,2,1,3,5,4,4,1,4,1,4,3,1,1,1,3,,1,,,,1,0,4,,,,,,,1,,1,1,New York,11725,2,New York,Commack,2,0,6,7,6,4,1,,,,,,3,3,1,,,1,,,,,
6112d76b0e4c125f011bfb8e,7/27/25 11:14,602,,,1,,21,1,1,1,,5,,,,1,,,,,2,1,,,3,4,3,4,4,3,5,5,4,1,3,1,1,2,1,2,2,1,1,1,-1,0,1,35000,60000,2,650000,450000,30000,50000,2,650000,50000,450000,1,40000,1,400000,4,7,0,0,0,0,0,0,4,1,3,2,4,5,3,1,3,4,3,1,3,3,3,3,,1,,1,,,2,-1,,,,1,,,1,,1,1,California,92240,1,California,Rialto,2,3,5,7,3,3,,,,1,,,3,3,1,,,1,,,1,,
5d24e7aec81128001721628f,7/27/25 11:14,1506,,,.89999998,,29,1,4,,1,3,,,,,,,,,5,,1,,2,3,4,5,1,4,5,5,5,5,3,2,3,1,1,-1,-1,2,2,3,2,0,1,0,30000,1,40000,20000,31000,41000,1,50000,35000,50000,1,60000,1,55000,1,2,0,1,2,0,0,0,2,2,1,4,5,3,5,3,4,3,3,1,2,2,2,5,,1,,1,,,2,2,1,,,1,,,1,,1,1,California,92324,2,California,Colton,2,0,6,6,3,3,,,,,1,,2,2,,,1,,1,,,,
6679fbc1315cf87f678194ba,7/27/25 11:15,671,,,1,,29,1,4,,1,5,1,,,,,,,,2,,1,,1,3,5,3,1,5,4,1,4,1,1,3,4,5,2,3,2,2,1,2,3,1,1,58000,80000,2,100000,60000,,175000,1,200000,100000,75000,1,150000,1,160000,2,2,2,2,2,0,0,0,4,2,5,3,1,4,2,2,5,1,3,2,2,1,2,3,,1,,,,1,0,1,,,,,,,1,,1,0,Minnesota,55110,2,Minnesota,Pine City,1,0,6,6,4,3,1,,,,,,3,3,1,,,1,,,1,,
660db6a4d1f524ad6016bda5,7/27/25 11:15,869,,,1,,27,1,4,,1,3,,,,,,,,,7,1,,,1,2,5,3,2,5,5,2,4,2,1,2,4,3,1,2,2,1,1,5,2,1,1,30000,150000,2,250000,85000,,350000,2,500000,200000,50000,1,180000,1,250000,1,1,0,0,2,0,0,0,4,4,5,1,3,2,4,2,4,2,4,2,2,2,5,4,1,,,,,1,0,2,,,1,,,,,,1,1,Illinois,60076,2,Ohio,Cincinnati,3,0,6,6,7,9,,1,,,,,3,3,1,,,1,,,,,survey length was appropriate
6685bda9fe63421c0f632414,7/27/25 11:15,862,,,1,,28,0,4,1,,4,,1,,,,,,,7,,1,,2,2,5,2,4,2,4,4,5,3,4,2,2,1,2,1,2,4,3,3,3,0,1,58000,70000,1,90000,65000,125000,160000,1,190000,135000,175000,1,250000,1,275000,1,5,0,2,2,0,0,2,2,1,2,3,5,4,2,2,4,3,3,4,3,2,2,1,1,,,1,,,0,2,1,,,,,,1,,1,1,Minnesota,55075,2,Minnesota,Farmington,2,0,6,7,6,6,1,,,,,,1,3,,,1,,1,,,,
67aac3d6da39590556da57b4,7/27/25 11:17,2754,1,,0,,22,1,4,,1,2,,,,,1,,,,6,,1,,2,4,4,4,2,4,3,5,2,5,5,3,5,2,1,1,2,4,2,2,4,1,1,10000,50000,2,30000,40000,,150000,2,150000,150000,100000,1,100000,1,200000,4,2,0,0,2,0,0,2,4,4,5,2,3,1,2,3,2,2,4,3,3,2,2,2,,1,,1,,,0,2,,,1,,,,1,,1,1,North Carolina,28655,2,North Carolina,North Wilkesboro,2,0,7,9,3,3,,1,,,,,1,1,,1,,,1,,,,
6735226eb110b62ab50658d9,7/27/25 11:17,699,,,1,,28,1,4,1,,4,,1,,,,,,,7,1,,,2,2,4,4,2,4,5,2,2,1,5,3,4,2,2,2,1,3,4,4,3,1,1,75000,120000,2,150000,90000,,200000,2,250000,150000,75000,1,100000,1,125000,2,2,0,0,2,0,0,0,4,1,3,2,5,4,4,3,5,1,4,3,2,1,2,1,1,,,,,1,0,3,,,,,,,1,,1,1,Florida,33706,2,Indiana,Fort Wayne,2,0,4,4,3,4,1,,,,,,1,2,,1,,,1,,,,The survey length was very appropriate and did not seem repetitive. 
5ec79b5033c65502ce2acade,7/27/25 11:17,553,1,,.5,,25,1,4,,1,4,,1,,,,,,,7,1,,,1,2,4,5,1,5,3,4,4,2,2,2,2,2,-1,-1,2,3,3,3,2,0,0,5000,75000,2,110000,60000,24000,,,,,40000,0,50000,0,50000,1,1,0,0,2,0,0,0,4,1,4,2,3,5,5,3,1,2,3,4,3,2,3,4,1,,,,,1,0,-1,,,,,,,1,,1,1,Pennsylvania,18428,1,Pennsylvania,Hawley,1,0,7,7,6,7,,,,,,1,2,2,1,,,1,,,,,
67a51728f33f7c45ae3577bc,7/27/25 11:18,3770,,,1,,22,1,5,,1,5,,,,,,,,,1,,1,,1,1,5,2,4,5,5,5,5,1,1,1,2,1,1,1,-1,2,3,3,-1,1,1,400,40000,1,60000,25000,,80000,1,120000,45000,80000,0,100000,0,100000,3,1,0,2,2,0,0,0,4,1,3,4,5,2,5,3,1,4,3,3,3,1,3,4,,1,,,1,,0,-1,,,,1,,,1,,1,1,California,92019,2,California,San Diego,2,1,2,4,,,,,,1,,,2,3,,,,,,,,1,"I would like to clarity that my definition of ""rich"" is the top 1%. Thank you!"
668364e0aa44eb333efbcbab,7/27/25 11:18,739,,,.89999998,,19,1,5,1,,5,,,1,,,,,,7,,1,,3,4,5,5,-1,5,5,5,5,-1,3,4,3,2,3,3,3,2,1,3,4,0,1,20000,70000,2,120000,40000,40000,80000,2,130000,50000,40000,0,40000,0,50000,5,6,0,2,2,0,0,0,4,3,2,1,5,4,4,2,4,3,3,2,4,2,2,2,1,,,,,1,0,0,,,,1,,,,,1,0,Michigan,49504,3,Michigan,Grand Rapids,3,2,4,6,3,1,,,,,,1,3,3,1,,,,,,,,
60332f21a5c8a33bd1239b0e,7/27/25 11:19,507,,,1,,24,1,5,1,,4,,,,1,,,,,7,,,1,1,1,5,1,2,5,5,5,5,1,1,2,3,2,2,2,1,2,2,4,2,0,0,15000,80000,2,95000,65000,15000,,,,,90000,0,70000,0,75000,5,6,0,0,2,0,0,2,4,5,3,4,1,2,4,3,4,2,3,2,1,3,3,5,,1,,,,1,0,-1,,,,,,,1,,1,1,Florida,33613,2,Florida,33613,2,4,6,7,7,5,,,,1,,,3,3,1,,,1,,,,,
631c790a9061cd8137fd215b,7/27/25 11:19,825,,,1,,28,1,5,1,,5,,1,1,,,,,,7,1,,,1,1,5,1,1,5,5,5,5,1,1,1,1,1,1,1,1,3,2,2,1,1,0,20000,20000,2,25000,12000,,,,,,35000,0,35000,0,40000,1,1,0,0,0,0,0,0,5,2,1,3,5,4,5,1,1,4,1,1,4,4,4,5,,1,,,,1,0,0,,,,,,,1,,1,1,Illinois,62278,1,Illinois,Red Bud,1,0,4,4,5,3,1,,,,,,3,3,,,,1,,,,,
673d6b4fb7181b12310a27e2,7/27/25 11:19,1050,,,.89999998,,29,1,5,,1,3,,,,,,,,,6,,1,,1,1,5,3,1,5,5,3,5,1,4,2,3,2,3,3,3,4,2,2,3,1,1,30000,70000,2,100000,40000,,100000,2,150000,60000,60000,1,90000,1,100000,3,6,0,0,0,0,0,0,5,3,5,2,4,1,3,3,3,2,3,1,3,2,2,5,1,,,,1,,2,-1,,,,,,,1,,1,1,Arkansas,72007,1,Ohio,Columbus ,1,4,6,7,4,5,1,,,,,,2,2,,1,,1,,,,,It wasn't overwhelming or long. Thank y'all for the opportunity 
60fc5d49ff20168d794fe083,7/27/25 11:20,843,,,1,,26,1,5,1,,3,,,,,,,,,7,,,1,1,1,5,1,1,5,5,5,5,1,1,1,2,1,2,2,2,2,3,3,3,1,1,53325,95000,1,120000,65000,,140000,1,200000,100000,35000,0,100000,0,110000,3,2,0,0,2,0,0,0,3,2,1,5,4,3,3,2,4,2,3,2,1,2,2,4,,,1,,,1,0,0,,,,,,,1,,1,1,Missouri,65101,2,Oregon,St. Helens,1,4,6,9,3,4,1,,,,,,3,3,1,,,1,,,,,
66eaef6e046fe41ad9356532,7/27/25 11:21,901,,,1,,27,1,5,1,,5,,1,1,,,,,,6,,,1,1,1,5,4,1,5,5,5,5,1,1,1,2,1,1,1,1,1,-1,2,1,0,1,10000,10000,1,20000,5000,10000,10000,1,20000,5000,37000,0,60000,0,65000,1,1,0,0,0,0,0,0,5,1,2,5,4,3,5,1,1,4,2,1,3,2,3,5,,,1,,,1,0,0,1,,1,,,,,,1,1,North Carolina,28262,3,Pennsylvania,Philadelphia,3,0,6,7,7,,,1,,,,,3,3,1,,,1,,,,,
5bf9cc2b138674000124bdc8,7/27/25 11:21,758,,,.80000001,,28,1,5,,1,5,,,,1,,,,,6,1,,,1,1,5,2,1,5,5,5,5,1,1,1,2,1,1,1,1,1,2,2,3,0,1,50000,60000,2,70000,50000,85000,100000,2,120000,95000,100000,1,110000,1,120000,2,1,0,0,0,0,0,0,5,1,2,5,4,3,4,2,5,1,3,1,1,2,2,1,,1,,1,,,2,3,,,,,,,1,,1,1,Texas,79065,1,Oklahoma,Ardmore,2,4,6,7,7,4,1,,,,,,3,3,1,,,1,,,,,
67acf597c56cf9f78737f372,7/27/25 11:23,610,,,1,,20,1,5,1,,2,,,,,1,1,1,,7,,,1,2,4,5,5,5,5,5,5,5,4,5,4,2,1,1,2,1,1,1,1,2,1,0,10000,1000,3,1000,12000,,,,,,5000,1,10000,0,6000,2,3,0,0,2,0,0,2,5,1,3,2,5,4,5,2,4,4,1,2,1,1,1,4,,1,,,1,,1,2,,,1,,,,1,,1,1,Pennsylvania,15552,1,Pennsylvania,Meyersdale,1,0,3,3,4,3,,1,,,,,1,1,,1,,,,,,1,
5e66d4098a31c74594dab25a,7/27/25 11:24,793,,,1,,29,1,5,,1,5,,1,1,,,,,,7,1,,,1,1,4,2,1,4,5,4,5,1,1,2,4,1,3,3,3,4,2,3,4,1,1,29000,95000,3,100000,85000,,150000,1,180000,95000,90000,0,90000,1,150000,4,6,0,2,2,0,0,2,4,5,3,4,1,2,5,5,5,1,1,3,1,2,1,5,,1,,,,1,0,-1,,,,,,,1,,1,1,Colorado,80124,2,Colorado,"Denver, CO",2,0,6,7,7,6,1,,,,,,3,3,1,,,1,,,,,
5a78f57a2a842c0001fc43db,7/27/25 11:26,1546,,,1,,28,1,5,,1,4,,1,,,,,,,7,,1,,1,1,4,1,1,4,4,5,5,1,1,2,2,2,1,1,2,3,3,2,3,1,1,54500,80000,1,120000,40000,,100000,1,170000,40000,50000,0,60000,0,70000,1,1,1,2,2,0,0,0,2,2,1,4,3,5,4,4,1,3,3,1,4,2,4,4,,1,,,1,,0,0,,,,,,,1,,1,1,Virginia,24401,2,Virginia,Staunton,2,0,4,7,4,3,1,,,,,,3,3,1,,,1,,,,,
66046ee084b12b781cb49495,7/27/25 11:26,538,,,1,,29,1,5,1,,3,,,,,,,,,7,,,1,1,1,5,4,1,5,5,5,5,1,1,2,2,1,1,1,1,3,3,2,2,0,1,10000,40000,1,50000,10000,30000,40000,1,60000,20000,55000,0,65000,0,65000,1,4,0,0,2,0,0,0,3,1,2,4,5,3,5,2,2,3,3,1,3,2,4,5,1,,,,,1,0,0,,,,,,,1,,1,1,Ohio,44142,2,Ohio,Cleveland,3,0,4,6,6,6,,,1,,,,3,3,1,,,1,,,1,,
63e584009bf1aa55a39e1d53,7/27/25 11:28,340,1,,.5,,27,1,5,1,,5,,1,1,,,,,,7,1,,,1,1,5,2,1,5,5,4,5,1,1,1,2,1,3,3,3,4,4,4,5,0,1,126000,175000,2,190000,140000,80000,200000,2,250000,160000,125000,0,180000,0,180000,6,3,2,2,2,0,2,2,2,1,2,5,3,4,2,5,5,1,4,2,2,2,2,1,,,1,,1,,0,0,,,,,,,1,,0,1,Georgia,30303,3,Virginia,Sterling,2,0,9,9,7,6,1,,,,,,3,3,1,,,1,,,,,
6298df7da7b45df1b730d3aa,7/27/25 11:29,1970,,,1,,23,1,1,1,,3,,,,,,,,,2,1,,,1,1,3,2,2,2,2,1,1,1,5,-1,-1,5,3,3,3,4,4,3,4,0,1,105000,110000,2,75000,60000,105000,300000,2,300000,150000,60000,1,60000,1,100000,1,2,0,2,2,0,0,2,4,2,4,1,5,3,5,3,4,2,2,3,2,3,2,5,1,,,,,1,0,2,,,,1,,,1,,1,1,Texas,75035,2,Texas,Horizon City,2,3,6,6,6,7,1,,,,,,1,1,,1,,,1,,,,
63da967fb1bbdcf1bfdf1009,7/27/25 11:29,1397,,,.89999998,,28,1,5,,1,5,,,,1,,,,,6,,,1,1,1,4,1,2,5,5,5,5,2,4,2,2,1,1,2,1,3,4,3,1,0,1,1100,35000,1,50000,1000,40000,100000,2,150000,70000,80000,0,100000,0,100000,5,10,0,0,0,0,0,0,4,4,1,5,2,3,5,2,1,4,3,1,3,4,5,5,,1,,,1,,0,0,,,,,,,1,,1,1,Florida,34287,2,North Carolina,Summerfield ,1,0,3,3,2,5,,,,,,1,3,2,,,,,,,,,Thank you for doing this! I enjoy giving my political and economical opinion and I think it’s really important to share opinions and stand up for what is right.
6640001c977a4d2b8d43216a,7/27/25 11:29,604,,,1,,25,1,5,1,,4,,,1,,,,,,5,,1,,2,1,5,2,1,5,5,5,5,4,3,2,3,2,2,2,2,3,4,3,3,0,1,40000,100000,2,140000,80000,40000,200000,2,120000,250000,80000,1,175000,1,175000,5,1,0,2,2,0,0,0,3,2,3,5,1,4,4,4,4,3,4,3,2,3,2,5,,,1,,1,,0,1,,,,,,,1,,1,1,Washington,,3,California,San Jose,2,0,7,8,7,7,1,,,,,,3,3,1,,,1,,,,,
5edf222d1b8bce1bdd61cd2d,7/27/25 11:31,726,,,1,,24,1,5,,1,3,,,,,,,,,7,,,1,1,1,5,1,1,5,5,5,5,1,1,1,2,1,1,2,1,3,-1,2,2,1,0,25000,40000,1,65000,30000,,,,,,24000,0,40000,0,50000,10,10,0,2,2,0,0,0,4,3,5,1,2,4,4,1,4,3,2,3,2,2,3,5,,1,,,,1,0,-1,,,1,,,,1,,1,1,Wisconsin,53202,3,Wisconsin,Milwaukee,3,0,6,7,5,,1,,,,,,3,3,1,,,1,,,,,
60d8b2566935da51a82c650d,7/27/25 11:31,451,,,.89999998,,25,1,4,1,,4,,1,,,,,,,5,,1,,3,3,3,3,3,3,3,3,3,3,3,3,3,2,2,2,2,2,2,2,3,0,1,20000,40000,2,30000,20000,40000,70000,2,60000,40000,60000,0,40000,0,40000,3,3,0,0,2,0,0,0,4,1,3,2,5,4,4,3,2,3,3,2,3,3,2,3,,1,,1,,,0,0,,,,,,,1,,1,1,Texas,75757,2,Texas,Bullard,2,0,3,5,3,2,,,,,,1,2,2,,1,,,,,,,
6737e1e8889b60aa5f9ec0e7,7/27/25 11:31,687,,,1,,19,1,4,,1,2,,,,,,,1,,6,,1,,2,2,4,4,1,5,-1,-1,4,1,4,2,4,-1,2,3,2,4,2,1,1,0,1,3000,80000,2,100000,40000,40000,150000,2,250000,120000,30000,1,150000,1,170000,5,1,0,0,2,0,0,0,4,2,1,4,3,5,2,2,1,3,3,4,3,2,4,4,,1,,,,1,0,3,,,,,,,1,,1,1,Texas,78654,1,Texas,Austin,2,0,3,3,4,4,,,,,,1,3,2,1,,,,,,1,,
62c371e35d4fea0810875477,7/27/25 11:31,699,,,.80000001,,23,1,5,,1,5,,1,,,,,,,7,,,1,1,2,5,3,4,5,5,5,5,4,2,1,2,2,1,1,2,1,1,2,2,0,1,32000,67000,1,78000,52000,140000,180000,1,200000,160000,170000,1,210000,1,260000,10,3,0,0,2,0,0,0,4,3,1,4,5,2,5,1,3,4,3,2,2,2,3,5,1,,,,,1,0,2,,,,1,,,,,1,0,California,92405,3,California,San Bernardino ,3,0,6,6,2,1,,,,,,1,3,3,1,,,1,,,1,,
66ada6332d525af66b7b7d9a,7/27/25 11:33,1447,,,1,,22,1,4,1,,3,,,,,,,,,6,,1,,1,2,5,3,2,4,4,3,4,2,3,2,4,2,-1,-1,-1,-1,-1,3,1,0,1,400,65000,1,80000,15000,121000,200000,2,255000,125000,55000,0,65000,0,80000,5,2,0,0,2,0,0,0,4,3,2,4,5,1,5,3,3,2,3,2,1,2,2,3,1,,,,,1,0,-1,,,,,,,1,,1,0,Oklahoma,73120,2,Oklahoma,Oklahoma City,3,0,3,3,,,,,1,,,,2,2,,,1,,,,,,
5dd7d4d5d3ac2a92dfbb40d5,7/27/25 11:35,1079,,,1,,28,0,4,1,,3,,,,,,,,,3,,1,,2,3,-1,4,3,2,-1,2,3,2,4,2,2,2,2,2,-1,3,3,3,2,1,0,34000,120000,1,200000,10000,,,,,,30000,0,30000,0,30000,1,1,0,2,2,0,0,0,4,1,2,4,5,3,2,4,4,3,3,3,3,2,2,4,,,,,,1,0,-1,,,,,,,1,,1,1,North Dakota,58503,3,North Dakota,Bismarck,3,0,4,4,6,5,1,,,,,,1,1,,,,,,,,,
657ca800404c8884226c8f42,7/27/25 11:35,1955,,,.89999998,,20,1,5,1,,3,,,,,,,,,6,,,1,1,1,5,2,1,5,5,5,5,1,2,1,2,1,-1,2,2,2,2,2,2,0,1,99000,110000,1,100000,90000,100000,110000,1,100000,95000,65000,0,65000,0,70000,1,1,1,1,2,0,0,0,4,2,1,5,4,3,5,2,3,3,2,3,4,1,3,5,1,,,,,1,0,-1,,,,1,,,,,1,0,Texas,77083,2,Texas,Houston,2,3,4,6,2,3,,1,,,,,3,3,1,,,,,,,,
6287a504c4cb277cf781b6bb,7/27/25 11:35,2694,,,1,,23,1,4,,1,4,,1,,,,,,,6,,1,,1,1,5,4,2,5,4,4,5,2,4,1,2,2,2,3,3,2,3,3,3,0,1,20000,80000,2,110000,60000,75000,140000,1,175000,100000,60000,1,110000,1,120000,2,4,0,0,2,0,0,0,2,1,3,2,5,4,4,2,4,3,4,2,3,2,2,3,1,,,,,1,0,2,,,,,,,1,,1,1,Maine,04966,1,Maine,Avon,1,3,4,6,6,6,,,,1,,,2,3,,,,1,,,,,
652c065fd5f312d8e02e1cf5,7/27/25 11:37,1112,,,1,,22,1,4,,1,4,,,1,,,,,,5,,,1,2,2,4,4,1,4,5,4,5,4,3,1,1,1,2,3,3,2,3,3,3,0,1,15000,95000,2,100000,76000,80000,100000,2,110000,80000,56000,1,100000,1,100000,2,1,0,0,0,0,0,0,4,2,1,4,5,3,3,2,5,3,1,3,3,1,1,2,,1,,,,1,0,2,,,,1,,,,,1,1,New York,11549,3,New York,New Hyde Park,3,0,6,6,3,6,,,,,,1,2,2,1,,,1,,,,,
5f7c839eca86660ad9416eec,7/27/25 11:38,505,,,1,,26,1,5,,1,4,,,1,,,,,,5,,1,,1,1,5,2,1,1,5,4,4,5,-1,2,3,-1,2,2,3,2,1,2,1,1,1,25000,140000,2,80000,65000,,200000,1,180000,80000,65000,1,80000,1,85000,6,4,0,2,2,0,0,0,2,2,5,1,3,4,2,2,5,3,4,3,3,2,3,5,,1,,,,1,0,2,,,,,,,1,,1,1,Illinois,61820,2,Indiana,Indianapolis,2,5,7,8,3,3,,1,,,,,3,3,1,,,1,,,,,
66b17c66f7403d83dc460ef1,7/27/25 11:40,1661,,,.89999998,,19,0,4,1,,3,,,,,,,,,6,,,1,4,3,4,4,4,4,3,4,3,2,4,4,3,2,2,3,3,3,3,3,3,0,1,5000,2000000,3,500000,300000,120000,2500000,3,1000000,750000,250000,1,300000,0,300000,2,1,2,2,2,0,2,2,2,1,4,2,3,5,1,5,2,3,3,3,2,1,1,2,1,,,,,1,0,2,,,,,,,1,,1,1,Massachusetts,02478,2,Massachusetts,Belmont,2,3,4,7,7,7,,,,1,,,2,2,,,,,,,,,
67a69648c7bcc11e4bad7b2b,7/27/25 11:41,927,,,1,,22,0,3,,1,2,,,,,,1,1,,5,,1,,4,2,5,3,2,2,2,4,3,1,3,-1,2,2,3,3,3,2,2,4,2,0,1,5000,85000,3,100000,70000,200000,200000,2,250000,150000,100000,1,150000,1,200000,1,5,2,2,2,0,1,2,3,5,3,4,1,2,5,3,1,2,3,2,1,1,2,4,,1,,,,1,0,2,,,,,,,1,,1,0,Connecticut,06518,2,Massachusetts,Oxford,1,4,6,7,4,5,,,,1,,,2,2,,,,,,,,,
6764e7d8f4da0156234521ff,7/27/25 11:43,549,,,.80000001,,26,1,1,1,,2,,,,,,1,,,5,,,1,4,2,2,-1,4,2,2,5,4,3,3,4,2,2,3,3,3,4,4,4,5,0,1,52000,30990,2,40999,35099,50009,100000,2,65099,70999,45000,1,25000,1,30099,5,6,2,2,2,2,2,2,4,5,3,1,2,4,3,3,3,2,3,2,2,1,1,1,,1,,1,,,2,2,,,,1,,,,,1,1,Texas,79706,2,Texas,Muleshoe,2,0,5,4,6,6,1,,,,,,2,2,,1,,,1,,,1,None
6686a311e31819970c7060d0,7/27/25 11:44,2066,1,1,.89999998,,27,1,5,,1,5,,,1,,,,,,7,,,1,1,2,5,4,1,4,5,2,2,1,1,3,2,1,2,3,1,3,3,3,3,0,1,75000,200000,3,250000,150000,175000,350000,2,400000,300000,60000,1,84000,1,108000,4,3,0,0,0,0,0,0,4,1,4,2,5,3,1,5,5,1,4,4,2,1,1,3,1,,,,1,,1,3,,,,,,,1,,1,1,Arizona,85336,3,Arizona,San Luis,3,0,6,6,6,6,1,,,,,,3,3,1,,,1,,,,,"None, I am just glad I was part of the study and hope to be part of any other in future."
6659e827e445df6ae5f4103c,7/27/25 11:44,439,,,1,,26,1,4,1,,4,,,,1,,,,,7,,,1,1,1,5,2,1,5,4,3,5,1,2,2,2,2,3,2,2,1,2,2,2,1,0,48000,65000,1,75000,50000,,,,,,60000,0,60000,0,60000,1,1,0,2,2,0,0,0,2,3,2,5,1,4,5,1,5,1,3,3,2,2,2,4,,1,,,,1,0,0,,,,,,,1,,1,1,Colorado,80124,3,Idaho,Boise,2,0,7,8,7,6,1,,,,,,2,3,1,,,1,,,,,
663ea705b761e95caebf67eb,7/27/25 11:45,723,,,.89999998,,23,1,5,1,,5,,,1,,,,,,7,,,1,1,1,5,1,1,5,5,5,5,5,1,1,2,1,3,2,2,3,4,4,3,1,0,1300,50000,1,70000,30000,,,,,,40000,0,40000,0,40000,6,10,0,2,2,0,0,0,5,1,2,3,5,4,4,2,2,1,4,4,3,2,3,5,,1,,,,1,0,0,,,,1,,,,,1,0,Pennsylvania,19131,2,Texas,Katy,2,6,6,9,7,7,,,,1,,,3,3,1,,,1,,,,,N/A
65ee5dd9d4b632b7fb7a494c,7/27/25 11:50,1302,,,.89999998,,28,1,5,1,,4,,1,1,,,,,,7,1,,,1,1,5,4,1,4,5,5,5,1,3,1,3,1,1,-1,1,1,2,2,1,1,0,2000,60000,2,40000,25000,,,,,,28000,0,28000,0,32000,3,1,0,0,0,0,0,0,5,1,2,5,3,4,4,5,1,4,1,1,4,3,3,5,,1,,,,1,0,-1,,,,1,,,,,1,0,Maryland,20877,2,Maryland,Gaithersburg,2,0,4,3,3,4,,,1,,,,3,3,1,,,,,,,,
66899588f7ac78588b93476f,7/27/25 11:51,616,,,1,,29,1,3,,1,3,,,,,,,,,6,1,,,2,4,4,4,2,4,2,2,2,1,1,2,3,4,2,3,3,1,3,4,4,0,1,75000,110000,2,125000,95000,80000,140000,2,160000,100000,60000,0,80000,0,80000,10,5,2,2,2,0,2,2,2,3,5,2,4,1,5,1,5,1,5,1,2,1,1,3,1,,,1,,,0,0,,,,,,,1,,1,1,Alabama,36066,2,Georgia,Blakely,1,0,6,6,3,3,1,,,,,,1,1,,,,,,,,,
67804bf16b510a1a193ada1f,7/27/25 11:52,975,,,.89999998,,21,1,4,,1,4,,1,,,,,,,7,,,1,1,4,5,4,1,5,3,2,4,1,4,2,4,1,3,3,3,3,3,4,3,1,1,10000,90000,2,90000,70000,,150000,2,180000,100000,80000,1,120000,1,120000,2,2,1,2,2,0,2,2,2,2,4,3,1,5,4,2,2,3,3,2,1,1,2,3,1,,,,,1,0,2,,,,,,,1,,1,1,Maryland,21131,2,Maryland,Phoenix,2,3,3,9,6,9,,,,1,,,3,1,,,,,,,,,
5eeeb45360a44437a971aebc,7/27/25 11:54,680,,,.89999998,,24,1,5,1,,3,,,,,,,,,2,,1,,1,1,5,3,1,5,5,4,5,3,4,1,1,1,-1,-1,-1,1,1,1,2,0,1,35000,45000,1,60000,30000,42000,70000,1,100000,50000,55000,0,55000,0,60000,2,2,0,0,0,0,0,0,5,1,3,2,5,4,5,1,2,3,3,2,2,2,4,5,1,,,,,1,0,0,,,,1,,,,,1,0,Wisconsin,53215,3,Wisconsin,Milwaukee,3,3,4,6,3,3,1,,,,,,1,1,1,,,1,,,,,
669284eabea5b8c9655927da,7/27/25 11:55,2948,,,1,,27,1,2,,1,3,,,,,,,,,5,,,1,1,3,5,2,3,2,3,3,5,2,1,2,2,5,2,1,-1,5,1,2,1,0,1,0,100000,2,50000,8000,0,100000,2,50000,8000,92000,0,92000,0,100000,4,7,0,0,2,0,0,2,1,5,3,1,2,4,3,5,1,1,3,2,1,1,1,4,1,,,,,1,0,0,,1,1,,,,,,1,0,Texas,78666,3,Michigan,Grand Blanc,2,0,3,2,4,3,,1,,,,,2,2,,1,,,1,,,,
6713127a56cfed3a3a39e7d4,7/27/25 11:56,4872,,,1,,26,0,3,1,,2,,,,,1,1,1,,4,1,,,3,2,5,4,3,4,2,2,4,2,2,2,3,1,1,3,3,2,2,2,1,0,1,30000,80000,2,90000,70000,30000,90000,2,90000,70000,50000,0,80000,0,80000,1,2,0,0,0,0,0,0,3,1,2,4,5,3,4,3,4,3,3,1,2,1,2,3,,1,,1,,,0,0,,,,1,,,,,1,1,California,90250,3,Arizona,85757,2,0,4,5,5,5,,,,,,1,1,1,,,,,,,,1,
673953cc8d032875bc9d1f65,7/27/25 11:58,685,,,1,,19,1,4,1,,3,,,,,,,,,7,,,1,2,1,4,4,2,4,4,5,5,4,1,2,4,2,3,2,2,2,1,2,2,0,1,7500,250000,1,390000,60000,55000,350000,1,700000,125000,70000,0,75000,0,75000,1,1,2,2,2,0,2,2,2,1,3,4,5,2,5,2,5,1,5,2,2,1,1,3,1,,,,,1,0,0,,,,1,,,1,,1,0,Washington,98683,3,California,Anaheim ,3,3,4,9,5,3,,,,1,,,1,3,1,,,,,,,,
66880fe049ea6beec157087b,7/27/25 11:58,1942,,,1,,27,1,5,,1,5,,1,1,1,,,,,7,1,,,2,1,5,4,1,4,5,2,5,1,2,2,3,1,2,2,2,3,3,2,1,0,0,9000,65000,2,75000,45000,90000,,,,,100000,0,100000,0,100000,8,1,0,0,2,0,0,0,1,3,2,5,4,1,4,2,2,2,3,4,2,2,4,5,1,,,,,,0,-1,,,,,,,,1,1,1,New York,11356,3,New York,Queens,3,4,6,7,6,9,,,,1,,,3,3,,,1,,,,1,,
663a87dd4bef252787ee073d,7/27/25 11:59,856,,,.80000001,,28,1,4,,1,3,,,,,,,,,7,1,,,2,4,5,1,1,2,5,2,4,1,1,2,2,1,1,2,2,2,-1,2,2,0,1,1000,50000,2,75000,45000,50000,90000,2,100000,75000,60000,1,70000,1,75000,4,1,0,2,2,0,0,0,4,1,3,4,5,2,4,2,4,3,4,2,2,2,3,3,,1,,1,,,1,1,,,,1,,,,,1,0,Texas,79905,3,I did not reside in the United States,Ciudad Juarez,3,0,6,6,1,,,,,,1,,2,3,,,,,,,,,
5f3d5aec10a5f20d672b1b23,7/27/25 12:02,786,,,1,,27,1,4,,1,4,,,1,,,,,,7,,1,,1,1,5,2,1,5,5,4,5,1,2,1,1,1,2,2,2,3,3,3,3,0,1,65000,130000,2,150000,100000,95000,170000,1,200000,150000,100000,1,250000,1,300000,1,1,0,2,2,0,0,2,2,1,2,3,5,4,4,2,4,2,3,1,2,2,2,5,1,,,1,,,2,4,,,,,,,1,,1,1,New York,11367,2,New York,Flushing,2,0,9,9,6,9,1,,,,,,1,1,1,,,,1,,,,
6653e7301febb9fc714b814f,7/27/25 12:02,1085,,,1,,20,1,5,1,,4,,1,,,,,,,7,,1,,1,1,5,2,1,5,5,5,5,1,1,2,2,1,3,2,3,3,2,3,3,0,1,50000,70000,2,90000,50000,100000,120000,2,140000,80000,40000,1,100000,1,120000,2,2,0,2,2,0,0,2,4,1,2,3,4,5,4,3,4,3,3,2,2,2,2,3,,1,,,1,,0,2,,,,1,,,,,1,0,Florida,32608,2,Florida,Miami,3,3,4,7,6,7,,1,,,,,3,3,1,,,,,,,,
673aa533bc49273bf832d505,7/27/25 12:03,693,,,1,,22,1,5,1,,3,,,,,,,,,6,,,1,1,1,5,3,2,4,5,4,4,3,2,2,3,2,1,1,1,3,3,2,1,0,1,1400,50000,1,75000,25000,100000,150000,1,175000,125000,55000,0,75000,0,90000,1,3,0,0,2,0,0,0,4,1,2,4,5,3,4,2,1,4,3,1,2,1,3,5,1,,,,,1,0,0,,,,,,,1,,1,1,Vermont,05001,1,Vermont,White River Jct,1,0,3,3,3,3,,,1,,,,3,3,1,,,,,,,,
5deaef5dd2601a21b9371743,7/27/25 12:04,976,,,1,,25,1,5,1,,4,,,1,,,,,,3,,1,,2,1,4,5,4,5,5,4,5,2,4,1,3,2,2,3,2,2,2,3,3,1,1,37800,60000,2,58000,50000,,50000,2,55000,45000,40000,1,55000,1,60000,10,9,0,0,2,0,0,0,4,1,2,4,3,5,5,3,2,2,4,2,2,3,2,3,1,,,,,1,0,1,,,,,,,1,,1,1,West Virginia,26726,2,West Virginia,Piedmont,2,4,6,7,3,4,1,,,,,,2,2,,,,,,,,,
66a02d45a7db35d93c9f6a81,7/27/25 12:06,929,,,.89999998,,26,1,4,,1,4,,,1,,,,,,7,,,1,2,2,4,1,1,5,5,4,4,4,1,1,2,2,2,2,2,2,3,4,2,1,0,58000,70000,1,85000,40000,,,,,,66000,0,66000,0,66000,5,1,0,0,2,0,0,0,4,1,2,3,5,4,3,2,4,2,3,2,2,2,2,3,1,,,,,1,0,0,,,,,,,1,,1,1,Texas,79911,2,Texas,Chicago ,3,3,5,6,4,4,1,,,,,,3,3,1,,,1,,,,,Everything felt fine 
5c3bdbf548ad2900017fac31,7/27/25 12:07,578,,,1,,29,1,4,,1,4,1,,,1,,,,,7,,,1,2,4,5,1,3,3,4,2,4,1,1,1,2,2,3,3,2,1,3,3,4,1,1,35000,85000,2,105000,55000,,140000,1,210000,90000,30000,1,80000,1,90000,3,2,2,2,2,0,2,2,1,3,4,5,1,2,5,3,4,2,4,4,1,2,2,3,,,1,,,1,0,2,,,,,,,1,,1,1,Oregon,97330,3,Oregon,Portland,3,3,4,6,6,7,,1,,,,,2,3,1,,,1,,,,,Thank you!
650ee274aa4447ac435b7830,7/27/25 12:12,1496,,,1,,24,1,4,1,,4,,1,1,,,,,,5,1,,,5,5,4,4,5,4,5,5,5,4,5,5,4,5,3,2,3,2,3,4,3,1,1,20000,400000,2,200000,100000,,400000,2,350000,300000,20000,1,30000,1,45000,1,2,0,0,0,0,0,0,4,2,4,3,5,1,4,4,4,2,3,2,2,1,2,3,1,,,,,1,0,0,,,,,,,1,,1,1,New York,12721,2,New York,Bloomingburg,2,3,4,4,4,4,,,,,,1,3,3,1,,,1,,,1,,
60fcfde8842d3a8a5a139726,7/27/25 12:13,927,,,.80000001,,26,1,4,,1,5,,,,1,,,,,6,,,1,2,3,4,4,1,4,3,3,4,2,3,2,2,4,2,2,2,2,3,2,3,0,1,49000,59000,2,45000,49000,55000,62000,1,55000,50000,59000,1,69000,0,60000,5,6,0,2,2,0,0,2,3,5,4,2,3,1,4,3,4,2,4,1,2,2,3,3,,1,,1,,,2,3,,,,1,,,,,1,0,Texas,75662,1,Texas,Longview ,1,3,5,6,1,1,1,,,,,,3,3,1,,,1,,,1,,Thanks for having me 
67300fad89fa05047f666c3d,7/27/25 12:14,915,1,,.2,,19,1,5,1,,3,,,,,,,,,7,,,1,1,2,5,1,2,4,4,5,5,1,1,2,3,1,2,3,2,1,1,2,1,1,1,0,90000,2,150000,70000,,200000,2,260000,170000,20000,1,80000,1,80000,1,1,0,0,0,0,0,0,2,1,2,4,5,3,4,5,1,3,3,4,2,2,2,3,1,,,,,1,0,2,,,,1,,,,,0,0,Florida,32816,2,Florida,Miami,3,3,4,7,3,3,,,,,,1,2,2,,,,,,,,,
66e737f9488d4cdf41f0564b,7/27/25 12:17,1168,,,1,,19,1,5,,1,5,,1,1,,,,,,7,,,1,1,1,5,2,1,5,5,5,5,4,4,1,1,1,1,1,2,1,1,2,1,0,1,2000,65000,2,185000,20000,170000,280000,2,400000,40000,200000,1,400000,1,350000,9,8,0,0,2,0,0,2,2,1,2,5,4,3,2,3,1,3,3,1,2,3,5,5,1,,,,,1,0,3,1,,,1,,,1,,1,1,Texas,,3,Texas,75201,3,0,3,7,1,3,,,1,,,,2,3,,,1,,,,,,
65b3d48c4c38f1af52985340,7/27/25 12:21,653,,,.80000001,,22,1,5,1,,4,,,,1,,,,,7,1,,,1,2,5,3,2,5,5,5,5,3,3,2,2,1,1,-1,1,2,1,3,2,0,0,2000,60000,1,80000,40000,50000,,,,,50000,0,70000,0,70000,2,1,0,0,2,0,0,0,4,4,1,5,3,2,4,3,1,4,3,2,2,2,3,5,1,,,1,,,0,0,,,1,,,,1,,1,0,Colorado,80603,2,Colorado,Denver,3,0,3,3,6,4,,,,,,1,3,3,1,,,,,,,,
665d3114b596a3558adc1bf7,7/27/25 12:22,981,,,1,,22,0,5,,1,4,,1,,,,,,,6,,,1,2,2,5,4,5,5,4,3,4,4,4,2,3,1,1,3,2,2,3,2,3,1,1,20000,60000,2,60000,40000,,100000,2,100000,80000,50000,1,80000,1,100000,5,5,0,0,2,0,0,0,4,1,2,5,4,3,3,4,2,2,4,2,2,2,3,4,,1,,,,1,0,3,,,,,,,1,,1,1,Pennsylvania,18337,1,Pennsylvania,Milford ,1,0,3,6,3,3,,1,,,,,2,3,1,,,,1,,,,
671e4ee2ee4630edd77cfc0c,7/27/25 12:23,1082,,,1,,24,0,1,1,,3,,,,,,,,,4,,1,,2,2,4,5,5,1,1,2,2,1,5,3,4,2,3,3,2,2,3,4,4,1,0,75000,300000,2,10000000,100000,,,,,,75000,1,350000,1,500000,3,3,0,2,2,0,0,0,3,2,5,4,1,3,4,3,4,1,5,3,2,1,2,2,1,,,,,1,1,-1,,,,,,,1,,1,1,Virginia,20136,2,Virginia,Manassas ,2,0,6,6,,9,1,,,,,,1,1,,1,,,1,,1,,
67042cdf06ed4052bdf44c07,7/27/25 12:25,1158,,,1,,27,0,4,1,,2,,,,,,,1,,5,,1,,4,4,4,3,5,5,3,1,4,1,2,1,2,4,1,3,2,1,3,2,2,0,1,0,60000,2,80000,40000,60000,150000,2,200000,90000,150000,1,150000,1,120000,3,2,0,0,2,0,0,0,2,1,2,3,4,5,2,4,2,3,2,2,2,2,4,3,,1,,,1,,3,5,1,,1,,,,1,,1,1,Arizona,85365,1,Arizona,yuma ,1,0,4,7,7,7,,,,,1,,2,1,,1,,,1,,,,
663ad2d5d92d22a37afbd98a,7/27/25 12:28,908,,,.80000001,,20,1,4,,1,2,,,,,,1,,,6,1,,,1,4,5,2,1,3,4,4,3,2,3,2,3,2,1,3,3,1,1,1,2,0,1,200,80000,2,100000,25000,50000,100000,2,120000,40000,50000,0,100000,1,100000,1,2,0,0,2,0,0,0,4,2,1,3,5,4,4,2,1,3,1,1,2,2,2,2,1,,,,,1,0,2,,,,1,,,,,1,0,New York,11726,3,New York,Copiague,3,2,4,7,1,1,,,,1,,,2,2,1,,,,,,,,
67527a2a17b70a1841d74af4,7/27/25 12:31,727,1,1,.80000001,,24,1,5,1,,3,,,,,,,,,3,1,,,1,1,5,1,1,5,5,4,5,1,1,1,2,1,2,1,1,3,2,1,2,0,1,12000,70000,1,82000,50000,54000,78000,1,100000,60000,75000,0,1000000,0,100000,1,3,0,2,2,0,2,2,3,1,5,2,4,3,4,1,2,2,5,1,4,4,4,5,1,,,1,,,0,0,,,,1,,,1,,1,1,Kentucky,40475,2,Kentucky,Louisa,1,4,6,6,6,,1,,,,,,3,3,1,,,1,,,,1,
66d0e8813c0a69291c362cba,7/27/25 12:32,1246,,,.89999998,,24,1,2,1,,3,,,,,,,,,1,,1,,5,3,5,5,5,5,5,1,5,1,5,5,5,5,3,3,3,5,5,5,5,0,1,3000,200000,3,200000,100000,70000,500000,3,500000,250000,20000,0,45000,0,60000,6,6,0,0,0,0,0,2,5,1,4,3,5,2,5,5,5,1,5,1,1,1,1,2,1,,,,,1,0,0,,,,1,,,1,,1,0,Florida,33160,2,Florida,Sunny isles ,2,0,2,2,2,2,,,,,,1,2,2,,1,,,1,,,,Awesome thank you!
674fcc8a3dba77858ab948d8,7/27/25 12:32,2604,,,.89999998,,19,1,3,,1,4,,1,,,,,,,5,,1,,3,3,4,2,2,3,4,3,2,3,4,4,4,5,2,2,2,4,3,4,4,1,1,65000,150000,3,150000,80000,,150000,1,80000,70000,100000,1,150000,1,80000,3,1,0,0,2,0,0,0,5,1,5,2,3,4,3,2,4,2,3,4,3,3,3,3,1,,,,1,,0,3,,,,1,,,,,1,1,California,94601,3,California,Berkeley,2,3,4,6,3,3,,1,,,,,2,2,,1,,,1,,,,
5e915da7facc7d49cefdb6d3,7/27/25 12:34,649,,,1,,28,1,5,,1,3,,,,,,,,,5,,1,,2,1,5,1,1,5,5,4,5,2,3,2,3,2,1,2,1,3,3,3,2,1,0,30000,80000,1,150000,0,,,,,,60000,0,60000,0,60000,5,1,0,0,0,0,0,0,5,2,1,5,4,3,2,3,2,2,4,2,2,2,2,4,1,,,,,1,0,-1,,,,,,,1,,1,1,New Jersey,08559,1,New Jersey,Flemington,3,0,5,5,3,3,1,,,,,,3,3,1,,,1,,,,,
67201c693c662a92a49f32a7,7/27/25 12:36,1103,,,1,,19,1,5,1,,1,,,,,,1,1,,6,,1,,1,1,5,2,1,5,5,5,5,4,2,1,3,4,2,3,3,5,3,4,3,0,1,400,120000,3,90000,65000,75000,100000,2,85000,78000,80000,1,85000,1,85000,3,6,0,0,2,0,0,0,4,1,3,2,4,5,5,3,3,2,4,4,1,3,1,2,1,,,,,1,0,3,,,1,1,,,,,1,1,Florida,32234,1,Florida,Jacksonville,2,3,4,7,9,6,,,,1,,,2,3,1,,,,,,,,
6582fe64cab02af18e318c0f,7/27/25 12:39,771,,,.60000002,,25,1,4,,1,4,,1,,,,,,,5,1,,,2,4,5,2,2,5,4,2,3,1,1,3,2,4,2,3,1,2,2,2,3,0,1,45000,1000000,2,350000,250000,200000,1000000,3,500000,350000,300000,1,450000,1,500000,2,2,0,0,0,0,0,0,2,3,2,4,5,1,3,5,3,3,4,2,2,2,2,4,,1,,,,1,0,2,,,,1,,,,,1,0,Massachusetts,02124,3,Massachusetts,Boston,3,3,6,7,3,2,1,,,,,,2,2,1,,,1,,,,,
614e480621f3b7c9992fe1ee,7/27/25 12:43,875,,,1,,28,1,4,,1,3,,,,,,,,,5,,1,,1,2,5,2,2,3,3,4,4,2,4,2,4,2,1,-1,2,3,3,3,2,1,0,55000,70000,1,100000,40000,,,,,,55000,0,85000,0,90000,2,1,0,2,2,0,0,0,2,3,5,4,2,1,4,3,4,2,3,2,2,1,3,4,1,,,,,1,0,-1,,,,,,,1,,1,1,Michigan,48313,2,Michigan,Plymouth,2,0,4,4,7,5,1,,,,,,3,2,1,,,1,,,,,"At the start of the survey, I believe there is a question asking whether you support changed towards the wealth gap. The follow up question asks why do you now have more support."
5a7d01a4b093f80001a79252,7/27/25 12:47,500,,,.89999998,,22,1,5,1,,5,,,,1,,,,,4,,1,,1,1,5,1,1,5,5,5,5,1,1,1,2,1,-1,-1,-1,1,1,2,2,0,1,3000,60000,1,90000,30000,60000,120000,1,140000,50000,70000,1,80000,0,50000,1,4,0,0,0,0,0,0,4,1,2,3,5,4,4,1,2,4,2,3,3,2,3,5,1,,,,,1,0,1,,1,,,,,,,0,0,Virginia,20155,2,Virginia,Manassas,2,0,6,6,1,3,,,,,,1,3,3,1,,,,,,,,
66541be4b45de05734e7129a,7/27/25 12:48,934,,,.89999998,,30,1,5,,1,5,,,,1,,,,,1,1,,,1,1,2,4,1,5,5,5,5,1,4,2,3,1,1,1,1,1,3,3,4,1,1,120000,250000,3,300000,220000,,320000,2,350000,250000,90000,,,0,200000,10,6,2,2,2,0,0,2,3,1,2,4,5,3,4,4,5,2,3,4,2,2,2,4,1,,,1,,,0,0,,,,,,,1,,1,0,California,90012,3,California,fontana,2,0,6,7,3,1,1,,,,,,2,2,,,1,,,,1,,
65f0874de96e5182803f3ca4,7/27/25 12:49,783,,,1,,26,1,5,1,,5,,1,,,,,,,5,1,,,1,2,5,3,1,4,5,5,5,1,2,2,2,1,1,2,2,1,3,4,1,0,1,38000,120000,2,150000,70000,68000,200000,2,220000,170000,120000,0,130000,0,140000,7,1,0,0,2,0,0,0,4,1,3,2,5,4,5,2,2,3,4,3,2,3,2,5,,,1,1,,,0,0,,,,1,,,,,1,0,Kansas,67203,3,Florida,Miami,3,0,7,7,4,7,,,,,,1,3,3,1,,,1,,,1,,
66a641fad795279aac9120b8,7/27/25 12:51,773,,,1,,29,1,5,,1,3,,,,,,,,,5,,1,,2,1,4,3,2,5,5,5,5,3,5,1,1,1,1,1,2,2,3,2,1,0,0,40000,60000,2,70000,40000,40000,,,,,60000,1,70000,1,70000,1,4,0,0,2,0,0,0,3,2,1,4,5,3,1,2,2,4,2,1,2,2,3,5,1,,,,,,0,2,,,,,,,1,,1,0,Nevada,89031,3,Nevada,Las Vegas ,3,0,4,4,2,3,1,,,,,,2,3,,,,,,,,,
678565da5154c76839d50792,7/27/25 12:53,721,,,1,,19,1,2,1,,4,,,1,,,,,,5,1,,,4,2,5,2,3,4,2,2,5,4,3,2,5,2,2,3,1,4,5,1,3,0,1,1000,100000,2,125000,75000,90000,90000,1,100000,75000,105000,1,105000,1,110000,4,2,0,2,2,0,0,0,2,3,1,4,5,2,4,1,2,2,4,2,1,1,1,1,,1,,,,1,0,1,,,,,,,1,,1,1,West Virginia,No comment,1,West Virginia,No comment,1,3,4,9,7,6,,,,1,,,2,2,,,,,,,,,
6758a78b2b52d5e08173d97e,7/27/25 13:05,1592,,,.89999998,,27,1,1,1,,3,,,,,,,,,1,1,,,5,3,4,3,3,5,1,3,3,2,-1,3,4,-1,3,3,3,-1,-1,3,3,0,1,45000,150000,3,65000,35000,75000,500000,3,100000,50000,100000,1,200000,1,200000,5,5,0,0,0,0,0,0,2,1,3,5,4,2,3,3,5,1,4,4,3,1,2,3,1,,,,,1,0,4,,,1,,,,,,1,1,Virginia,22203,2,Georgia,helen,2,0,6,7,,,1,,,,,,2,2,,1,,,,,,,
657f3a66df3541eb1ec10d66,7/27/25 13:08,552,,,.80000001,,27,1,5,,1,4,,1,1,,,,,,7,1,,,1,1,5,3,1,5,5,5,5,1,1,1,2,1,1,1,1,2,2,4,4,1,1,38000,60000,1,85000,25000,,90000,1,14000,53000,50000,0,50000,0,55000,1,1,0,0,2,0,0,0,4,1,2,4,5,3,5,1,4,2,1,2,3,2,2,4,1,,,,,1,0,0,,,,,,,1,,0,1,Pennsylvania,15650,1,Pennsylvania,Punxsutawney,1,4,6,7,3,3,1,,,,,,3,3,1,,,1,,,,,
66dfca96a81711e53679ad4b,7/27/25 13:09,1152,,,.89999998,,20,0,4,1,,2,,,,,,1,,,6,1,,,1,2,4,3,2,5,4,4,4,2,2,2,3,2,1,2,2,2,3,2,3,0,1,0,40000,1,40000,35000,50000,80000,1,80000,65000,45000,1,55000,0,60000,5,5,2,2,2,0,0,2,2,2,4,1,5,3,4,3,4,3,3,1,2,2,3,4,,1,,1,,,1,2,,,,1,,,,,1,0,Texas,75150,3,North Carolina,Salisbury,2,0,3,6,1,,,,,,1,,2,3,1,,,1,,,,,"Everything was easy to understand and the survey wasn’t too long or short, just right!"
664fcc22e5b93d906600cc77,7/27/25 13:12,499,,,1,,24,1,5,1,,4,1,,,,,,,,5,,,1,1,1,4,5,1,4,4,3,5,2,3,2,3,2,2,2,2,2,2,3,2,0,0,16000,80000,2,120000,70000,70000,,,,,80000,1,100000,1,100000,1,2,0,0,0,0,0,0,4,1,4,5,2,3,3,2,3,3,3,1,3,2,2,3,1,,,,,1,0,2,,,,1,,,,,1,1,California,95356,2,California,Modesto ,2,0,4,6,3,2,,,,,,1,3,2,,,,,,,,,
5c49d7e81d71af000187175e,7/27/25 13:20,912,,,1,,26,0,5,,1,3,,,,,,,,,5,,1,,1,1,4,5,1,5,5,4,5,4,3,1,1,1,1,1,1,1,1,2,1,0,1,30000,50000,1,60000,30000,65000,90000,1,80000,70000,80000,0,80000,0,80000,5,5,0,2,2,0,0,0,2,2,1,5,4,3,4,3,3,4,2,1,4,4,4,4,1,,,,,1,0,0,,,,,,,1,,1,0,Florida,34135,2,Florida,Vero Beach,2,3,4,7,4,3,1,,,,,,2,2,,1,,1,,,,,
60e7639e8eca5490df1e412e,7/27/25 13:24,939,,,1,,26,1,5,1,,5,,1,,,,,,,7,,,1,1,2,5,2,2,5,5,4,4,4,4,1,2,1,-1,3,-1,3,3,3,3,0,1,6000,35000,2,35000,25000,47000,45000,2,45000,40000,50000,0,50000,1,55000,1,1,0,0,0,0,0,0,5,4,1,5,2,3,4,3,4,2,4,4,3,2,2,4,1,,,,,1,0,-1,,,,1,,,,,1,0,Florida,32712,2,Florida,Apopka,2,0,5,6,3,5,,1,,,,,3,3,1,,,1,,,,,
66ec53081cee4673ae883dce,7/27/25 13:30,1326,,,.80000001,,29,0,3,,1,3,,,,,,,,,5,,,1,1,2,4,5,3,-1,4,1,2,1,1,3,3,5,2,2,2,3,3,4,3,0,1,72000,20000,3,20000,150000,98000,150000,3,150000,130000,120000,1,150000,1,300000,1,2,0,0,0,0,0,0,5,2,3,1,5,4,3,4,5,1,4,4,2,1,3,3,1,,,1,,,2,3,,,,1,,,,,1,0,California,93307,3,California,Bakersfield ,3,4,6,8,6,7,1,,,,,,1,1,,1,,,1,,,,
5ead45a386fbbe3c8eebe510,7/27/25 13:34,2682,,,1,,28,1,3,1,,4,,1,1,,,,,,6,,1,,1,2,5,5,2,5,4,4,5,2,5,3,4,2,2,3,2,2,3,2,3,0,1,3500,120000,2,100000,70000,55000,180000,2,130000,95000,95000,1,75000,1,100000,3,3,0,0,2,0,0,0,4,2,1,3,5,4,5,3,4,1,3,2,3,2,2,3,1,,,,,1,0,2,,,,1,,,,,1,1,New York,10027,3,New York,New York city ,3,0,6,6,6,3,,,,,,1,1,2,,1,,,1,,1,,N/A
5efa1bb524786e0cee5c9a7e,7/27/25 13:42,693,,,1,,24,1,4,,1,2,,,,,,1,1,,5,,,1,2,1,5,2,2,5,5,5,5,3,4,2,2,2,2,-1,2,3,2,3,3,0,1,324,212,3,500,400,6824,5673,1,7000,2789,5775,0,7543,0,5677,4,10,0,0,0,0,0,0,4,3,2,1,5,4,5,1,3,3,2,3,3,2,2,4,1,,,,,1,0,0,,,,1,,,,,1,0,California,91335,2,California,Van Nuys ,3,0,6,6,4,1,,,,,,1,3,3,1,,,1,,,,,Everything was good 
5e1553fd1e2e58b6448d8dcc,7/28/25 10:01,774,,,1,,25,1,4,1,,4,,1,,,,,,,6,1,,,2,3,4,3,3,4,4,2,4,-1,4,2,3,2,2,2,2,3,3,4,3,0,1,10000,60000,2,55000,50000,30000,55000,2,40000,25000,60000,1,65000,1,65000,5,5,0,2,2,0,2,2,4,3,5,2,4,1,5,1,3,1,3,4,1,1,2,4,1,,,,,1,0,2,,,,,,,1,,1,1,Ohio,43116,1,Ohio,Granville,2,3,5,6,6,7,,1,,,,,2,2,,1,,,1,,,,
5f62c1eea3901f34d53e1c18,7/28/25 10:02,830,,,1,,26,1,3,1,,5,,1,,,,,,,2,,,1,3,4,3,4,1,5,2,2,4,5,2,1,2,-1,3,2,-1,4,3,2,3,1,1,25000,100000,2,500000,100000,,100000,2,200000,100000,25000,1,50000,1,40000,9,3,0,2,2,2,2,0,2,4,3,5,1,2,2,3,2,4,4,3,3,3,3,4,1,,,,,1,0,1,,,,,,,1,,1,1,California,90213,2,California,california,2,0,6,7,3,4,1,,,,,,2,2,,1,,,,,,,none
66820119108801ca52c437e0,7/28/25 10:02,811,,,1,,23,1,4,1,,4,,,1,,,,,,5,,,1,4,2,5,3,2,4,4,4,3,2,4,1,2,3,2,2,2,2,2,2,2,0,1,12000,50000,2,70000,25000,65000,80000,1,150000,60000,100000,1,125000,1,125000,3,3,0,2,2,0,0,0,2,4,3,5,1,2,4,3,2,1,3,1,2,2,2,4,,1,,,,1,0,4,,,,,,,1,,1,1,Massachusetts,02302,3,Massachusetts,Brockton,3,3,4,7,3,3,,,,1,,,2,2,,,,,,,,,
6691b19c652c71382084ba47,7/28/25 10:03,576,,,1,,19,0,4,1,,4,,1,,,,,,,5,,,1,4,4,5,4,3,2,3,2,5,-1,4,3,3,5,3,3,3,3,3,3,3,0,1,0,60000,2,80000,60000,0,75000,2,80000,60000,50000,0,50000,0,50000,1,1,0,0,2,0,0,0,3,1,3,2,5,4,4,3,3,1,4,3,3,1,1,1,1,,,,,1,0,0,,,,,,,1,,1,1,Florida,3276,2,Florida,Pembroke Pines,2,3,3,6,7,7,,,,1,,,1,1,,1,,,,,,1,
63e5242d0f2f6cbb94a848d8,7/28/25 10:03,2504,,,1,,28,1,5,1,,4,,1,,1,,,,,3,1,,,1,2,4,4,-1,5,5,4,5,2,-1,2,5,-1,1,2,1,2,2,4,1,0,1,1000,70000,1,100000,40000,150000,250000,1,300000,175000,220000,0,250000,0,250000,6,1,0,0,2,0,0,0,2,4,1,3,2,5,4,4,2,3,4,1,3,2,2,4,,1,,,1,,0,-1,,,,,,,1,,1,1,Connecticut,06053,2,Connecticut,Rocky Hill,2,0,6,6,9,5,,,,,,1,3,3,,,,,,,,,
67d29a840debd6b228515177,7/28/25 10:03,1622,,,1,,20,0,4,1,,4,,1,1,,,,,,6,1,,,2,1,5,4,3,4,4,1,3,3,3,4,4,5,3,3,3,3,3,3,2,0,1,25999,200000,2,250000,10000,149000,1000000,2,1000000,500000,200000,1,200000,1,250000,5,5,0,0,0,0,0,0,2,1,5,2,4,3,3,4,5,3,3,2,2,2,2,3,1,,,,,1,0,3,,,1,,,,,,1,1,Georgia,30144,2,Georgia,Kennesaw,2,3,6,6,8,8,,1,,,,,3,3,1,,,,,,1,,
63d7b8300d394f89cf5ea6ef,7/28/25 10:03,516,,,1,,26,1,5,1,,5,,,,1,,,,,6,,1,,1,1,4,2,1,5,5,5,5,1,1,2,3,1,2,2,1,4,3,3,3,0,1,88000,200000,2,160000,140000,183500,350000,2,400000,220000,170000,0,175000,0,190000,1,1,0,2,2,0,0,0,2,1,4,2,3,5,3,2,5,2,4,1,2,2,2,4,1,,,,1,,0,0,,,,,,,1,,1,1,Illinois,60610,3,Wisconsin,Neenah,2,0,6,7,7,6,1,,,,,,3,3,1,,,1,,,,,
60fcd92780d0ec62027ed113,7/28/25 10:03,770,,,1,,27,1,5,1,,4,,1,1,1,,,,,7,1,,,1,1,5,-1,1,5,5,5,5,1,1,2,3,1,2,2,2,3,3,3,3,0,1,35000,90000,2,120000,20000,110000,250000,2,320000,150000,100000,0,120000,0,140000,1,1,0,0,2,0,0,0,3,1,2,4,5,3,2,5,4,3,3,2,3,3,3,4,1,,,1,,,0,0,,,,,,,1,,1,1,Virginia,23666,3,Alabama,Enterprise,2,0,6,7,6,6,,,1,,,,3,3,1,,,1,,,1,,
66c6ddcdd9527f93c31ccd32,7/28/25 10:03,1072,,,1,,20,1,5,1,,4,,,,1,,,,,7,1,,,1,2,5,2,2,5,5,5,5,2,3,2,3,1,2,2,1,3,3,3,2,0,1,12000,67000,2,98000,56000,112000,125000,1,122000,97100,125000,0,125000,0,150000,1,5,0,2,2,0,0,2,4,1,2,3,4,5,5,5,3,1,5,1,2,2,2,2,1,,,,,1,0,0,,,,1,,,,,0,0,California,95687,3,California,Vacaville,3,3,5,6,1,1,,1,,,,,2,3,1,,,,,,,,
61016a44fcaae5d80977fa72,7/28/25 10:04,702,,,1,,26,1,5,1,,3,,,,,,,,,4,,,1,1,1,5,4,2,5,4,4,4,4,4,2,2,1,1,1,1,3,3,2,2,1,1,25000,25000,2,50000,25000,,30000,2,50000,25000,40000,1,50000,1,50000,1,1,0,0,2,0,0,0,5,2,1,3,4,5,4,1,4,3,2,1,1,2,5,5,,1,,,1,,1,1,,,,,,,1,,1,1,Texas,78641,2,Texas,Leander,2,0,4,4,3,3,1,,,,,,2,2,,,,1,,,,,
6683fb33cc602af8407e62e9,7/28/25 10:04,1477,,,1,,28,1,5,1,,5,,,,1,,,,,6,,1,,1,2,5,3,3,5,5,4,5,1,1,1,2,2,2,2,2,2,2,2,3,1,1,65000,100000,2,100000,85000,,100000,2,100000,85000,85000,0,90000,0,100000,6,6,2,2,2,0,1,1,4,1,3,2,4,5,1,1,5,2,3,2,2,1,1,3,,1,,,,1,0,-1,,,1,,,,,,1,1,Texas,77009,3,Alabama,Anniston,3,0,6,7,4,4,1,,,,,,3,3,1,,,1,,,,,
67ad53065afaad18aeba0d73,7/28/25 10:04,821,,,1,,29,0,4,1,,2,,,,,1,,,,7,,1,,2,2,5,4,2,5,4,4,5,3,4,2,3,2,3,3,3,2,2,2,4,0,1,80000,100000,2,120000,90000,110000,200000,2,220000,150000,100000,1,110000,1,120000,10,6,0,0,2,0,0,0,4,2,4,5,1,3,2,2,4,2,5,2,1,2,2,1,,1,,1,,,3,3,,,,,,,1,,1,1,Florida,33813,2,Florida,Lakeland,2,0,6,7,3,3,,1,,,,,1,2,,1,,,1,,,,
663e3c2870a87bac315ac450,7/28/25 10:04,507,,,1,,28,1,5,1,,4,,,1,,,,,,7,1,,,1,1,5,2,1,5,5,5,5,1,2,3,4,2,3,2,3,1,3,3,4,0,1,69250,105000,2,120000,85000,107000,155000,2,175000,125000,100000,0,110000,0,120000,4,2,2,2,2,0,2,2,2,1,2,5,4,3,4,1,5,2,2,3,2,2,2,1,,1,,,1,,0,0,,,,,,,1,,1,1,New York,12208,3,New York,Guilderland,2,4,6,7,7,6,1,,,,,,3,3,1,,,1,,,,,
606492360e422d12dc63000e,7/28/25 10:05,433,,,1,,28,1,5,1,,4,,,1,,,,,,7,,,1,1,1,5,2,1,5,5,5,5,1,1,1,2,1,3,3,3,3,1,4,2,0,1,15000,80000,3,125000,60000,30000,175000,3,250000,100000,50000,1,100000,1,150000,3,2,0,2,2,0,2,2,2,1,5,2,4,3,3,2,4,2,4,3,2,1,1,3,1,,,,,1,0,2,,,,,,,1,,1,1,Ohio,44106,3,Michigan,ann arbor,2,4,7,7,8,9,,1,,,,,3,3,1,,,1,,,,,
6101912747b5c19f6ddd2d51,7/28/25 10:05,841,,,.89999998,,24,0,4,1,,4,,,1,,,,,,7,,,1,1,2,4,3,2,5,4,2,-1,1,1,2,3,2,2,3,2,3,2,3,3,1,1,41000,60000,2,51000,41000,,60000,2,80000,41000,45000,1,50000,1,50000,5,5,2,2,2,0,2,2,4,2,4,1,5,3,4,1,5,1,3,2,3,2,2,4,,1,,,,1,0,2,,,,,,,1,,1,1,Arkansas,72114,3,Texas,Waco,2,0,6,6,7,4,1,,,,,,2,3,,,,1,,,,,
610029996e066062efad0014,7/28/25 10:05,897,1,,.2,,23,1,5,1,,3,,,,,,,,,7,,1,,1,1,5,5,1,5,5,5,5,1,1,2,2,2,2,2,2,2,1,4,3,1,1,36000,80000,2,72000,50000,,80000,2,72000,50000,60000,0,60000,1,90000,6,3,0,0,0,0,0,0,4,2,3,5,4,1,4,1,4,1,2,1,1,4,4,5,,1,,,,1,0,2,,,1,,,,,,1,1,North Carolina,27409,2,New York,Buffalo,3,4,6,8,5,6,1,,,,,,3,3,1,,,1,,,1,,
6107c50be2e5dbf6274d4657,7/28/25 10:06,915,,,1,,21,1,5,1,,4,1,,,,,,,,6,1,,,1,2,5,-1,2,5,4,3,4,2,3,1,2,1,1,1,1,3,3,3,2,0,1,10000,50000,1,50000,30000,40000,100000,1,100000,50000,100000,0,100000,1,100000,1,1,0,2,2,0,0,2,4,1,2,3,5,4,5,3,2,2,3,2,1,1,3,5,1,,,,,1,0,1,,,,1,,,,,1,0,California,90059,3,California,Los Angeles ,3,3,4,6,3,3,,,,1,,,2,2,,,,,,,,,Thank you
66761014248745abaaef1b35,7/28/25 10:06,1145,,,1,,22,1,5,1,,3,,,,,,,,,3,1,,,1,-1,5,2,2,5,4,4,5,2,1,2,3,1,3,3,1,2,-1,2,3,0,1,5000,5000000,2,7000000,1000000,150000,10000000,2,12000000,9000000,80000,1,300000,1,500000,10,2,0,0,0,0,0,0,4,1,2,4,5,3,5,5,1,2,2,1,3,4,2,2,,1,,,,1,0,2,,,1,,,,,,1,1,New York,,3,New York,,3,0,5,6,4,,,,,,1,,3,3,1,,,1,,,,,
654fbd224eaf197c8678bd57,7/28/25 10:06,1162,,,1,,29,1,5,1,,3,,,,,,,,,5,,,1,2,-1,5,-1,-1,4,4,4,-1,1,2,2,3,2,2,2,2,-1,-1,2,4,0,1,125000,140000,2,145000,135000,180000,200000,1,220000,185000,130000,0,130000,0,130000,1,5,0,0,2,0,0,0,3,2,3,5,4,1,4,1,5,1,3,4,1,1,1,3,,1,,,,1,0,0,,1,,,,,,,1,0,California,92683,2,California,Westminster,2,0,7,7,,,1,,,,,,3,3,1,,,1,,,,,
6111a3c2baa949663a203b03,7/28/25 10:07,494,,,1,,25,1,5,1,,5,,1,,,,,,,6,1,,,2,3,5,2,4,5,5,5,5,5,1,2,3,1,1,2,-1,1,1,2,2,0,1,12000,30000,1,20000,10000,10000,40000,2,40000,20000,50000,1,70000,1,80000,6,5,0,2,2,0,0,2,3,5,4,3,1,2,5,4,2,3,2,2,4,5,4,5,,1,,,1,,0,2,,,,1,,,,,1,1,Texas,77706,2,Texas,Beaumont,2,0,6,7,5,3,,,1,,,,3,3,1,,,1,,,,,
55b53a3cfdf99b3b1a562baf,7/28/25 10:07,774,,,1,,28,1,5,1,,4,,1,1,,,,,,6,,,1,1,1,5,1,2,5,5,5,5,1,2,1,2,2,2,2,1,2,2,3,2,0,1,2000,24000,1,2400,2000,23000,30000,1,40000,12000,24000,0,24000,0,24000,1,1,0,2,2,0,0,0,4,1,2,5,4,3,5,2,4,3,3,2,3,2,4,5,,1,,,1,,0,0,,,,,,,1,,1,1,Washington,98043,2,Nevada,Las Vegas,2,0,5,5,3,3,,,,,,1,3,3,1,,,1,,,,,
609371fc24c531563322d57c,7/28/25 10:08,542,,,.89999998,,29,0,3,1,,2,,,,,,,1,,3,1,,,2,4,5,4,2,2,2,2,2,1,4,1,3,2,2,2,1,3,3,1,2,0,1,52000,65000,2,80000,55000,80000,100000,1,150000,90000,50000,0,65000,0,65000,1,1,0,0,0,0,0,0,4,1,3,5,4,2,4,3,2,2,3,3,2,2,3,4,1,,,,,1,0,0,,,,,,,1,,1,1,Maryland,21224,3,Maryland,Baltimore,3,0,3,3,3,3,1,,,,,,1,1,,,,,,,,1,
5e8bbb3680cbf20986c677e1,7/28/25 10:08,1018,,,1,,27,1,5,1,,3,,,,,,,,,7,1,,,1,1,3,3,1,5,5,4,5,2,4,1,2,2,2,2,3,3,4,3,3,0,1,75000,110000,2,175000,70000,150000,250000,1,350000,140000,75000,1,100000,1,120000,5,1,2,2,2,0,2,2,2,1,2,4,5,3,2,2,2,4,1,4,4,2,2,3,1,,,,,1,0,2,,,,,,,1,,1,1,New Jersey,07034,2,New Jersey,Bound Brook,2,0,6,6,7,4,1,,,,,,2,2,1,,,1,,,,,
664e2d4a26686cecdfd660eb,7/28/25 10:08,520,,,.89999998,,28,0,2,1,,2,,,,,,1,1,,1,1,,,5,5,5,4,5,1,1,1,1,1,5,5,5,4,2,3,2,5,2,4,1,0,1,13000,25000,1,35000,13000,54000,85000,1,100000,55000,75000,1,85000,1,95000,2,3,2,2,2,0,0,2,2,1,3,2,4,5,5,2,4,2,4,3,2,1,2,4,1,,,1,,,3,-1,,,,,1,,1,,1,1,New Jersey,08701,2,New Jersey,lakewood,2,5,7,8,3,7,,,,1,,,1,1,,1,,,1,,1,,
62ba10d2cd9577af0d8744bb,7/28/25 10:09,1266,,,1,,26,1,5,1,,5,,1,,,,,,,5,,,1,2,4,5,2,1,5,5,4,5,4,1,2,3,2,1,2,1,2,2,2,3,1,1,39000,45000,2,42000,36000,,45000,2,43000,40000,45000,0,45000,0,45000,3,3,0,0,2,0,0,0,4,1,4,2,5,3,4,1,4,3,3,3,2,2,3,1,,1,,,,1,0,0,,,,,,,1,,1,1,Georgia,30906,2,Georgia,Augusta,2,0,3,4,3,3,1,,,,,,3,3,1,,,1,,,,,
6116f60ae8f48f7d1244e8d3,7/28/25 10:09,511,,,1,,25,1,5,1,,3,,,,,,,,,4,,1,,1,1,5,1,1,5,5,4,5,1,2,1,2,1,1,1,1,3,2,2,1,1,1,15000,25000,1,40000,20000,,50000,1,60000,20000,30000,1,30000,0,50000,1,1,0,0,2,0,0,0,3,2,1,4,5,3,3,2,2,3,2,2,2,1,3,5,,1,,,1,,0,0,,,,,,,1,,1,1,Illinois,62320,2,Utah,Ogden,2,0,5,6,6,4,,,1,,,,3,3,,,,,,,,,
5f1effba0d1bdb07fc88147d,7/28/25 10:09,378,,,1,,23,1,5,1,,4,,1,1,,,,,,5,,,1,1,2,5,1,1,4,5,5,5,1,1,2,3,1,2,2,2,2,3,4,4,1,0,40000,100000,2,150000,90000,,,,,,85000,0,100000,0,110000,1,1,0,0,2,0,0,0,4,1,2,4,5,3,3,3,5,2,4,1,2,4,2,5,,1,,,,1,0,0,,,,,,,1,,1,1,Florida,33607,3,Minnesota,Minneapolis,3,3,6,7,6,7,1,,,,,,3,1,,,,1,,,,,
60dbf4d94a3b5564b68881e8,7/28/25 10:10,912,,,1,,25,1,5,1,,3,,,,,,,,,7,1,,,1,1,5,4,2,5,5,5,5,5,2,1,2,1,1,1,1,1,1,1,2,0,1,15000,30000,1,50000,25000,55000,60000,1,80000,45000,150000,0,130000,0,150000,1,1,0,0,0,0,0,0,4,3,1,5,4,2,4,3,4,2,4,1,2,2,3,5,,1,,,,1,0,0,,,,,,,1,,1,1,North Carolina,28606,1,North Carolina,Lenoir,1,3,5,6,7,3,1,,,,,,3,3,1,,,,1,,,,
62b23ec52d823af70d023ca2,7/28/25 10:11,682,,,1,,24,1,5,1,,4,,1,1,,,,,,6,1,,,1,2,5,1,1,5,5,4,5,1,2,1,2,2,2,2,2,1,2,3,3,0,1,3500,60000,2,75000,50000,60000,90000,1,140000,70000,50000,0,60000,0,70000,1,1,0,2,2,0,0,2,4,1,2,5,4,3,4,2,4,3,4,2,2,2,2,4,1,,,,,1,0,-1,,,,1,,,1,,1,0,Texas,78566,2,Illinois,Carpentersville,2,3,4,7,3,4,,,,1,,,3,3,1,,,1,,,,,Interesting survey. 
6562421abbbe0dc4b89ad4ff,7/28/25 10:14,491,,,.89999998,,29,1,5,1,,3,,,,,,,,,7,1,,,1,1,5,-1,1,5,5,5,5,2,2,1,1,1,1,1,1,2,3,3,1,1,0,1500,1700,2,1300,1200,,,,,,40000,0,80000,0,80000,1,1,0,0,2,0,0,0,4,1,2,5,3,4,4,5,4,2,3,1,2,1,3,4,,1,,,,1,0,0,,,,,,,1,,1,0,Illinois,61103,2,Illinois,Rockford,2,0,4,4,5,6,,1,,,,,3,3,,,,1,,,,,
67214fff709291ea881e3bfe,7/28/25 10:15,733,,,1,,28,1,5,1,,5,,,1,,,,,,6,1,,,1,3,4,3,1,4,4,4,5,1,1,1,1,2,1,1,1,2,1,2,1,0,1,75000,120000,1,110000,70000,170000,210000,1,200000,180000,520000,0,200000,0,250000,10,10,0,2,2,0,0,0,2,1,3,2,4,5,3,2,3,3,3,1,3,3,4,5,1,,,,,1,0,0,,,,1,,,,,1,1,Texas,75217,3,Texas,dallas,3,0,4,7,3,3,1,,,,,,3,3,1,,,1,,,,,
67060fe66e701d6c177ef3c8,7/28/25 10:16,1813,,,.60000002,,24,1,5,1,,3,,,,,,,,,5,1,,,1,1,5,5,1,5,5,5,5,4,2,2,3,1,1,2,2,1,2,1,3,0,1,13000,50000,1,42000,33000,28000,60000,1,57000,40000,56000,1,56000,1,60000,1,1,0,2,2,0,0,0,3,2,1,3,5,4,3,3,4,3,3,2,1,1,2,5,1,,,,,1,0,2,,,1,,,,,,1,1,Nevada,89139,3,Nevada,las vegas,3,0,3,3,7,3,1,,,,,,3,3,1,,,,,,,,
670211aa7578cc81a0c41fb7,7/28/25 10:16,727,,,1,,29,0,4,1,,3,,,,,,,,,6,,,1,2,2,4,5,2,2,4,2,4,1,5,1,2,2,1,-1,1,2,2,2,2,0,1,1500,250000,2,60000,20000,25000,250000,2,80000,60000,65000,1,120000,1,120000,2,3,0,0,0,0,0,0,4,5,3,4,2,1,4,4,2,3,2,1,2,1,2,5,1,,,1,,,1,5,,,,1,,,,,1,1,California,92591,2,California,Loma Linda,2,0,5,5,3,1,,,,,1,,1,1,,1,,,1,,,,
6689408630ac864c8da58e9b,7/28/25 10:17,1436,,,1,,25,1,4,1,,4,1,,,,,,,,4,,1,,4,4,3,4,3,2,4,4,3,4,4,3,4,3,3,2,3,2,2,3,4,1,0,60000,70000,2,65000,45000,,,,,,50000,1,70000,0,75000,1,4,0,0,0,0,0,0,2,1,5,4,2,3,4,2,4,2,3,3,1,2,2,1,1,,,1,,,2,4,,,,1,,,,,1,0,New Jersey,08861,3,New Jersey,perth amboy,3,0,3,3,3,3,1,,,,,,1,1,1,,,1,,,,,
616202f3ca5b3ab47923ee80,7/28/25 10:17,523,,,1,,25,1,5,1,,5,,,,1,,,,,6,1,,,1,-1,5,4,-1,5,5,3,5,3,1,2,2,1,-1,3,1,3,3,3,2,0,1,30000,75000,1,60000,50000,70000,100000,1,70000,60000,150000,0,200000,0,200000,1,1,0,0,2,0,0,0,5,2,1,4,5,3,3,3,4,3,5,2,3,4,3,5,,1,,,1,,0,0,,,,,,,1,,1,1,California,91303,2,Massachusetts,North Reading,2,0,6,6,3,6,,,,,,1,3,3,1,,,1,,,,,
67437f7d325a6cb19d897be5,7/28/25 10:17,713,,,1,,26,1,3,1,,3,,,,,,,,,5,1,,,4,3,4,3,2,3,4,2,4,4,4,2,3,3,-1,2,2,2,2,2,3,0,1,0,35000,1,28000,20000,29000,45000,1,45000,40000,35000,0,45000,0,50000,2,1,0,0,0,0,0,0,4,1,3,2,5,4,4,3,3,3,2,1,1,3,4,5,,1,,,1,,2,2,,,,,,,1,,1,1,Missouri,64118,2,Missouri,Kansas city,2,0,3,3,3,3,,,,,1,,2,2,,,,,,,,,
6015cc8c9807116ee723287d,7/28/25 10:17,1212,,,1,,28,1,4,1,,3,,,,,,,,,6,,1,,3,3,5,5,4,2,4,4,3,4,3,3,3,2,2,2,2,3,3,4,4,0,1,20000,40000,2,80000,20000,92000,150000,2,200000,100000,80000,1,100000,1,120000,1,1,0,0,2,0,0,0,3,1,3,4,5,2,4,3,4,3,3,1,2,2,2,1,,1,,1,,,1,2,,,,,,,1,,1,1,North Carolina,27215,2,North Carolina,mebane ,2,0,6,6,4,5,1,,,,,,1,3,,1,,,,1,1,,
5efe29d315ba872fa20a9c3d,7/28/25 10:18,975,,,.60000002,,29,1,4,1,,4,,1,1,,,,,,6,,1,,1,1,5,2,1,5,5,4,5,1,2,1,2,1,1,2,2,2,2,2,3,1,1,39000,70000,3,60000,55000,,100000,2,90000,80000,60000,1,70000,1,70000,1,1,0,0,2,0,0,0,4,1,4,2,3,5,2,4,4,2,4,2,2,2,1,1,1,,,1,,,1,3,,,,,,,1,,1,1,California,95823,2,California,Sacramento,2,0,7,9,6,4,1,,,,,,3,3,1,,,1,,,,,
671dc9c239d6c9c60589d4b6,7/28/25 10:19,1058,1,1,.60000002,,28,1,5,1,,5,,1,1,,,,,,4,,,1,2,4,4,4,2,5,3,5,4,1,1,3,4,2,2,3,2,4,4,4,4,0,1,130000,160000,3,170000,135000,290000,320000,2,326000,295000,200000,1,250000,1,290000,3,4,0,0,0,0,0,0,3,1,3,2,5,4,4,5,5,2,4,4,1,1,3,1,,1,,1,,,2,3,,,,,,,1,,1,1,California,96084,3,California,"Round mountain, California ",3,0,8,8,6,6,1,,,,,,3,3,1,,,1,,,,,
66624715297a4b3c61f5b9af,7/28/25 10:20,913,,,1,,22,1,5,1,,5,,1,,,,,,,6,,1,,1,1,5,1,1,5,5,5,5,5,1,2,4,1,2,3,3,3,2,3,2,0,1,9000,105000,2,90000,75000,45000,200000,2,150000,125000,125000,0,170000,1,250000,5,5,0,2,2,0,0,0,2,2,3,4,5,1,5,1,2,4,3,2,3,4,4,5,,1,,,,1,0,3,1,,,1,,,,,1,0,Texas,78208,3,Texas,Laredo,2,0,6,7,3,6,,1,,,,,3,3,1,,,1,,,1,,
67bdfe37cfbaa2551141486a,7/28/25 10:22,1292,,,1,,27,0,3,1,,3,,,,,,,,,5,,1,,5,5,5,3,2,3,1,3,4,2,1,3,4,4,2,3,2,3,3,2,4,0,1,550000,800000,1,680000,400000,450000,850000,1,700000,400000,550000,1,850000,1,1000000,5,5,0,0,0,0,0,0,1,5,3,1,4,2,2,5,4,1,3,3,3,2,1,1,,1,,1,,,2,3,,,,,,,1,,1,1,New Jersey,07104,2,New Jersey,Newark,2,5,7,9,6,6,1,,,,,,1,1,,1,,,1,,,1,nil
62e174454a461d00781acfe1,7/28/25 10:24,1120,,,1,,26,1,5,1,,5,,1,,,,,,,2,,,1,1,1,4,5,2,5,5,4,5,1,2,3,4,1,1,-1,-1,1,1,2,3,0,1,45000,45500,2,85000,48000,75000,70000,2,80000,76000,65000,0,65000,0,70000,4,10,0,2,2,0,0,0,2,1,2,3,5,4,3,1,4,4,2,3,2,2,2,5,,1,,,,1,0,0,,,,1,,,,,0,0,California,93257,1,California,Terra Bella ,1,0,6,7,1,1,1,,,,,,3,3,1,,,1,,,,,
5bf735882dd20c0001317fca,7/28/25 10:24,1201,,,1,,28,1,4,1,,3,,,,,,,,,6,,1,,1,3,4,4,2,4,4,4,4,4,4,2,3,2,2,3,3,3,3,3,2,1,1,25000,130000,3,140000,100000,,180000,2,190000,150000,100000,1,140000,1,155000,2,2,0,0,0,0,0,0,5,2,4,5,3,1,4,1,2,3,2,2,2,2,2,3,1,,,,,1,0,3,,,1,,,,,,1,1,Texas,77449,2,Texas,Katy,2,0,7,7,3,3,,,,,1,,2,2,1,,,1,,,,,
6747f2e7a7bbb1b5cdb7b365,7/28/25 10:24,1260,,,.89999998,,25,1,5,1,,5,1,,,,,,,,6,,,1,2,4,5,4,4,5,5,4,4,5,3,2,2,2,1,2,2,1,2,3,1,0,1,15000,80000,2,65000,50000,20000,40000,2,60000,45000,65000,0,70000,0,70000,8,1,0,0,0,0,0,0,4,1,3,2,5,4,4,2,2,3,2,1,3,2,3,4,1,,,,,1,0,0,,,,1,,,,,1,0,California,93535,3,California,Lancaster,3,0,3,3,2,2,,,,,,1,3,3,1,,,1,,,,,
5d27e4e24ea8d100170b3c61,7/28/25 10:25,569,,,1,,28,1,5,1,,3,,,,,,,,,6,,1,,1,1,5,4,1,4,5,5,5,1,1,1,3,1,2,2,2,3,3,4,2,1,0,39000,80000,2,70000,45000,,,,,,50000,0,60000,0,70000,2,1,0,0,0,0,0,0,4,1,4,5,3,2,5,1,4,2,3,2,2,2,2,5,,1,,,,1,0,0,,,1,,,,,,1,1,Illinois,60660,3,Illinois,peoria,2,4,6,7,7,4,,1,,,,,3,3,,,,,,,,,
67dfbb24320593c3006d49c9,7/28/25 10:27,2205,,,1,,29,1,4,1,,4,,1,,,,,,,5,,,1,3,4,4,4,4,3,4,4,5,2,4,2,3,2,2,2,3,3,4,3,3,0,1,40000,120000,2,125000,90000,100000,250000,2,120000,85000,120000,1,250000,1,350000,6,4,0,0,2,0,0,0,4,1,2,3,5,4,3,4,3,3,2,4,3,2,2,3,1,,,,,1,0,2,,,,,,,1,,1,1,New York,11211,2,Nebraska,Arizona,2,4,6,7,6,6,1,,,,,,3,3,1,,,1,,,,,no comment
66646ef0caf9de9a699b6993,7/28/25 10:33,1621,,,.89999998,,19,1,3,1,,3,,,,,,,,,6,,,1,4,2,5,1,1,5,5,2,4,1,1,1,2,4,2,2,3,4,4,4,2,0,0,1700,110000,2,280000,70000,180000,,,,,68000,0,80000,0,80000,1,1,0,2,2,0,0,0,4,2,3,5,4,1,4,2,4,2,5,4,2,2,2,3,1,,,,,1,0,0,,,,,,,1,,1,1,Delaware,14450,2,New York,Fairport,2,3,6,6,8,8,,1,,,,,3,3,1,,,,,,1,,
673509af3e27ba38dbad2a64,7/28/25 10:36,391,,,1,,26,1,5,1,,5,,1,1,,,,,,6,,1,,1,1,5,4,1,5,5,5,5,5,2,2,1,1,1,1,1,2,1,2,2,0,1,52000,60000,1,55000,45000,52000,60000,2,55000,50000,60000,0,60000,0,65000,1,1,0,0,0,0,0,0,4,1,2,3,5,4,4,1,4,2,3,2,2,2,3,5,1,,,1,,,0,1,,,,,,,1,,1,1,Tennessee,38305,2,Illinois,"Union City, TN",1,0,6,6,2,2,1,,,,,,3,3,1,,,1,,,,,
6674d22663a406047c933cb0,7/28/25 10:36,777,,,.89999998,,28,1,5,1,,3,,,,,,,,,7,,1,,1,1,5,1,1,5,5,5,5,1,4,2,2,1,1,1,2,3,4,3,2,1,1,43680,70000,1,70000,65000,,100000,2,120000,80000,65000,0,65000,0,70000,1,10,0,0,2,0,0,0,3,1,2,3,5,4,5,1,5,3,2,4,2,1,1,1,1,,,,,1,0,0,,1,,,,,,,1,0,California,91745,2,California,Los Angeles,2,0,6,6,3,6,1,,,,,,2,3,1,,,,,,1,,
6692cfbe7457b19a1ac85192,7/28/25 10:53,611,,,1,,18,1,4,1,,5,,1,,,,,,,4,,1,,1,5,5,5,4,1,1,2,5,1,5,2,3,1,2,3,2,3,3,3,3,0,0,2000,80000,2,70000,65000,76000,,,,,60000,1,120000,1,120000,2,3,0,2,2,0,2,2,3,1,2,3,5,4,4,3,4,3,2,2,3,1,2,5,1,,,,,1,0,2,,,,,,,1,,1,1,Ohio,43725,1,Ohio,cambridge,1,3,3,7,7,6,,,,1,,,1,2,,1,,,,,,,
5bd47734506cd3000101d181,7/28/25 13:42,510,,,1,,35,1,5,,1,4,,,,1,,,,,7,,,1,2,1,5,2,2,4,4,5,5,2,2,1,2,1,1,2,-1,3,3,3,2,1,1,12580,38900,2,44500,28600,,54200,1,67800,35900,25000,,,0,48000,7,5,0,0,0,0,0,0,4,3,1,4,5,2,4,5,4,2,4,2,2,2,3,1,1,,,,1,,0,2,,,,,,,1,,1,1,South Carolina,29624,2,South Carolina,ANDERSON,2,0,4,4,2,2,,,1,,,,2,3,,,,,,,1,,
61074792728f0f9e791ad083,7/28/25 13:42,472,,,1,,38,1,4,,1,4,,,,1,,,,,6,,,1,2,2,5,4,2,5,5,-1,4,2,2,-1,3,2,1,2,2,4,1,4,2,0,1,40000,60000,1,80000,50000,80000,120000,2,150000,100000,120000,,,0,120000,1,1,0,2,2,0,0,0,4,1,4,5,2,3,4,2,4,3,4,2,2,2,2,1,1,,,,1,,0,0,,,,,,,1,,1,1,New York,,2,New York,Bethlehem,2,0,6,6,7,9,1,,,,,,2,2,1,,,1,,,,,
671dbdc5832887cd06ced6be,7/28/25 13:43,667,1,1,1,,64,1,5,,1,3,,,,,,,,,5,1,,,1,1,5,1,1,5,5,5,5,1,1,1,1,1,2,1,1,4,5,4,3,1,0,89000,30000,3,30000,0,,,,,,75000,,,,,10,1,0,0,0,0,0,0,4,1,2,5,4,3,3,3,5,2,3,3,4,2,2,1,1,,,1,,,0,0,,,,,,,1,,1,1,Nevada,89129,2,Florida,Miami,3,0,4,4,4,4,1,,,,,,3,3,1,,,1,,,,,I feel for you. I'm so glad I'm older and am not facing as much of the mess this administration will leave behind. 
60f998b6c4b98974b766eb98,7/28/25 13:43,1240,,,.80000001,,30,1,3,,1,4,,1,,,,,,,5,,1,,1,3,5,5,4,4,5,2,2,1,5,3,3,3,3,3,3,1,1,1,4,0,1,150000,180000,2,200000,150000,150000,180000,2,200000,150000,160000,,,1,170000,10,10,0,0,2,0,0,0,1,1,4,2,5,3,5,1,5,1,3,4,1,1,1,4,1,,,,1,,0,2,,,,1,,,,,1,0,New York,11590,3,New York,New York ,3,1,4,4,2,2,1,,,,,,1,1,,1,,,,,,,
673a7cd25357222f0e712b62,7/28/25 13:43,668,,,1,,33,1,5,,1,4,,,,1,,,,,6,,,1,1,1,4,4,2,5,5,5,5,1,1,2,3,2,1,1,1,4,3,3,2,0,1,36000,46000,1,65000,37500,125000,150000,2,175000,125000,95000,,,1,95000,2,1,0,0,2,0,0,0,5,4,3,5,2,1,5,3,5,1,5,2,2,2,2,5,,1,,1,,,1,1,,,,,,,1,,0,0,Colorado,80237,2,Colorado,Parker,2,0,6,6,6,7,,1,,,,,3,3,1,,,1,,,,,
611176db3de6b8d234d22aa6,7/28/25 13:43,645,,,1,,33,1,5,,1,4,1,1,1,,,,,,7,,,1,1,1,5,1,2,5,4,4,5,1,1,2,3,2,2,2,2,2,4,4,4,0,1,84000,150000,1,300000,75000,145000,250000,1,500000,145000,100000,,,1,200000,2,5,0,2,2,0,0,0,4,1,4,3,2,5,2,2,4,3,4,3,3,2,2,5,,1,,,,1,0,1,,,,,,,1,,1,1,California,90019,3,Nevada,Las Vegas,3,0,6,6,4,7,1,,,,,,3,3,1,,,1,,,1,,
651c4484ba17050f6b716614,7/28/25 13:44,1177,,,1,,32,1,5,,1,5,,1,1,,,,,,7,,,1,1,1,5,1,1,5,5,4,5,1,3,3,3,2,2,2,-1,1,1,3,2,0,1,35000,75000,1,100000,35000,115000,150000,1,200000,80000,100000,,,0,130000,5,10,0,2,2,0,0,0,4,1,2,4,5,3,5,3,4,2,3,2,2,3,2,4,1,,,,,1,0,-1,,,,1,,,,,1,1,Texas,78247,2,Texas,San Antonio,2,0,3,5,6,4,1,,,,,,3,3,1,,,1,,,,,none
66e795ea2fa79ce3d2340e70,7/28/25 13:44,428,,,1,,48,1,5,,1,4,,,,1,,,,,7,,1,,2,1,5,5,5,5,5,4,5,3,4,2,3,1,1,2,1,4,4,4,2,0,1,67000,80000,1,80000,70000,75000,105000,2,125000,70000,75000,,,,,1,1,0,0,2,0,0,0,4,1,2,5,4,3,4,1,5,1,5,1,1,1,1,1,1,,,1,,,1,1,,,,,,,1,,1,1,Ohio,45404,3,Ohio,dayton,3,0,6,6,3,3,1,,,,,,1,1,,1,,,1,,,,
67cef5df9ca56617bce5acd5,7/28/25 13:44,2456,,,.89999998,,59,1,5,,1,4,,1,,,,,,,7,,,1,1,1,4,4,4,4,4,4,4,4,2,3,2,2,2,2,2,2,2,3,2,0,1,15000,12000,2,15000,10000,20000,20000,2,22000,19000,15000,,,,,5,1,0,0,0,0,0,0,5,2,4,5,3,1,2,2,4,3,4,4,1,1,2,1,,1,,1,,,2,2,,,,,,,1,,1,1,Georgia,31023,2,Georgia,Cumming ,2,0,4,4,3,3,,,,,1,,1,1,,,,,,,,,this was a great survey Thank you
67364113bdafe2840fa05b69,7/28/25 13:45,731,,,1,,54,1,5,,1,4,,,,1,,,,,7,1,,,1,2,5,1,3,5,5,4,4,2,3,2,2,2,2,1,1,3,3,3,2,0,1,30000,50000,1,100000,20000,40000,50000,1,100000,30000,60000,,,,,1,1,0,2,2,0,0,0,4,1,5,4,2,3,4,3,2,3,3,2,2,2,3,5,1,,,,,1,0,0,,,,,,,1,,1,1,New York,14883,2,New York,Ithaca,2,0,4,4,3,3,,1,,,,,2,3,1,,,1,,,,,
66d76c50ae7ee05847ae48e5,7/28/25 13:45,785,,,1,,49,0,4,,1,3,,,,,,,,,6,,1,,2,2,4,4,3,4,3,4,4,2,4,2,3,2,1,1,2,4,3,3,2,0,1,30000,35000,2,40000,30000,40000,50000,1,60000,40000,40000,,,,,1,3,0,0,2,0,0,0,4,1,3,5,4,2,4,3,2,3,3,3,3,1,3,1,,1,,1,,,2,2,,,,,,,1,,1,1,Oklahoma,74003,3,Oklahoma,Bartlesville,3,0,6,6,6,7,,1,,,,,2,2,,1,,,1,,,,
6639407ad42e530eb5caf79f,7/28/25 13:45,616,,,.89999998,,47,0,5,,1,3,,,,,,,,,4,1,,,4,3,4,3,3,1,4,4,4,4,4,2,3,2,1,1,1,2,3,3,3,0,1,87000,100000,1,130000,90000,125000,150000,1,175000,125000,125000,,,,,5,5,0,2,2,0,0,2,3,2,3,5,4,1,4,2,4,3,2,3,2,1,1,1,,1,,1,,,2,2,,,,,,,1,,1,1,North Carolina,28216,3,North Carolina,Charlotte,3,0,6,6,3,3,1,,,,,,1,1,,1,,,1,,,,
678ff81c8c6b56f93355e0bb,7/28/25 13:45,545,1,1,1,,52,1,5,,1,4,,1,1,,,,,,3,,1,,1,1,5,5,4,5,5,4,5,1,2,3,3,4,2,2,1,2,2,2,3,1,0,90000,120000,2,130000,90000,,,,,,100000,,,,,5,5,0,0,0,0,0,0,4,2,5,3,1,4,3,3,3,3,3,2,3,2,3,1,1,,,,1,,4,4,,,,,,,1,,1,1,Virginia,20110,2,Virginia,Arlington ,2,0,4,5,2,2,1,,,,,,3,3,1,,,1,,,,,This was very interesting 
6554ea58c859388bc801973c,7/28/25 13:45,1542,,,1,,41,1,4,,1,4,,1,,,,,,,7,,,1,1,1,3,4,1,3,3,3,4,3,3,2,1,1,1,-1,1,3,3,3,2,0,1,3000,30000,1,30000,10000,124000,124000,2,130000,100000,150000,,,,,5,5,0,0,0,0,0,0,3,1,2,4,5,3,4,3,3,3,3,1,1,1,1,1,,1,,1,,,3,3,,,1,,,,1,,1,1,Florida,34472,2,Florida,Ocala,2,0,3,3,4,3,,,1,,,,2,2,,,,,,,,,All questions were easy to understand.
6647687c4e426658c608e92e,7/28/25 13:45,1010,,,1,,33,1,3,,1,3,,,,,,,,,2,,1,,4,4,5,4,4,5,4,3,4,1,4,2,3,2,2,2,3,3,3,3,4,0,1,118000,175000,2,200000,150000,155000,200000,2,225000,175000,115000,,,1,150000,6,10,1,2,2,0,2,2,2,1,2,4,5,3,4,3,5,2,4,4,2,2,2,1,1,,,1,,,2,3,,,,,,,1,,1,0,Pennsylvania,19073,2,Pennsylvania,Philadelphia,3,0,6,7,3,3,1,,,,,,1,2,1,,,,1,,1,,
5df3c82961b48a2907204173,7/28/25 13:45,587,,,1,,41,1,4,,1,4,,1,,,,,,,5,,1,,2,4,4,5,3,5,5,4,4,3,4,2,3,3,2,2,2,2,3,3,3,0,1,125000,175000,2,150000,85000,165000,2100000,2,250000,145000,95000,,,,,1,1,0,0,2,0,0,0,3,1,2,4,5,3,2,3,4,2,3,4,3,2,2,1,1,,,1,,,2,2,,,,,,,1,,1,1,Georgia,30269,2,Michigan,Romeo,1,0,6,6,4,6,1,,,,,,2,2,1,,,,1,,1,,
60fda7e474c47703482dcf2b,7/28/25 13:45,530,,,.89999998,,34,1,5,,1,3,,,,,,,,,3,,1,,1,1,5,2,1,5,5,5,5,4,2,1,2,1,2,1,1,1,-1,1,2,0,1,19000,45000,2,55000,35000,74000,74000,2,85000,65000,55000,,,0,70000,5,1,0,0,2,0,0,0,3,2,1,4,5,3,4,1,4,3,2,4,2,4,3,1,,1,,1,,,0,0,,,,,,,1,,1,1,Texas,78613,2,California,"Orange, Orange County, CA",2,0,6,6,3,6,,1,,,,,3,3,1,,,1,,,,,Everything was great
67469dde494c2b78202fc16e,7/28/25 13:45,671,,,1,,49,0,5,,1,3,,,,,,,,,6,1,,,1,5,5,4,3,3,5,5,5,1,5,1,2,2,2,-1,-1,2,3,2,2,0,1,0,0,1,0,0,35000,37000,2,40000,39000,20000,,,,,2,4,0,2,2,0,0,0,3,4,3,5,2,1,5,3,3,1,3,4,4,1,1,2,,1,,,1,,1,1,,,,1,,,,,1,1,New Mexico,87031,1,New Mexico,Albuquerque,2,0,6,6,3,2,,,,,1,,2,2,,,,,,,,,
6723c4c7027ced186503bf52,7/28/25 13:45,725,,,1,,37,1,4,,1,4,,,1,,,,,,5,1,,,3,-1,4,4,-1,4,4,4,5,2,4,3,3,4,2,-1,1,1,2,3,3,0,1,89000,100000,1,115000,80000,100000,115000,1,150000,90000,85000,,,1,90000,10,5,1,1,0,2,2,2,4,2,1,4,5,3,4,1,5,2,4,1,3,2,2,1,,1,,1,,,3,3,,,,,,,1,,1,1,Alabama,35040,2,Alabama,Selma,1,0,6,6,5,7,1,,,,,,1,1,,,,,1,,,,
6658d49af0f0787f8c8132b9,7/28/25 13:46,507,,,1,,39,1,5,,1,5,,1,,1,,,,,7,,,1,1,1,5,2,2,5,5,5,5,1,2,1,2,1,1,1,1,2,1,3,2,1,0,30000,50000,1,70000,30000,,,,,,60000,,,1,70000,1,2,0,0,2,0,0,0,4,1,2,4,5,3,3,5,1,3,3,1,3,2,4,5,,1,,,,1,0,0,1,,,,,,1,,1,0,Connecticut,06042,2,Connecticut,Vernon,2,0,6,6,6,7,,1,,,,,3,3,1,,,1,,,,,
676ed8014625d5ebd417b5f2,7/28/25 13:46,1088,,,1,,60,0,5,,1,5,,1,,,,,,,6,,,1,1,1,5,5,1,5,5,4,4,2,2,2,2,5,1,1,2,3,3,3,1,1,0,40000,20000,1,30000,15000,,,,,,25000,,,,,1,1,0,0,0,0,0,0,4,2,1,5,4,3,5,1,2,4,2,1,2,2,3,4,,1,,,,1,2,2,,,,,,,1,,1,1,Iowa,52803,2,Utah,Grantsville,1,0,3,3,1,1,,,,,,1,1,1,,1,,,1,,,,
5e2f4ab6fb987e078bf5f68e,7/28/25 13:46,1495,,,.89999998,,52,1,5,,1,4,,,1,,,,,,3,,1,,2,2,3,4,5,1,4,3,4,1,5,2,3,3,2,-1,1,1,1,1,1,0,1,12300,14200,1,20700,11400,18700,19100,1,32000,17900,35000,,,,,3,3,0,0,0,0,0,0,5,1,2,4,3,5,5,3,3,3,3,2,3,2,5,1,,1,,1,,,0,0,,,,,,,1,,1,1,Alabama,00000,2,Alabama,Oneonta,3,0,3,3,3,3,,,1,,,,2,1,,1,,,1,,,,Everything was explained very well. Thank you.
664aa32c6cf60f70afed78ea,7/28/25 13:46,599,,,1,,49,1,5,,1,5,,,,1,,,,,7,1,,,1,1,5,1,1,5,5,3,5,1,1,2,2,1,2,2,2,1,1,1,3,1,0,84000,125000,2,110000,100000,,,,,,84000,,,,,2,2,0,0,2,0,0,0,4,3,1,4,5,2,4,2,5,2,4,1,2,2,3,5,,1,,,,1,0,0,,,,,,,1,,1,1,New York,10024,3,California,San Diego,3,0,6,6,3,4,1,,,,,,3,3,1,,,1,,,,,
62e0532289a4e5d9fedadde1,7/28/25 13:46,1003,,,.89999998,,42,0,4,,1,2,,,,,,,1,,6,,1,,-1,4,4,5,1,1,4,1,5,4,5,3,3,4,2,3,2,3,3,3,4,0,0,47800,97500,3,95000,87000,90000,,,,,110000,,,,,6,8,0,0,2,0,0,0,1,2,3,1,4,5,1,2,4,2,4,4,2,2,2,1,1,,,,,1,0,2,,,,,,,1,,1,1,Illinois,60452,2,Illinois,Midlothian,2,0,3,3,3,3,1,,,,,,1,1,,1,,,1,,,1,
6782b2f4bd70e1c0a9a36590,7/28/25 13:47,1022,,,1,,33,1,5,,1,4,,,1,,,,,,4,1,,,2,3,5,3,5,5,5,5,5,5,2,1,1,1,1,1,1,3,3,4,3,0,1,45000,60000,1,55000,50000,105000,140000,1,135000,130000,100000,,,1,100000,1,1,0,2,2,0,0,0,3,2,1,4,5,3,3,3,5,2,4,3,2,2,2,1,1,,,1,,,0,2,,,,,,,1,,1,1,Pennsylvania,19015,2,New York,Yorktown,2,0,6,6,6,6,1,,,,,,1,3,1,,,,,1,,,
6776de78e67c4557f8bad60a,7/28/25 13:47,532,,,1,,33,1,4,,1,5,,,1,,,,,,7,1,,,1,1,5,4,2,2,4,5,5,2,2,2,3,1,1,1,1,3,1,3,3,1,0,45000,80000,2,80000,0,,,,,,40000,,,0,80000,10,1,2,2,2,2,2,2,4,2,3,5,4,1,4,2,3,4,2,4,2,2,3,5,,1,,,,1,0,0,,,1,,,,,,1,1,North Carolina,27591,2,New York,Queens,3,0,3,4,5,3,1,,,,,,2,2,,,1,,,1,,,
66706191120230e6a89ddd0e,7/28/25 13:47,601,,,.80000001,,35,1,5,,1,5,,1,1,,,,,,7,1,,,1,1,5,1,2,5,5,5,5,1,1,1,1,1,1,1,1,3,3,1,1,1,0,4000,4000,2,10000,1000,,,,,,10000,,,0,20000,1,1,0,0,0,0,0,0,4,4,3,5,2,1,5,3,1,4,1,4,2,5,5,5,,1,,,,1,0,0,,,,,,,1,,1,1,California,90277,3,California,Los Angeles,3,0,6,6,3,3,,,1,,,,3,3,,,,,,,,,
67378ce8d2eaeb6bda27739e,7/28/25 13:47,723,,,1,,64,0,3,,1,3,,,,,,,,,5,,1,,2,1,4,3,2,3,4,1,3,1,4,3,2,2,1,1,2,3,3,3,4,1,0,74000,85000,2,82000,80000,,,,,,70000,,,,,10,10,0,2,2,0,0,2,2,1,5,2,3,4,1,2,5,1,5,4,1,1,1,3,,1,,,,1,0,0,,,,,,,1,,1,1,California,90015,3,California,Los Angeles ,3,0,4,4,4,4,1,,,,,,2,2,1,,,1,,,,,
66d1a34290c0181302a08f66,7/28/25 13:47,653,,,1,,40,1,5,,1,3,,,,,,,,,7,,,1,1,3,5,5,1,5,5,4,4,1,1,1,1,1,2,2,1,1,1,1,2,1,0,30000,40000,1,50000,30000,,,,,,50000,,,,,6,6,0,0,0,0,0,0,3,3,5,2,4,1,5,2,4,3,4,2,1,2,5,5,,1,,,,1,1,1,,,,,,,1,,1,1,Virginia,24333,1,Mississippi,Biloxi,2,0,4,4,2,6,1,,,,,,3,3,1,,,1,,,,,
566c9284d408ea000519c6d7,7/28/25 13:48,835,,,1,,36,1,5,,1,5,,,1,,,,,,5,,1,,1,2,5,1,1,5,5,4,5,4,2,1,2,1,2,2,2,3,3,3,3,1,0,55000,59000,2,62000,57000,,,,,,50000,,,0,85000,2,5,2,2,2,0,0,2,2,1,2,4,3,5,4,3,4,2,3,2,2,1,1,1,1,,,,,1,0,-1,,,,,,,1,,1,1,Florida,33330,2,Oregon,tigard,2,3,6,6,6,6,1,,,,,,3,3,1,,,1,,,,,
673be3c4a9dcb6065372c8c4,7/28/25 13:48,1283,,,1,,34,0,1,,1,3,,,,,,,,,1,,,1,4,2,5,4,5,1,1,2,4,4,5,3,4,2,3,2,3,2,2,3,3,1,0,140000,200000,2,220000,170000,,,,,,75000,,,0,120000,2,10,0,0,2,0,0,0,2,1,5,2,3,4,3,5,4,2,4,3,3,2,2,1,1,,,,,1,0,5,,,1,,,,,,1,1,Alabama,35205,2,Alabama,Birmingham,2,0,6,6,7,6,1,,,,,,1,1,,1,,,1,,1,,Great survey
66a2812744e8026f80ef0879,7/28/25 13:48,909,1,,.40000001,,54,1,5,,1,5,,,,1,,,,,7,1,,,1,1,4,2,1,5,5,4,5,1,2,1,2,1,1,2,2,3,3,3,2,0,0,10000,40000,1,75000,8000,39000,,,,,40000,,,,,10,6,2,2,2,0,0,2,5,4,2,5,1,3,4,5,2,3,2,1,4,2,4,5,1,,,,,1,0,0,,,,,,,1,,1,0,Iowa,52761,2,Iowa,Muscatine,2,0,6,6,4,6,,,1,,,,3,3,1,,,1,,,,,
67673cda94b4d0cf1a6a7382,7/28/25 13:48,561,1,,.2,,57,1,5,,1,4,,1,,,,,,,3,,1,,4,4,4,5,4,2,5,4,5,2,5,1,2,1,1,1,1,3,3,3,3,0,1,49000,40000,1,40000,30000,49000,350000,1,40000,30000,30000,,,,,1,1,0,0,2,0,0,0,5,1,2,5,4,3,3,1,4,3,3,2,2,2,2,5,,1,,1,,,1,1,,,,,,,1,,1,1,Alabama,35563,1,Alabama,guin,1,0,4,4,2,2,,1,,,,,1,1,,1,,,1,,,,
66c9f7fd98cb4c8f77f98b27,7/28/25 13:49,2517,,,.89999998,,44,1,4,,1,3,,,,,,,,,7,1,,,1,2,5,4,1,5,4,5,4,3,4,2,4,4,1,1,2,2,2,2,3,0,1,75000,175000,2,200000,130000,150000,350000,1,450000,280000,260000,,,,,3,5,0,0,2,0,0,0,2,3,4,1,5,2,4,4,4,2,3,2,2,2,2,2,1,,,1,,,2,2,,,1,,,,,,1,1,Georgia,30318,3,Georgia,Savannah,2,0,6,6,6,6,1,,,,,,3,3,1,,,1,,,,,
62d59a066ee263bb659aa445,7/28/25 13:49,645,,,1,,71,0,2,,1,3,,,,,,,,,6,,1,,1,4,4,5,4,1,1,1,4,4,5,1,3,3,2,2,1,3,1,3,1,1,0,35000,35000,1,35000,35000,,,,,,45000,,,,,3,5,0,2,2,0,0,0,4,1,2,5,3,4,5,1,5,1,1,1,1,2,2,5,,1,,,,1,2,2,,,,,,,1,,1,1,Louisiana,71118,2,Indiana,South Bend,1,0,4,4,3,1,,,,,1,,1,1,,1,,,1,,,,Nothing was confusing
5d617ba9364f9a0019f1dac3,7/28/25 13:49,446,,,1,,39,1,5,,1,5,,,,1,,,,,6,,1,,2,1,5,1,1,5,5,4,5,1,1,2,1,1,1,1,1,3,2,3,1,1,0,29000,30000,1,35000,26000,,,,,,40000,,,0,40000,6,1,0,0,2,0,0,0,4,1,2,4,5,3,5,2,1,3,3,4,3,2,3,1,,,1,,,1,0,0,,1,,,,,,,0,0,Michigan,49015,2,Michigan,"East Lansing, Michigan",2,0,5,5,7,6,,,1,,,,3,3,1,,,1,,,,,
5f504fd2cc049d1cbf29c40d,7/28/25 13:49,544,,,1,,32,1,3,,1,3,,,,,,,,,3,,,1,5,2,5,3,2,5,1,5,5,3,5,2,3,3,3,3,3,3,3,3,3,1,1,80000,150000,3,175000,140000,,150000,3,175000,140000,50000,,,1,150000,1,5,0,0,0,0,0,0,1,2,4,1,5,3,5,3,5,1,5,4,1,1,1,2,1,,,,,1,0,2,,,1,,,,,,1,1,Maryland,20603,2,Maryland,Waldorf,2,0,3,3,4,3,1,,,,,,2,2,,,,,,,,,
667dc345297b040fa844727a,7/28/25 13:49,954,,,1,,37,1,2,,1,3,,,,,,,,,2,,,1,3,3,5,4,2,-1,4,2,4,5,4,2,1,1,2,2,2,3,3,3,4,0,1,65000,69500,2,80000,70000,190000,225000,1,300000,200000,160000,,,1,200000,10,5,0,2,2,0,0,2,4,1,2,4,5,3,4,2,4,2,2,4,2,2,2,1,,1,,1,,,1,1,,,,,,,1,,1,1,Alabama,35761,2,Tennessee,Tullahoma,1,0,7,7,4,6,1,,,,,,3,3,1,,,,,,,,
6109c9defd3d7ce5b5ccdd2d,7/28/25 13:50,603,,,.89999998,,33,1,5,,1,4,,1,,,,,,,7,,,1,1,4,5,2,3,5,4,4,5,4,1,2,3,2,1,1,1,1,1,1,2,1,1,41000,42000,1,45000,41000,,70000,1,75000,60000,55000,,,1,55000,2,5,0,0,0,0,0,0,5,1,3,4,5,2,4,1,4,3,2,1,2,2,3,5,,1,,,,1,1,1,,,,1,,,1,,1,0,Michigan,48906,3,Michigan,Lansing ,3,0,4,4,2,1,1,,,,,,3,3,1,,,1,,,,,
632f09dfbcfe2edefdae1447,7/28/25 13:50,730,,,.89999998,,34,1,5,,1,5,,1,1,,,,,,7,,1,,1,3,3,2,1,4,5,2,-1,2,4,1,2,1,2,3,2,2,1,2,1,1,0,35000,60000,2,80000,40000,,,,,,70000,,,0,70000,5,5,0,0,2,0,0,0,4,4,1,3,5,2,4,1,1,3,1,1,4,2,5,5,1,,,,,1,0,-1,,1,,,,,,,1,0,California,95824,2,Nevada,Reno,2,0,6,6,4,2,,,1,,,,2,3,,,,,,,,,
5bc731d935b90f0001431bde,7/28/25 13:50,1147,,,1,,51,1,4,,1,3,,,,,,,,,4,,,1,4,3,-1,5,3,5,3,4,5,4,4,1,3,3,1,1,1,2,1,2,3,0,1,13750,15000,1,20000,12000,79500,85000,1,83000,70000,95000,,,,,6,7,0,0,0,0,0,0,5,1,2,4,5,3,4,4,4,2,2,3,1,1,1,1,,1,,1,,,3,3,,,1,,,,,,1,1,Louisiana,70535,1,Louisiana,Eunice,1,0,4,4,4,1,,,,,1,,2,2,,,,,,,,,N/A
66450101a6a8f52f8b5db596,7/28/25 13:52,1290,,,1,,41,1,5,,1,4,,,1,,,,,,6,,,1,1,2,4,2,1,5,4,2,4,2,3,3,4,2,2,2,2,4,4,4,2,1,0,25000,65000,1,500000,10000,,,,,,90000,,,,,1,1,0,2,2,0,0,2,2,3,1,5,2,4,4,5,3,3,3,2,3,2,3,5,1,,,,,1,0,0,,,,,,,1,,1,1,Virginia,22302,3,Ohio,Sandusky,2,0,7,7,7,7,,,1,,,,3,3,1,,,1,,,,,
6560b73479ea077341c338a6,7/28/25 13:52,974,,,.60000002,,37,1,2,,1,2,,,,,,1,,,3,,1,,4,2,5,4,3,5,4,3,4,2,5,2,3,5,2,3,2,1,1,1,3,0,1,69000,85000,2,78000,69000,72000,120000,2,180000,92000,80000,,,1,84000,8,8,0,0,0,0,0,0,4,1,2,3,5,4,4,3,5,2,4,3,3,3,2,1,,1,,,,1,0,1,,,,1,,,,,0,0,Florida,33312,3,Florida,"Lima, Peru",2,0,3,4,2,2,1,,,,,,2,2,,,,,1,,,,No
5b8d575aafe6be000115695b,7/28/25 13:54,476,,,.89999998,,31,1,5,,1,3,,,,,,,,,5,,1,,1,1,5,1,1,5,5,5,5,1,1,1,1,1,1,1,1,1,1,2,1,1,0,29000,40000,2,50000,30000,,,,,,40000,,,0,60000,3,5,0,0,0,0,0,0,5,1,2,3,5,4,5,3,4,3,2,3,2,2,5,5,1,,,,,1,0,0,,,,1,,,1,,1,0,Georgia,30297,3,Georgia,Newnan,1,0,3,3,2,1,1,,,,,,3,3,,,,1,,,,,
673283141ee7ec9141e8bcf4,7/28/25 13:57,1111,,,.89999998,,30,1,4,,1,4,,1,1,,,,,,2,,,1,-1,1,4,5,1,-1,2,5,5,5,5,1,1,1,1,1,1,1,3,4,1,0,1,5000,10000,1,9000,4000,70000,60000,1,75000,50000,10000,,,0,10000,1,1,0,0,0,0,0,0,5,2,1,4,5,3,5,5,2,3,3,1,4,1,5,5,1,,,,,1,0,0,,,,1,,,,,1,1,Texas,78596,2,Texas,Weslaco,2,0,4,4,4,6,,1,,,,,2,2,,,,,,,,,It was a longer than average study.  Only one recommendation would be for education.  The option for trade school.  One of my parents not only attened a uni but attended a technical college.  In his career he had to continue his education.  I never asked but he might as well been in school for 10 years or more and has a stack  of certifications.  
628f9cfbee6de7cc7322fecf,7/28/25 13:59,2648,,,1,,30,1,5,,1,4,,,1,,,,,,5,,,1,1,1,4,1,1,4,5,5,5,2,2,2,2,1,1,2,2,3,4,4,3,1,0,50000,70000,3,75000,50000,,,,,,80000,,,1,120000,6,10,0,0,2,0,0,0,4,1,4,2,5,3,4,2,4,1,1,4,2,2,1,2,1,,,,,1,0,3,,,,1,,,,,1,0,New York,11105,3,New York,New York City,3,0,6,7,3,3,1,,,,,,3,3,1,,,1,,,,,
6352c60b4a9850783773f265,7/28/25 14:00,384,,,.89999998,,49,1,4,,1,4,,1,1,,,,,,7,1,,,1,1,4,3,2,5,4,3,5,1,1,2,2,2,2,2,2,1,2,1,2,1,0,19000,25000,2,35000,22000,,,,,,25000,,,,,2,2,0,0,2,0,0,0,2,1,4,3,5,2,4,2,4,1,4,1,2,1,3,5,1,,,,,1,0,0,,,1,,,,,,1,1,North Carolina,27606,3,North Carolina,Richlands,1,0,4,4,2,3,1,,,,,,3,3,1,,,1,,,,,
67b9d2f7a49052c6e25c6a7f,7/28/25 14:01,970,,,1,,55,1,4,,1,3,,,,,,,,,7,1,,,2,2,4,5,4,5,5,5,5,1,1,1,2,1,2,2,3,1,3,2,4,0,1,79000,90000,2,110000,50000,78000,90000,2,110000,50000,68000,,,,,2,2,0,2,2,0,0,0,4,3,1,5,4,2,5,3,5,2,5,4,2,2,2,5,,1,,,1,,0,0,,,1,,,,,,1,1,New York,10013,3,New York,New York,3,0,6,6,4,3,1,,,,,,1,1,,,1,,,1,,,
607778a26ff3de83125f50c5,7/28/25 14:04,531,1,1,1,,39,0,1,,1,1,,,,,1,1,1,1,2,1,,,5,3,1,5,5,3,2,3,4,5,5,2,3,1,1,-1,1,3,3,3,1,0,0,5000,50000,3,45000,5000,75000,,,,,75000,,,0,85000,1,1,2,2,2,0,0,0,3,1,3,4,2,5,4,3,1,3,2,2,3,1,2,4,1,,,,,1,0,0,,1,,,,,,,0,0,Maryland,20910,3,Maryland,Silver Spring,3,0,4,4,3,7,,,1,,,,1,1,,1,,,1,,1,,
6330f30b973410dadd20eb64,7/28/25 14:10,534,,,.80000001,,42,1,5,,1,5,,,1,1,,,,,5,,1,,1,1,5,1,1,5,5,5,5,1,1,1,2,1,1,1,1,2,2,3,1,0,1,3000,3000,1,25000,0,115000,115000,2,125000,100000,140000,,,,,2,2,0,2,2,0,0,2,4,1,2,5,4,3,5,5,2,2,1,4,1,2,3,5,,1,,,1,,0,0,,,1,,,,1,,1,1,Massachusetts,02169,3,Indiana,Fort Wayne,3,0,4,4,3,4,,,1,,,,3,3,1,,,1,,,,,
5c7cf8b58ca9000001b52f6e,7/28/25 14:10,629,,,1,,33,0,3,,1,2,,,,,,1,,,3,,1,,3,4,4,5,4,3,2,2,2,2,5,1,2,2,1,2,1,3,3,3,1,0,1,40000,90000,2,90000,70000,55000,150000,2,170000,130000,70000,,,1,140000,1,4,2,2,2,0,2,2,2,1,2,3,4,5,4,1,2,3,3,2,3,1,1,2,1,,,,1,,0,0,,,,,,,1,,1,1,North Carolina,28470,1,North Carolina,West Islip,2,0,3,3,6,5,1,,,,,,1,1,,1,,,1,,,,Thank you for inviting me.
5d0ec999085acd0019fd290b,7/29/25 10:03,1527,,,1,,64,0,1,,1,3,,,,,,,,,4,,,1,1,1,3,5,5,5,1,4,5,1,5,2,2,1,2,2,2,5,3,3,1,1,0,20000,25000,1,25000,22000,,,,,,20000,,,,,1,1,0,0,0,0,0,0,5,2,3,5,4,1,3,2,5,1,1,3,1,1,1,5,1,,,,,1,0,0,,,,,,,,1,1,0,Florida,33602,3,New Jersey,bloomfield,3,0,4,4,3,3,,1,,,,,1,3,,,,,,,1,,taxation is theft
5d4e212b81ca1c001b21672c,7/29/25 10:18,1380,,,.89999998,,79,1,5,,1,4,,1,,,,,,,6,1,,,1,1,5,2,1,5,5,2,5,1,1,3,3,1,2,2,1,4,5,4,2,1,0,24000,34000,1,35000,30000,,,,,,25000,,,,,1,1,0,0,0,0,0,0,4,2,5,4,3,1,5,3,3,4,3,1,1,1,2,5,1,,,,,1,0,0,,,1,,,,,,1,1,Massachusetts,02474,2,Michigan,"Detroit, Michigan",3,0,6,6,5,7,,,,,,1,3,3,1,,,1,,,,,
5c567e2acc53750001751cb0,7/29/25 10:18,642,,,1,,76,0,4,,1,4,,1,,,,,,,6,,1,,1,3,5,2,1,3,4,3,4,2,2,4,3,5,3,3,3,3,3,2,4,0,0,90000,120000,2,110000,105000,100000,,,,,115000,,,,,1,10,0,2,2,0,0,0,4,3,2,5,1,4,2,3,5,1,3,3,1,1,1,1,1,,,1,,,2,2,,,,1,,,,,1,1,California,95823,2,California,Sacramento,2,0,5,5,3,3,,,,,1,,1,1,1,,,1,,,1,,
6626b05a15db572c21948eb7,7/29/25 10:32,861,,,1,,75,1,5,,1,3,,,,,,,,,7,,1,,1,2,5,2,1,5,5,4,5,1,2,2,2,1,2,1,2,2,3,3,3,0,1,40000,42000,3,45000,25000,89000,92000,1,95000,40000,30000,,,,,2,6,0,0,2,0,0,0,4,2,4,5,1,3,1,1,4,2,1,4,3,2,2,1,,1,,1,,,0,0,,,1,,,,1,,1,1,New York,14810,1,New York,Buffalo,3,0,7,7,6,6,,,,,1,,2,3,1,,,1,,,,,The survey was set up correctly and length was excellent. Thank you.
666f4e508e12704f87264402,7/29/25 11:19,1193,,,1,,70,1,5,,1,3,,,,,,,,,7,,,1,1,1,5,5,3,5,5,5,5,1,1,3,2,1,2,2,2,1,1,2,2,0,1,14000,14000,2,20000,20000,40000,40000,3,40000,40000,50000,,,,,5,6,0,0,2,0,0,0,4,1,4,3,5,2,4,1,4,1,4,2,2,1,1,1,1,,,1,,,1,1,,,1,,,,,,1,1,South Carolina,29571,1,South Carolina,MARION,1,0,3,3,2,2,,,,,1,,3,3,1,,,1,,,,,
65d3b99a393abc32c9767b01,7/29/25 11:51,627,,,1,,70,1,5,,1,5,,,1,,,,,,7,,1,,1,1,5,5,1,5,5,5,5,2,2,3,3,1,2,2,2,1,1,1,2,1,0,27000,28000,1,30000,29000,,,,,,35000,,,,,5,1,2,2,2,0,0,0,2,1,5,2,3,4,1,1,4,4,1,2,1,4,4,1,,1,,,,1,0,0,,1,,,,,,,0,0,Florida,3346,1,New York,Brooklyn ,3,0,6,6,2,4,,,,,,1,2,2,1,,,1,,,,,Everything was perfect in this survey. 
677effa5662e1651b7d62d72,7/29/25 11:58,1721,,,.89999998,,76,1,5,,1,3,,,,,,,,,7,,,1,1,1,5,1,1,5,5,5,5,1,4,4,3,1,3,1,2,2,2,2,3,0,1,62000,62000,2,62000,62000,124000,124000,2,124000,124000,140000,,,,,10,10,0,0,2,0,0,0,3,1,4,2,3,5,1,3,5,1,5,4,2,4,4,1,1,,,1,,,2,2,,,1,,,,,,1,1,Florida,34219,2,Pennsylvania,Philadelphia,3,0,4,4,4,4,,,,,1,,3,3,1,,,1,,,,,No feed back.
6766c25793c13fc95c767574,7/29/25 12:22,1571,1,1,.40000001,,74,1,3,,1,5,1,,1,,,,,,4,1,,,3,4,5,4,2,3,2,2,4,1,2,2,3,1,3,3,3,2,2,2,4,0,1,150000,150000,3,180000,120000,150000,170000,3,200000,130000,120000,,,,,4,6,0,2,2,0,2,2,3,1,3,2,5,4,4,2,5,3,4,4,1,2,1,1,1,,,1,,,2,2,,,1,,,,,,0,0,California,90134,2,I did not reside in the United States,"Buenaventura, Colombia.",2,0,7,7,5,6,,,,,1,,1,1,,1,,,1,,,,N/A
5bb9ae8030952800014626ee,7/29/25 13:45,701,1,1,1,,75,0,3,,1,3,,,,,,,,,4,1,,,3,3,4,3,1,4,3,2,4,-1,5,3,3,5,3,-1,-1,2,-1,2,2,0,1,0,0,3,0,0,74000,75000,2,76000,80000,2000,,,,,6,8,0,0,0,0,0,0,5,2,4,5,1,3,5,1,4,1,1,1,1,1,2,5,,1,,,,,5,5,1,,,,,,1,,1,1,Nevada,89123,2,California,Lodi,2,0,6,6,1,3,,,,,1,,2,2,,1,,1,,,,,
62b1a5075f423b00f1d16e07,7/29/25 8:21,843,,,1,,30,1,4,,1,5,,1,,,,,,,6,,1,,2,2,5,4,2,3,4,4,3,2,3,3,4,5,2,1,2,3,4,3,2,1,1,30000,55000,2,60000,15000,,50000,2,60000,15000,30000,,,0,55000,2,2,0,0,2,0,0,0,4,1,2,3,5,4,4,3,4,3,2,3,4,3,3,4,1,,,,,1,0,1,,,,,,,1,,1,1,New York,14464,2,New York,Rochester,3,0,6,6,4,3,1,,,,,,3,3,1,,,1,,,,,
5cb5e6927a92c500015c0de1,7/29/25 8:22,662,,,1,,44,1,4,,1,3,,,,,,,,,5,,,1,2,1,5,5,3,5,5,5,5,1,3,1,2,1,2,2,2,3,3,3,4,1,1,90000,105000,1,105000,95000,,220000,1,190000,190000,60000,,,,,1,5,2,2,2,2,2,2,2,1,2,5,3,4,4,1,5,1,4,4,2,1,1,1,,1,,,,,2,3,,,,,,,1,,1,1,Michigan,48146,2,Michigan,Metro Detroit ,2,0,6,6,3,3,1,,,,,,2,3,,1,,1,,,,,
66240955715b3b45903381ed,7/29/25 8:22,1469,,,.89999998,,38,1,3,,1,2,,,,,,,1,,4,1,,,2,4,4,4,2,4,2,3,3,3,3,2,2,2,1,1,1,2,2,2,2,0,1,500,750,3,1000,100,29000,29000,1,29000,20000,70000,,,0,70000,1,3,0,0,0,0,0,0,4,3,2,4,5,1,4,2,3,4,1,1,3,2,5,5,1,,,,,1,0,1,,,,,,,1,,1,1,Massachusetts,01923,2,Massachusetts,Beverly,2,0,2,3,3,3,,,,,,1,2,1,,,,,,,1,,
60dfd857e293a99dd577f4c8,7/29/25 8:22,837,,,1,,68,0,4,,1,3,,,,,,,,,5,1,,,2,1,5,3,2,2,3,2,4,3,5,1,2,1,2,-1,1,2,2,2,3,0,0,25000,25000,3,25000,23000,119000,,,,,119000,,,,,1,1,0,2,2,0,0,0,3,1,2,5,4,3,4,1,4,1,1,2,1,1,1,1,,1,,1,,,3,3,,,,,,,1,,1,1,Montana,59711,1,Montana,Trego,1,0,3,3,1,1,,,,,1,,1,1,,1,,,1,,,1,
616cf9ae07c1c6bd05d95beb,7/29/25 8:22,750,,,1,,49,1,5,,1,4,,,1,,,,,,6,1,,,1,1,4,2,2,5,5,2,4,2,5,1,1,3,2,2,1,2,3,3,1,1,0,20000,20000,2,20000,10000,,,,,,30000,,,,,1,1,0,0,2,0,0,0,3,1,2,3,5,4,5,2,3,2,3,1,1,1,3,1,1,,,,1,,0,0,,,,,,,1,,1,1,Minnesota,55734,1,Minnesota,Eveleth,1,0,5,5,4,4,1,,,,,,3,3,1,,,,1,,,,
6143af8721d1445864c4f6c8,7/29/25 8:22,949,1,,.2,,53,1,2,,1,5,,,,1,,,,,4,,,1,3,2,1,5,4,3,2,2,3,2,5,1,1,3,3,1,1,4,4,3,3,0,1,2000,50000,2,50000,30000,30000,50000,2,80000,30000,50000,,,,,1,1,0,0,0,0,0,0,4,4,1,5,2,3,3,3,2,2,5,4,2,1,1,1,1,,,1,,,3,3,1,,,,,,1,,1,1,Kansas,67216,2,Texas,"Frisco, TX",1,0,3,3,3,5,,,,,,1,2,2,,1,,,1,,,,Everything was easy enough to understand no problems.   Have a good day ;}
5c7f489defd9e20015751167,7/29/25 8:23,492,,,1,,42,0,2,,1,3,,,,,,,,,4,1,,,4,3,4,5,4,3,1,2,4,3,5,3,4,2,2,2,1,3,3,3,2,1,1,75000,100000,2,100000,85000,,100000,2,150000,75000,75000,,,,,3,6,0,2,2,0,0,0,3,1,2,4,5,3,3,5,4,2,3,2,2,1,2,1,1,,,1,,,3,3,,,,,,,1,,1,1,Oregon,97303,2,Oregon,Newberg,2,0,6,6,3,3,1,,,,,,1,1,,1,,,1,,,,
677bcb212ebc1d6360f23fe6,7/29/25 8:23,906,,,1,,49,0,3,,1,3,,,,,,,,,1,,,1,5,4,5,5,5,-1,1,2,4,4,5,3,3,2,2,2,2,3,1,2,4,0,1,75000,150000,2,150000,75000,145000,290000,2,290000,145000,100000,,,,,1,1,0,0,0,0,0,0,3,3,2,4,1,5,4,4,4,3,3,3,3,1,4,1,,1,,1,,,3,3,,,,,,,1,,1,1,Wisconsin,54489,1,Wisconsin,Beloit,1,0,7,8,5,6,1,,,,,,1,3,,1,,,1,,1,,
5f76586f6ce6850f223a25ab,7/29/25 8:23,696,,,1,,34,0,3,,1,1,,,,,,,,1,4,,,1,1,2,4,5,2,2,2,2,2,3,5,1,-1,2,-1,-1,-1,3,3,3,2,1,0,15000,50000,1,80000,30000,,,,,,20000,,,0,30000,1,1,0,2,2,0,0,0,4,3,1,5,4,2,5,2,3,2,3,2,2,1,5,3,1,,,,,1,0,0,,,,,,,1,,1,1,Iowa,50613,3,Iowa,West Branch,1,0,6,6,7,6,,,,,,1,2,2,1,,,1,,,,,"It was a good length, never felt repetitive or anything. "
5c4d1a6c9ce35100019dbc88,7/29/25 8:23,1312,,,1,,37,1,3,,1,4,,,,1,,,,,5,,1,,2,4,4,4,1,4,1,2,2,2,4,3,4,5,3,-1,-1,3,2,3,1,0,1,20000,40000,2,400000,20000,250000,65000,2,600000,45000,60000,,,1,60000,6,6,2,2,2,0,1,2,3,4,3,5,2,1,5,3,4,2,4,4,3,2,4,1,1,,,1,,,1,1,,,,,,,1,,1,1,Illinois,60625,3,Illinois,villa park,2,0,6,6,5,3,,,1,,,,2,2,1,,,1,,,,,
5c475608cae0ab000188cb6e,7/29/25 8:24,612,,,1,,35,1,3,,1,3,,,,,,,,,4,1,,,4,4,5,2,1,4,3,5,-1,3,2,2,2,2,-1,-1,1,2,3,3,4,0,1,10000,35000,3,45000,10000,25000,50000,2,40000,25000,35000,,,0,40000,1,1,0,0,1,0,0,0,3,1,2,3,5,4,4,1,5,1,2,1,1,1,5,4,1,,,,,1,0,0,,,,1,,,,,1,0,Texas,78222,2,Texas,san antonio,2,0,4,4,4,5,1,,,,,,2,2,,,,,,,,,
66b4d2ee1ac8c5e9060a6930,7/29/25 8:24,592,,,1,,42,1,5,,1,4,,1,,1,,,,,1,1,,,1,1,4,5,2,4,5,4,5,1,5,1,2,1,1,1,-1,4,3,4,3,0,1,5000,30000,1,50000,0,88000,100000,2,150000,88000,150000,,,,,3,6,0,2,2,0,0,2,2,1,3,4,5,2,5,3,1,4,3,1,1,1,2,1,,1,,1,,,3,3,,,,,,,1,,1,1,Illinois,60033,1,Illinois,Harvard,1,0,4,4,4,3,,,,,1,,1,1,,1,,,1,,,,None
67463a81856a5504232c862d,7/29/25 8:24,471,,,.89999998,,30,1,5,,1,5,,1,1,,,,,,7,,,1,1,1,5,1,1,5,5,5,5,1,1,1,2,1,2,2,1,2,1,1,3,0,1,50000,50000,2,75000,35000,55000,80000,2,120000,60000,55000,,,0,60000,5,5,0,2,2,0,0,0,2,3,4,5,2,1,4,4,4,3,2,1,3,2,3,1,,1,,1,,,0,0,,,,,,,1,,1,1,Maine,04911,1,California,Pittsburg,2,4,6,8,3,3,1,,,,,,3,3,1,,,1,,,,,
61085504b0951e096d81185c,7/29/25 8:24,587,,,1,,38,0,3,,1,3,,,,,,,,,2,,,1,4,4,5,4,3,3,3,4,4,1,5,3,4,1,2,2,2,2,3,2,3,0,1,80000,100000,3,120000,90000,170000,200000,2,225000,185000,130000,,,1,140000,5,6,0,0,2,0,0,0,2,1,3,4,5,2,4,1,4,2,3,3,2,1,2,1,,1,,1,,,2,2,,,,,,,1,,1,1,Pennsylvania,15332,2,Pennsylvania,Irwin,2,0,7,7,3,3,1,,,,,,2,2,,1,,,,1,,,
60f6fbc64b26ca0bfbf3eff6,7/29/25 8:24,653,,,1,,32,1,5,,1,5,,,,1,,,,,7,1,,,1,1,5,5,1,5,5,5,5,5,1,1,1,1,1,1,1,3,3,1,1,0,0,27000,50000,2,75000,30000,27000,,,,,30000,,,1,40000,6,1,0,0,0,0,0,0,1,1,2,5,3,4,5,5,2,3,5,1,3,4,2,5,,1,,,1,,1,1,,,,,,,1,,1,1,Kentucky,41102,2,West Virginia,Huntington,2,0,3,6,3,3,1,,,,,,3,3,1,,,,,,,,"Survey length felt appropriate, I really enjoyed this one. Thank you for allowing me to be a part of your research. "
678beb306e32ea110dfdfc4b,7/29/25 8:24,831,,,1,,35,1,4,,1,4,,1,1,,,,,,6,,1,,2,4,5,4,3,4,4,-1,5,2,-1,4,4,-1,2,3,2,4,1,3,2,0,0,12000,12000,2,80000,50000,12000,,,,,26000,,,0,35000,4,4,0,0,2,0,0,2,2,5,4,2,1,3,4,2,1,4,3,1,5,4,5,4,,1,,,,1,2,0,,,,,,,1,,1,1,Florida,34639,2,Florida,Tampa,2,3,4,8,2,1,,,,,,1,2,3,,,,,,,,,No errors in the study. :-)
66e32aaad05615cfd9fcbe48,7/29/25 8:24,655,,,1,,53,0,2,,1,3,,,,,,,,,5,,1,,1,3,4,5,4,2,2,2,3,2,5,2,3,3,2,2,2,3,3,3,2,1,0,40000,40000,2,40000,30000,,,,,,35000,,,,,1,1,0,0,2,0,0,0,4,1,2,5,4,3,5,3,5,2,1,4,2,1,2,1,1,,,,,1,0,1,,,,,,,1,,1,1,New Jersey,08005,2,New York,New York,3,0,5,5,4,6,1,,,,,,1,1,,1,,,1,,1,,no problems
669292033e17ed44f8376cab,7/29/25 8:24,1298,,,1,,38,1,5,,1,4,,,1,,,,,,7,,,1,2,4,5,5,2,5,5,4,4,2,4,2,2,1,2,2,1,3,3,3,2,0,1,20000,30000,2,32000,25000,50000,65000,2,70000,60000,57000,,,1,57000,2,1,0,0,0,0,0,0,5,2,1,4,5,3,4,2,5,1,4,2,2,2,3,3,,1,,1,,,3,3,,,,,,,1,,1,1,Florida,34465,2,New Jersey,Ridgewood,2,0,4,4,6,5,1,,,,,,1,1,,1,,,1,,,,Enjoyed the survey.
6758361c59400a8280a57caf,7/29/25 8:24,591,,,1,,34,0,3,,1,3,,,,,,,,,3,,,1,4,2,2,3,3,4,3,2,4,4,4,3,3,2,2,2,1,3,4,3,3,0,1,49500,70000,2,80000,60000,99000,125000,2,150000,115000,130000,,,1,140000,6,6,0,2,2,0,0,0,2,2,3,5,4,1,4,3,4,3,3,2,2,2,3,3,,1,,1,,,2,2,,,,,,,1,,1,1,Illinois,60950,1,Indiana,Schererville,2,0,7,7,6,5,1,,,,,,1,1,,1,,,1,,,1,
5f0b25970238fd416ca91f5e,7/29/25 8:24,687,,,1,,33,1,4,,1,2,,,,,,,,1,6,1,,,1,3,5,4,2,5,5,1,5,1,4,3,3,1,2,3,3,2,2,5,3,0,1,60000,85000,2,80000,70000,183000,250000,2,210000,190000,180000,,,1,250000,5,5,0,2,2,0,0,2,1,1,2,5,3,4,2,5,5,2,2,4,1,1,1,1,,1,,1,,,0,2,,,,,,,1,,1,1,Maryland,21211,3,Maryland,Baltimore County,3,0,7,7,4,6,1,,,,,,2,2,1,,,1,,,,,I wanted to share more specifically about my income because my business fluctuates and my salary with my day job is stable. but i had to input numbers only. thanks!
5dc474fd45b8f933f16d6241,7/29/25 8:24,656,,,1,,35,1,5,,1,3,,,,,,,,,4,,,1,1,1,3,3,3,5,5,3,4,3,3,3,3,3,2,2,-1,2,2,3,2,0,1,8000,60000,1,60000,5000,68000,120000,1,150000,40000,50000,,,1,80000,1,1,0,0,2,0,0,0,3,1,4,3,2,5,4,2,3,2,3,1,2,3,5,1,,1,,1,,,3,3,,,,,,,1,,1,1,Florida,34434,1,Florida,brooksville ,1,0,4,4,7,3,,,,,1,,2,2,,1,,,,,,,
6293f40cb830603d3dbe5d9a,7/29/25 8:25,503,,,1,,37,0,3,,1,3,,,,,,,,,4,1,,,3,4,5,3,2,3,2,2,4,1,3,3,4,3,2,2,2,2,2,3,3,1,1,120000,170000,2,140000,130000,,200000,2,170000,135000,110000,,,1,130000,1,1,0,2,2,0,0,2,3,1,2,4,5,3,3,2,4,2,3,3,2,1,2,1,1,,,1,,,3,3,,,,,,,1,,1,1,Illinois,60014,2,Illinois,Hoffman Estates,2,0,7,7,4,6,1,,,,,,2,2,,,,1,,,,,
596e5b7dc2e0220001c1015f,7/29/25 8:25,1934,,,.89999998,,37,1,5,,1,4,,,1,,,,,,7,,,1,1,2,4,3,1,5,5,4,5,3,2,1,2,2,2,2,2,2,4,3,3,1,1,85000,125000,1,150000,90000,,150000,1,175000,90000,125000,,,1,150000,1,2,0,2,2,0,0,2,3,2,1,5,4,3,4,2,4,3,3,2,3,2,4,5,,1,,1,,,2,2,,,,,,,1,,1,1,Michigan,49301,3,Michigan,Metro Detroit,2,0,7,7,3,7,1,,,,,,3,3,1,,,1,,,,,"This wasn’t too confusing but for the question stating “ How many children do you plan on having over your lifetime?”, maybe having it phrased as either “additional children” or “total children” could help clarify it just a bit!"
6278038e3c9ead31c9a91a09,7/29/25 8:25,778,,,1,,40,1,5,,1,3,,,,,,,,,6,,,1,1,1,5,1,1,1,5,4,5,4,1,1,1,3,3,3,3,2,3,3,3,1,0,60000,65000,2,64000,62000,,,,,,55000,,,,,5,5,0,0,0,0,0,0,2,1,2,5,4,3,4,1,5,1,5,2,1,1,4,1,,1,,,,1,2,2,,,,,,,1,,1,1,Virginia,24263,1,Virginia,Jonesville,1,0,5,5,5,3,1,,,,,,3,3,1,,,1,,,,,
63d6873b65a6170d64a652f6,7/29/25 8:25,2071,,,1,,42,0,3,,1,3,,,,,,,,,2,1,,,1,5,5,5,4,1,1,2,4,2,5,3,4,1,2,2,2,3,1,4,4,0,1,48000,60000,1,80000,50000,148000,175000,1,200000,160000,140000,,,,,1,1,0,2,2,0,0,2,2,1,2,3,5,4,4,2,3,4,3,4,3,2,2,1,1,,,1,,,3,3,,,,,,,1,,1,1,Nebraska,69101,1,Nebraska,Grand Island,1,0,6,6,6,6,,,,,,1,1,1,,1,,1,,,,,"no feedback. With the questions concerning employment, I was let go from my job two weeks ago (to bring more clarity to the answers i gave). Thank you!"
59e833e72f63d30001c8fb86,7/29/25 8:25,679,,,.89999998,,37,1,5,,1,5,,1,1,,,,,,7,1,,,1,1,5,2,1,5,5,5,5,5,1,2,3,1,1,1,1,2,2,3,1,0,1,1000,20000,1,15000,10000,50000,55000,1,65000,45000,45000,,,0,45000,2,5,0,0,2,0,0,0,4,4,3,5,2,1,5,2,4,3,2,4,3,2,5,5,1,,,,,1,0,0,,1,,,,,,,1,0,California,92128,2,California,Vallejo,3,0,4,6,6,6,,,1,,,,3,3,1,,,1,,,,,
668ac8ccac0dc505afbafed8,7/29/25 8:25,547,,,1,,47,1,5,,1,4,,1,,,,,,,7,,,1,1,2,5,3,5,4,5,5,5,4,5,1,2,2,1,3,1,3,3,4,3,1,0,48000,61000,2,60000,55000,,,,,,75000,,,,,10,6,0,2,2,0,0,0,3,1,3,2,5,4,2,2,4,2,5,2,1,1,1,4,1,,,1,,,0,0,,,,,,,1,,1,1,Florida,34990,3,Florida,OCEAN CITY,2,0,4,5,3,3,1,,,,,,3,3,,,,1,,,1,,
66420f2628f28f8981470548,7/29/25 8:25,597,,,1,,34,1,5,,1,3,,,,,,,,,2,,1,,2,1,5,-1,-1,5,4,4,5,1,3,2,2,3,1,-1,-1,2,4,4,3,1,1,65000,90000,1,80000,75000,,160000,2,20000,100000,70000,,,1,75000,1,1,0,0,0,0,0,0,4,1,2,3,5,4,1,5,3,2,3,1,3,2,3,4,,1,,,,1,3,3,,,1,,,,,,1,1,Ohio,43232,2,Ohio,Akron,3,0,6,6,6,6,1,,,,,,3,3,,,,,,,,,
56f2319af2df32000d8fb1a4,7/29/25 8:25,557,,,.89999998,,32,1,4,,1,5,,1,,,,,,,3,,1,,1,2,5,4,1,5,5,4,4,2,5,2,3,2,1,2,1,3,2,1,2,0,0,45500,52500,1,55000,35000,65500,,,,,40000,,,0,55000,3,3,0,0,2,0,0,0,4,1,3,5,2,4,4,2,4,3,4,2,2,2,2,4,1,,,,,1,0,0,,,,,,,1,,1,1,California,90250,3,Virginia,Fredericksburg,2,0,4,4,6,6,1,,,,,,3,1,,,,,,,,,"N/A - The questions were clear and the length felt appropriate. No technical issues or otherwise, thank you!"
64fded008087c1afa0b47d7b,7/29/25 8:25,709,,,1,,32,1,4,,1,4,,1,,,,,,,5,,,1,2,2,4,4,3,5,4,4,5,3,4,2,2,-1,1,-1,-1,3,2,3,1,0,1,5000,60000,3,60000,5000,70000,90000,3,100000,50000,90000,,,0,100000,4,4,0,0,2,0,0,0,2,3,2,4,5,1,5,3,4,2,1,1,3,3,3,4,,1,,,1,,0,1,,1,1,,,,,,1,1,Utah,84111,2,Utah,salt lake city,2,0,3,3,2,2,,1,,,,,3,3,,,,,,,,,
676cdf06a9a9208a2b1ed100,7/29/25 8:25,814,,,.89999998,,31,1,4,,1,4,,,,1,,,,,6,,1,,1,1,4,4,2,4,5,4,5,1,4,3,3,3,2,2,2,2,3,3,2,1,0,34000,50000,1,200000,10000,,,,,,50000,,,0,60000,3,1,0,0,2,0,0,0,4,1,2,5,4,3,3,5,1,3,2,3,3,2,5,3,,1,,,,1,0,0,1,,,,,,1,,1,1,Illinois,61615,1,Michigan,Maybee,1,0,6,6,6,3,,,1,,,,2,2,,,1,,,1,1,,
66d4712f340d9f18e186d041,7/29/25 8:25,667,,,1,,47,1,5,,1,5,,,,1,,,,,7,,,1,1,1,5,2,1,5,5,5,5,1,1,1,2,1,1,1,1,2,1,3,1,0,1,35000,50000,1,80000,12000,99000,130000,1,160000,80000,99000,,,,,10,1,0,0,2,0,0,0,4,4,2,5,1,3,5,5,4,3,2,4,1,2,4,1,1,,,,,1,2,2,1,,,1,,,,,1,1,Colorado,80021,2,Texas,Dallas,3,3,6,9,4,3,1,,,,,,3,3,1,,,1,,,,,I didn't even think about how long it was taking and then it was over. Good length I would say. 
611bfbd4af7fa6a01a106813,7/29/25 8:25,609,,,1,,30,1,5,,1,4,,,1,,,,,,6,,1,,2,4,4,2,1,5,3,3,4,3,4,2,3,-1,2,2,2,4,5,4,2,1,1,30000,70000,1,120000,50000,,150000,1,250000,50000,60000,,,0,120000,2,5,0,0,2,0,0,0,4,4,1,5,2,3,5,2,2,3,3,1,2,2,2,4,1,,,,,1,0,-1,,,,,,,1,,1,1,Colorado,80218,3,Colorado,Denver,3,0,6,7,7,9,,,1,,,,3,3,1,,,,,,,,
67a4fb08498ea4516b999630,7/29/25 8:25,1223,,,1,,38,1,4,,1,3,,,,,,,,,5,,1,,1,2,5,4,1,5,3,2,4,1,1,3,4,5,3,3,3,3,3,3,4,0,1,90000,120000,2,120000,100000,140000,200000,2,210000,180000,60000,,,1,100000,6,5,0,0,2,0,0,0,3,1,4,2,5,3,2,4,5,1,4,3,2,2,2,3,1,,,1,,,1,2,,,1,,,,,,1,1,New York,10014,3,New York,Greenwich,3,0,7,8,6,6,1,,,,,,3,3,1,,,1,,,,,
6155180ec2486a4b4f9a0399,7/29/25 8:26,1357,,,.60000002,,34,0,3,,1,3,,,,,,,,,6,,1,,2,2,4,4,2,4,4,2,2,2,3,3,3,3,2,2,3,4,4,4,3,0,0,39000,50000,1,80000,50000,39000,,,,,35000,,,1,80000,2,5,0,0,0,0,0,0,2,1,2,4,5,3,2,4,4,1,3,2,2,2,2,4,,1,,,,1,2,2,,,,,,,1,,1,1,Virginia,20174,2,Virginia,Ashburn,2,0,6,7,6,6,,1,,,,,2,2,,1,,,1,,,,
608bfa04767191aa4d57bfd8,7/29/25 8:26,759,,,1,,42,0,1,,1,3,,,,,,,,,1,,1,,1,5,1,1,5,1,1,1,2,1,5,3,4,1,2,2,-1,1,1,1,2,1,0,51000,53000,3,55000,50000,,,,,,40000,,,,,1,1,0,2,2,0,0,0,1,1,3,5,4,2,4,1,5,1,3,4,2,1,5,4,,1,,1,,,0,0,,,,,,,1,,1,1,Kansas,67460,1,Kansas,Iola,1,0,4,4,4,4,1,,,,,,1,1,,1,,,1,,,1,
5f402eb4fbd8df145068b805,7/29/25 8:26,594,,,1,,64,1,5,,1,5,,,,1,,,,,1,,1,,1,1,5,1,1,5,5,4,5,1,1,1,2,1,1,1,1,-1,1,3,1,1,0,28800,32000,1,32000,32000,,,,,,50000,,,,,1,5,2,2,2,0,2,2,2,1,3,5,2,4,4,1,4,1,1,4,1,1,2,1,,1,,,,,5,5,,,,,,,1,,1,1,Ohio,45118,1,Ohio,CINCINNATI,2,0,5,6,3,3,,,,,1,,3,3,1,,,1,,,,,Health plays a major factor in my life and income.
558d8d71fdf99b534f79b352,7/29/25 8:26,909,,,1,,37,1,4,,1,4,,1,,,,,,,6,,,1,1,-1,5,3,1,3,-1,3,4,1,4,1,2,2,1,-1,2,-1,3,3,1,0,1,20000,37000,1,30000,22000,50000,60000,1,55000,45000,100000,,,0,100000,5,10,0,2,2,0,0,2,3,4,2,5,1,3,2,4,2,2,2,4,1,2,5,4,1,,,,,1,0,-1,,1,,,,,1,,1,0,Illinois,60185,2,California,National City,3,0,5,5,3,6,,,,,1,,1,2,,1,,,1,,1,,
5c560b6fccb08c0001e134a8,7/29/25 8:26,2140,,,1,,36,1,4,,1,5,,1,1,,,,,,6,,,1,2,2,4,5,4,5,5,4,5,1,5,3,4,1,1,2,1,3,3,3,3,0,1,65000,70000,2,100000,65000,120000,150000,2,200000,100000,100000,,,1,125000,5,5,2,2,2,0,2,2,2,1,2,5,4,3,4,3,4,2,4,4,3,1,1,1,,1,,1,,,0,1,,,,,,,1,,1,1,Illinois,60452,2,Illinois,Burbank,2,0,7,7,5,4,1,,,,,,3,3,1,,,1,,,1,,
6335b5fdc41e92fb73e7c2df,7/29/25 8:26,1148,,,.89999998,,42,1,4,,1,5,,1,1,,,,,,7,1,,,1,1,5,3,4,5,5,3,4,2,4,3,4,2,2,2,2,4,2,4,3,0,1,112500,180000,1,160000,140000,170000,230000,1,250000,200000,160000,,,,,1,1,2,2,2,0,0,2,2,1,3,4,5,2,1,2,4,3,2,3,2,1,2,1,1,,,1,,,2,2,,,,,,,1,,1,1,Minnesota,55418,2,Minnesota,Eagan,2,0,7,7,7,7,1,,,,,,2,3,1,,,1,,,,,
66757cddd8d92a5cbfda353f,7/29/25 8:26,845,,,1,,35,1,4,,1,3,,,,,,,,,5,,,1,2,2,4,4,2,5,2,1,4,2,2,2,3,2,2,3,2,3,3,3,2,0,1,20000,80000,2,80000,50000,50000,100000,3,100000,70000,40000,,,0,40000,10,6,2,2,2,2,2,2,2,2,1,5,3,4,2,5,2,3,5,3,4,2,1,2,,1,,,,1,0,0,,,,,,,1,,1,1,Florida,34761,2,Florida,Ocoee,2,0,2,7,3,3,,1,,,,,1,3,,,,,,,,,
6701c01f6fb3d34d3bed389e,7/29/25 8:26,3135,1,,.5,,31,0,2,,1,3,,,,,,,,,3,1,,,4,5,5,4,2,3,2,2,4,2,4,3,4,2,2,2,2,2,2,3,3,0,1,39500,120000,3,100000,80000,75000,200000,2,170000,130000,90000,,,1,100000,3,4,0,0,2,0,0,0,2,2,4,1,5,3,4,4,4,4,3,2,3,2,4,3,,1,,,,1,0,3,,,,,,,1,,1,1,Virginia,23224,3,Virginia,Richmond,3,0,7,7,2,2,,1,,,,,1,1,,1,,,1,,,,it was cool
5dd40277e08a363e4e006384,7/29/25 8:26,1046,,,1,,44,1,4,,1,3,,,,,,,,,5,,,1,1,2,4,4,1,3,4,4,5,2,5,2,2,2,1,1,1,3,3,3,2,0,1,2000,40000,1,30000,10000,65000,75000,1,80000,50000,75000,,,,,1,1,0,0,0,0,0,0,4,1,4,5,2,3,2,1,2,3,1,1,3,4,4,5,,1,,1,,,4,4,,,,,,,1,,1,1,Florida,33325,3,Florida,Hollywood  Fl,3,0,3,3,4,5,,1,,,,,1,1,,1,,,1,,,,
63d15e1be853005ff591b935,7/29/25 8:26,667,,,1,,45,1,5,,1,4,,1,,,,,,,6,,,1,1,1,4,4,2,5,4,4,5,2,4,1,1,1,2,2,2,3,2,3,1,1,0,13500,50000,1,100000,15000,,,,,,12000,,,,,1,3,2,2,2,0,1,2,4,1,2,3,4,5,4,5,1,3,3,3,4,2,5,5,1,,,,,1,0,0,,,,,,,1,,1,1,Florida,33772,2,Florida,Tampa,2,0,4,4,5,3,,,1,,,,2,3,1,,,1,,,1,,
5c2a92b4b8e5f900015b3f58,7/29/25 8:26,1067,,,1,,34,1,4,,1,4,,1,,,,,,,5,,,1,2,2,5,4,2,4,4,3,4,3,2,2,2,3,2,2,3,2,3,2,3,0,1,135000,200000,2,300000,170000,500000,800000,1,1200000,500000,400000,,,1,600000,1,5,2,2,2,0,0,0,3,1,4,3,5,2,3,2,4,2,2,4,2,2,2,3,,1,,1,,,0,2,,,,,,,1,,0,0,California,91403,3,California,Santa Monica,3,0,6,6,5,5,1,,,,,,2,2,1,,,,,1,,,
558955ebfdf99b6bd06016c9,7/29/25 8:26,462,,,.89999998,,35,1,4,,1,4,,1,1,,,,,,7,1,,,1,1,5,2,1,5,5,4,5,1,2,2,3,1,2,2,3,2,2,2,3,0,1,77000,110000,1,130000,95000,97000,150000,1,160000,115000,70000,,,0,70000,2,5,2,2,2,0,2,2,1,1,2,4,3,5,4,2,4,2,2,3,3,2,2,1,1,,,,1,,0,0,,,,,,,1,,1,1,Pennsylvania,17112,2,Pennsylvania,Catawissa,1,0,6,6,3,4,1,,,,,,3,3,1,,,1,,,,,
5c74e7e9c3fe130001e86cc8,7/29/25 8:26,2140,,,1,,37,1,5,,1,4,,,1,,,,,,7,,,1,2,2,5,2,2,5,4,4,5,1,4,2,3,2,2,2,2,2,3,3,3,1,0,80000,100000,1,110000,45000,,,,,,60000,,,0,60000,2,10,2,2,2,2,2,2,2,3,2,5,4,1,2,3,4,3,3,4,3,2,2,4,,1,,,,1,0,0,,,,,,,1,,1,1,Wisconsin,53188,2,Wisconsin,Genesee Depot,2,0,6,6,3,4,1,,,,,,2,2,1,,,1,,,,,N/A
6134e3d48d0eaa5c8fe8c25e,7/29/25 8:26,584,,,1,,38,1,5,,1,4,,,1,,,,,,7,,,1,1,1,5,2,1,5,5,4,5,1,1,1,2,1,2,1,2,3,3,3,-1,0,1,10000,70000,1,80000,20000,100000,120000,1,200000,80000,65000,,,0,65000,1,1,0,0,2,0,0,0,3,3,1,5,2,4,4,2,3,4,2,2,3,2,4,5,,1,,,,1,0,0,,,,,,,1,,1,1,Virginia,22902,2,Virginia,Charlottesville,2,0,6,6,6,6,,,,,,1,3,3,1,,,1,,,,,
67e8ad379d8217451136e504,7/29/25 8:26,811,,,1,,59,1,4,,1,4,,1,1,,,,,,5,,,1,1,1,4,3,2,5,5,5,4,3,4,1,2,4,1,1,2,3,1,2,2,1,1,29500,29500,2,41000,32000,,36500,2,43000,32000,38000,,,,,2,2,0,2,2,0,0,2,3,1,4,5,3,2,4,2,3,3,3,2,3,2,3,4,,1,,,,,3,3,,,,,,,1,,1,1,Vermont,05753,1,Massachusetts,"Boston, MA",3,0,5,5,3,3,1,,,,,,3,3,,,,,,,1,,
5c284ae48e845b0001fc40aa,7/29/25 8:26,747,,,1,,40,1,5,,1,5,,1,,,,,,,5,,,1,1,1,5,1,1,5,5,5,5,1,1,1,2,1,2,2,2,3,3,3,4,0,1,135000,22000,1,280000,200000,218000,350000,1,400000,300000,210000,,,,,10,6,0,2,2,0,0,2,4,1,2,4,5,3,4,1,4,2,2,2,2,2,2,1,1,,,1,,,3,3,,,,,,,1,,1,1,California,93730,2,California,Fresno,3,0,6,7,3,3,1,,,,,,3,3,1,,,1,,,,,
676ca3da9773676ad989ef10,7/29/25 8:27,781,,,1,,56,0,3,,1,3,,,,,,,,,6,1,,,2,3,5,4,2,4,3,3,4,3,5,2,3,1,2,2,1,4,4,4,3,1,0,85000,75000,1,100000,40000,,,,,,70000,,,,,2,10,0,0,2,0,0,0,3,3,1,5,4,2,3,3,4,3,3,4,4,1,4,3,1,,,,,1,0,0,,,,,1,,1,,1,0,Texas,75007,3,Louisiana,Ruston,2,0,6,6,3,2,1,,,,,,1,2,,1,,,1,,1,,"No feedback, thanks"
6777d289f3eaa43bfd9c878c,7/29/25 8:27,841,,,1,,33,1,5,,1,5,1,,,,,,,,6,1,,,2,1,5,2,4,5,5,3,5,1,2,2,3,1,-1,-1,-1,-1,4,4,-1,0,1,0,40000,1,70000,30000,50000,80000,1,100000,65000,70000,,,0,90000,5,1,0,0,0,0,0,0,3,4,5,1,3,2,4,3,1,4,1,1,3,3,3,5,1,,,,,1,0,-1,,,,,,,1,,1,1,Florida,32095,2,New York,Buffalo,2,0,3,5,,,,,,,,1,2,2,,,,,,,,,"Thanks for the opportunity, the study went very well."
5a8cbc73eea3d300016eaf0b,7/29/25 8:27,598,,,1,,34,1,3,,1,4,,1,,,,,,,5,1,,,3,3,3,3,3,3,3,2,2,1,4,3,3,3,2,1,2,3,3,3,3,1,0,150000,15000,3,15000,9000,,,,,,10000,,,0,10000,1,1,2,2,2,0,0,2,3,2,4,5,3,1,4,2,5,1,5,2,1,2,2,3,1,,,,,1,0,0,,,,,,,1,,1,1,New York,11220,3,New York,Tampa,3,0,5,5,4,4,1,,,,,,2,2,,,,,,,,,
5a4bf09053a4560001ba0ebf,7/29/25 8:27,1456,,,1,,38,1,5,,1,4,,1,1,,,,,,6,,1,,1,1,5,-1,1,5,5,4,5,2,2,1,2,2,1,1,1,2,2,2,2,1,0,35000,35000,2,45000,25000,,,,,,60000,,,0,60000,1,1,2,2,2,0,2,2,4,1,2,4,5,3,4,2,3,2,4,3,3,3,5,5,1,,,,,1,0,0,,,,,,,1,,1,1,Florida,34429,1,Florida,Crystal River,1,0,4,4,3,3,1,,,,,,3,3,1,,,1,,,,,
6743c9fdaa4a485b13425774,7/29/25 8:27,795,,,1,,46,1,4,,1,4,,1,1,,,,,,6,1,,,1,2,5,2,1,5,5,5,5,1,2,3,4,1,3,2,3,3,3,4,5,0,1,320000,320000,1,500000,150000,435000,400000,1,600000,250000,200000,,,,,10,5,2,2,2,0,2,2,1,1,3,5,2,4,4,5,1,4,1,4,3,1,1,3,1,,,1,,,1,1,,,,,,,1,,1,1,Maryland,20815,3,North Carolina,Fuquay-Varina,2,0,7,8,6,4,,,,,,1,2,2,1,,,1,,,,,
5dd2f94a238a913096c52317,7/29/25 8:27,2447,,,1,,43,1,4,,1,3,,,,,,,,,6,,,1,2,-1,4,3,4,1,4,3,4,1,2,2,3,2,2,-1,1,3,2,3,2,0,1,35000,37000,2,42000,36000,60000,65000,2,70000,62000,60000,,,,,3,5,0,0,2,0,0,0,2,4,3,5,1,2,4,2,4,1,3,2,2,2,2,1,,1,,,1,,0,0,,,,,,,1,,1,1,Kansas,67301,1,Kansas,Independence,1,0,3,3,3,3,1,,,,,,1,1,,1,,,1,,,,
63b63938dbf229f3eb46d4a4,7/29/25 8:27,1294,,,.89999998,,52,1,4,,1,3,,,,,,,,,7,,1,,1,4,4,2,1,4,2,3,4,2,4,3,5,2,2,2,3,4,3,4,3,1,0,79000,83000,1,100000,30000,,,,,,55000,,,,,1,1,2,2,2,0,2,2,2,1,2,5,4,3,5,3,5,2,3,4,2,1,2,1,1,,,,,1,0,0,,,,,,,1,,1,1,Florida,32940,2,New Hampshire,nashua,2,0,6,6,3,4,1,,,,,,2,3,1,,,1,,,,,
67a5669452a6651f8be0b0bc,7/29/25 8:27,1800,1,1,1,,46,0,5,,1,5,,1,1,,,,,,6,,1,,1,1,5,5,2,5,4,4,5,5,5,3,3,2,2,2,3,3,3,2,4,1,1,100000,150000,3,140000,98000,,250000,2,200000,150000,160000,,,,,5,5,0,0,0,0,0,0,5,2,4,5,1,3,5,5,1,2,4,2,4,4,3,4,,1,,1,,,2,2,,,1,,,,,,1,1,North Carolina,28025,3,Ohio,Dayton,3,0,7,8,6,7,1,,,,,,1,1,,1,,,1,,,1,
67842c60c9cba1e154a69bbd,7/29/25 8:27,1256,1,1,1,,41,1,4,,1,5,,1,1,,,,,,7,,,1,1,2,5,5,2,1,5,4,4,5,5,3,4,1,2,2,3,1,1,1,3,1,0,85000,150000,2,165000,140000,,,,,,80000,,,,,3,5,0,0,0,0,0,0,4,2,4,1,3,5,4,3,5,1,4,4,2,3,4,2,1,,,,1,,2,2,,,1,,,,,,1,1,Georgia,30307,3,Georgia,Atlanta,3,0,7,7,4,3,1,,,,,,3,3,1,,,1,,,1,,
5e21e741f814784d3180f004,7/29/25 8:27,668,,,1,,45,1,5,,1,3,,,,,,,,,6,,1,,1,1,4,5,1,5,5,5,5,1,1,2,2,1,1,1,1,3,3,3,2,1,1,19000,35000,1,65000,14000,,60000,1,75000,28000,48000,,,,,1,1,0,0,2,0,0,0,4,2,1,5,4,3,2,5,4,4,2,1,5,4,4,5,,1,,,,1,1,1,,,1,,,,,,1,1,Louisiana,70118,3,California,Oakland,3,0,6,6,4,6,,1,,,,,3,3,1,,,1,,,,,none thank you
675762346cd569df080a5e8e,7/29/25 8:27,1519,,,1,,50,1,5,,1,5,,1,,,,,,,6,,,1,3,5,5,5,3,5,3,3,4,4,3,3,4,3,2,2,3,3,4,4,4,0,1,100000,250000,2,200000,180000,120000,250000,2,200000,170000,150000,,,,,2,2,0,0,0,0,0,0,4,5,4,1,3,2,5,4,4,2,5,4,1,1,3,1,1,,,1,,,2,2,,,,,,,1,,1,1,Michigan,48233,3,Michigan,Michigan,3,0,7,9,7,8,1,,,,,,1,1,,1,,,1,,,,fascinating study
66536bcd1febb9fc714b6922,7/29/25 8:27,625,,,1,,47,1,5,,1,4,,,,1,,,,,7,,,1,1,4,5,2,1,5,5,4,5,2,1,2,3,1,2,1,2,2,2,2,3,1,0,60000,80000,2,90000,70000,,,,,,80000,,,,,1,1,0,0,2,0,0,0,3,1,3,2,5,4,4,4,4,3,3,2,3,2,2,1,1,,,1,,,3,3,,,1,,,,,,1,1,New York,11757,2,New York,New York City,2,0,4,4,,6,1,,,,,,3,3,1,,,1,,,,,none
62897d2024f826ea90b7efa1,7/29/25 8:27,906,,,1,,72,0,3,,1,2,,,,,,,1,,1,,,1,5,2,5,5,5,4,1,2,4,5,5,3,2,1,2,2,2,4,2,2,3,1,0,39000,44000,1,45000,35000,,,,,,36000,,,,,1,2,0,2,2,0,0,0,4,1,4,5,3,2,4,1,5,2,3,4,2,2,2,1,,1,,,,1,3,3,,,,,,,1,,1,1,Missouri,63640,1,Illinois,Princeton,1,0,6,6,3,9,,1,,,,,1,1,,1,,,1,,,,none
66337d1de3bea5025f371c0b,7/29/25 8:27,708,,,1,,43,0,3,,1,3,,,,,,,,,6,,1,,4,5,1,5,5,1,1,1,5,4,5,3,3,3,3,3,1,3,-1,3,3,0,1,30000,45000,1,50000,35000,79500,110000,1,120000,90000,60000,,,,,1,1,2,2,2,0,1,1,2,1,2,3,5,4,4,2,5,1,4,4,1,1,1,1,,1,,1,,,2,2,,,,,,,1,,1,1,Alabama,36619,2,Ohio,niles,2,0,3,3,3,3,1,,,,,,1,1,,1,,,1,,,,
62732854d22b38dbdae3ef9c,7/29/25 8:27,729,,,1,,48,1,5,,1,4,,1,,,,,,,7,,,1,2,4,4,5,2,5,5,4,5,2,3,2,3,1,-1,2,2,2,1,4,3,0,1,65000,85000,2,105000,80000,101000,105000,2,120000,100000,105000,,,,,2,2,0,0,2,0,0,0,5,1,3,4,5,2,2,4,5,3,3,2,2,2,2,1,1,,,,,,2,2,,,1,,,,,,1,1,Georgia,31204,3,Georgia,macon,3,0,6,7,7,3,1,,,,,,3,2,1,,,1,,,,,none
65dac35812ad91d9df192635,7/29/25 8:27,763,,,1,,33,1,5,,1,3,,,,,,,,,6,,,1,2,2,4,3,2,5,4,4,4,1,2,2,2,2,2,2,-1,3,-1,3,3,1,1,45000,75000,1,70000,50000,,80000,1,75000,50000,90000,,,1,90000,3,5,0,0,2,0,0,0,3,1,4,3,5,2,4,1,3,3,2,2,3,4,4,5,,1,,,,1,1,2,,,1,,,,,,1,1,Maryland,20743,3,District of Columbia,Washington DC,3,3,6,7,4,4,,,,1,,,2,2,1,,,,,,,,
66323f16b05df4403391861c,7/29/25 8:27,521,,,1,,46,0,3,,1,2,,,,,1,,,,4,,1,,4,4,4,4,3,2,2,4,5,3,4,3,3,5,1,1,2,2,3,3,3,0,1,65000,75000,2,75000,70000,110000,120000,1,120000,110000,125000,,,,,3,3,0,0,2,0,0,0,4,1,4,3,5,2,2,2,5,2,2,1,2,1,2,4,,1,,1,,,2,2,,,,,,,1,,1,1,Texas,77062,2,Texas,South Houston,2,0,6,6,3,3,1,,,,,,3,3,1,,,1,,,,,
5ae11f9709eae20001132c22,7/29/25 8:27,601,,,1,,39,1,4,,1,3,,,,,,,,,6,,1,,1,1,5,2,1,5,2,2,5,1,1,2,3,2,2,2,1,3,4,3,3,0,1,160000,120000,1,170000,105000,220000,220000,2,260000,200000,200000,,,1,200000,5,1,0,0,0,0,0,0,1,1,2,4,5,3,4,1,5,1,4,3,2,2,2,1,1,,,1,,,2,2,,,,,1,,1,,1,0,Massachusetts,02382,2,Massachusetts,Rockland,2,0,6,6,7,4,1,,,,,,3,3,1,,,1,,,,,
5adf874e066c510001d454f5,7/29/25 8:27,477,,,1,,45,1,4,,1,3,,,,,,,,,6,,,1,1,1,5,2,1,5,5,4,4,1,2,2,3,2,2,2,2,2,2,2,3,0,1,60000,70000,2,100000,50000,20000,250000,2,350000,150000,175000,,,,,6,5,0,2,2,0,0,2,2,3,1,5,2,4,2,5,3,3,3,2,1,1,2,1,,1,,1,,,1,1,,,,,,,1,,1,1,Wisconsin,53562,2,Wisconsin,wautoma,1,0,7,7,2,3,,,1,,,,3,3,1,,,1,,,,1,
6702c3ee33eed6369eb34c8f,7/29/25 8:27,1374,,,1,,44,0,4,,1,3,,,,,,,,,7,1,,,1,4,5,5,4,5,4,4,4,1,5,3,3,1,1,1,1,2,3,3,1,0,1,4000,13000,1,17000,9000,21000,25000,1,30000,20000,25000,,,,,10,5,0,0,2,0,0,0,2,1,2,3,5,4,5,2,1,3,3,1,3,3,5,4,1,,,1,,,0,0,1,,,,,,1,,1,1,Mississippi,38635,1,Mississippi,Holly Springs,3,0,4,4,3,4,,1,,,,,1,1,,,,,,,,,
641357b26802e397b5627d5e,7/29/25 8:27,353,,,1,,37,0,3,,1,3,,,,,,,,,5,1,,,1,3,4,4,3,3,2,3,3,1,3,2,2,2,2,2,2,3,3,3,3,1,1,68000,100000,1,85000,70000,,150000,1,12000,100000,68000,,,0,70000,1,1,2,2,2,0,0,2,3,1,2,3,4,5,3,2,5,3,3,3,2,2,2,3,1,,,,,1,0,0,,,,,,,1,,1,1,Illinois,60609,3,Illinois,Chicago,3,0,7,7,3,4,1,,,,,,2,2,1,,,1,,,,,I answered thoughtfully!
5b5a822e1ad8270001c4f28d,7/29/25 8:28,955,,,1,,44,0,1,,1,3,,,,,,,,,7,,1,,3,4,5,5,5,5,4,4,-1,3,5,2,4,5,1,-1,2,-1,-1,3,2,0,1,6000,25000,1,3000,500,6000,10000,3,500,200,75000,,,,,1,1,0,0,0,0,0,0,3,3,4,1,5,2,5,2,2,2,3,1,1,2,5,2,1,,,,,1,0,0,,,,,,,1,,1,1,California,90744,3,California,Los Angeles ,3,0,3,3,,,,,,,,1,2,2,,,,,,,1,,
663e26ccdbc470527165388b,7/29/25 8:28,853,,,1,,57,1,4,,1,3,,,,,,,,,7,,,1,1,2,4,2,1,4,4,4,4,2,3,1,2,2,2,2,2,3,3,4,3,0,1,35000,42000,2,45000,37000,65000,80000,2,84000,78000,60000,,,,,2,2,2,2,2,0,2,2,4,1,3,5,4,2,2,1,5,1,3,4,3,2,1,1,,1,,1,,,1,1,,,,,,,1,,1,1,North Carolina,28012,2,North Carolina,Shelby,2,0,6,6,6,9,,,,,1,,3,3,1,,,1,,,,,Everything was clear.
5dfe8e7bdc8535b21b18ea2f,7/29/25 8:28,796,,,1,,44,0,4,,1,4,,,1,,,,,,7,,1,,1,1,5,1,1,5,4,2,5,1,1,2,3,1,2,2,2,3,3,3,3,1,1,64000,80000,2,85000,75000,,80000,2,85000,70000,75000,,,,,1,6,0,2,2,0,0,2,2,3,4,2,1,5,4,1,5,1,5,4,2,2,1,1,1,,,1,,,2,2,,,,,,,1,,1,1,Illinois,60407,1,Illinois,Elgin,2,0,7,7,7,7,1,,,,,,2,3,1,,,1,,,1,,
675b6bf5887bccb7fad6c44d,7/29/25 8:28,1760,,,.80000001,,37,1,5,,1,4,,1,1,,,,,,3,,1,,3,2,5,5,4,3,5,5,5,3,3,2,2,1,2,2,3,3,3,3,3,0,1,45000,60000,2,80000,50000,95000,135000,2,145000,120000,150000,,,1,150000,5,5,0,0,0,0,0,0,3,1,4,2,5,3,4,3,5,1,4,3,1,1,1,2,,1,,1,,,3,4,,,,,,,1,,1,1,Georgia,,3,Georgia,,2,0,7,7,7,7,1,,,,,,3,3,1,,,1,,,,,
66b629016f7dd536321ee5f8,7/29/25 8:28,614,,,1,,57,1,5,,1,3,,,,,,,,,5,1,,,2,3,5,5,3,5,5,4,5,2,4,2,3,-1,1,2,1,2,1,2,2,0,1,10000,40000,2,50000,20000,69000,50000,2,50000,35000,75000,,,,,5,3,0,0,0,0,0,0,4,1,3,5,4,2,2,5,4,2,4,1,1,1,1,4,,1,,1,,,2,2,,,,,,,1,,1,1,Pennsylvania,17815,2,Pennsylvania,Berwick,2,0,4,6,3,3,,,1,,,,1,1,,1,,,1,,,,
615d2de8bfd11d57af47423a,7/29/25 8:28,515,,,1,,59,1,5,,1,5,,1,1,,,,,,6,1,,,1,1,5,1,1,5,5,4,5,2,2,1,3,1,2,2,2,3,3,3,2,1,0,33500,25000,2,30000,20000,,,,,,25000,,,,,1,1,0,2,2,0,0,0,2,4,1,5,3,2,4,1,4,2,3,3,1,2,2,1,1,,,,,1,1,1,,,,,,,1,,1,1,Pennsylvania,15301,2,Pennsylvania,Cokeburg,1,0,4,4,3,3,1,,,,,,3,3,1,,,1,,,,,
67da33c4bf8b1833da2d333d,7/29/25 8:28,794,,,.89999998,,47,1,4,,1,4,1,1,,,,,,,6,,1,,2,2,4,3,1,4,4,2,1,1,1,2,2,5,2,2,1,3,3,3,4,1,0,120000,160000,2,150000,120000,,,,,,60000,,,,,10,10,0,1,2,0,0,0,2,1,3,2,4,5,1,3,5,2,4,3,3,2,2,1,,1,,,,1,1,1,,,,,,,1,,1,1,Texas,76060,2,Texas,Arlington,2,0,6,7,5,5,1,,,,,,2,2,1,,,1,,,,,
65f8deda728990a99bc12b21,7/29/25 8:28,1065,,,1,,39,1,5,,1,5,,,,1,,,,,1,1,,,1,1,4,2,1,4,5,5,5,2,2,2,3,1,1,1,1,3,3,4,2,1,0,12000,35000,2,60000,25000,,,,,,24000,,,0,35000,2,3,0,0,2,0,0,0,4,1,2,5,3,4,4,1,2,4,2,1,3,3,4,5,1,,,,,1,0,0,,,,,,,1,,1,1,Florida,32256,2,Florida,Orlando ,2,0,4,4,6,6,,1,,,,,3,3,1,,,1,,,,,
6272bd000471b3d9ed5d4da5,7/29/25 8:28,1298,1,,.1,,43,0,1,,1,1,,,,,,1,1,,1,,,1,5,4,2,2,2,2,1,1,2,2,5,2,2,1,2,3,1,3,2,3,4,0,1,10000,100000,2,150000,50000,49000,100000,2,150000,50000,50000,,,,,1,2,2,2,2,2,2,2,1,5,3,4,2,1,1,5,4,2,5,3,2,1,2,1,1,,,,,1,0,-1,,,,,,,1,,1,1,Florida,32792,2,New York,Mineola,2,0,7,7,7,3,,,1,,,,1,1,,1,,,1,,1,,The questions were not confusing at all and the survey length was perfect. I believe that high income earners should never be penalized for their financial success. So I believe it to be unfair to redistribute taxes. I felt that this study attempted to sway me in that direction. I appreciate having the chance to select my own values regardless and I thank you for the opportunity.
5f1b2816e83bcd2d4563a28b,7/29/25 8:28,877,,,1,,53,1,5,,1,3,,,,,,,,,6,,,1,1,2,4,5,1,5,3,4,5,4,3,1,1,2,1,1,1,3,2,3,1,1,0,15000,10000,2,10000,10000,,,,,,20000,,,,,1,1,0,0,0,0,0,0,5,1,2,3,4,5,5,2,1,3,2,1,1,1,5,5,,1,,,,1,5,5,,,,,,,1,,1,1,Alabama,35063,1,Texas,bay city,3,0,3,3,2,3,,,,,1,,2,2,,,,,,,,,
5f69ca3d8c30bb0008f456b5,7/29/25 8:28,798,,,1,,52,1,4,,1,4,,1,1,,,,,,7,1,,,2,1,5,3,1,5,3,4,4,2,5,3,4,2,2,2,1,4,3,4,1,0,1,10000,30000,2,30000,10000,99000,150000,2,150000,100000,130000,,,,,5,5,0,0,0,0,0,0,4,1,2,4,5,3,5,5,1,4,2,1,5,1,2,5,,1,,,,1,0,0,,,,,,,1,,1,1,Minnesota,55106,3,Minnesota,Saint Paul,3,0,4,4,3,3,,,1,,,,3,2,1,,,1,,,,,Thank you for the opportunity to participate.
5c2c6e432c45d400014a35e3,7/29/25 8:28,1157,,,1,,42,1,5,,1,3,,,,,,,,,7,,1,,1,1,5,3,1,5,5,5,5,1,1,2,2,1,1,2,1,1,2,3,2,0,1,35000,45000,2,55000,35000,65000,75000,2,85000,65000,100000,,,,,1,1,0,0,0,0,0,0,5,3,2,5,4,1,5,5,3,3,2,2,2,2,3,4,1,,,,1,,1,1,,,,,,,1,,1,1,Texas,75785,1,Massachusetts,Methuen,2,4,6,7,3,3,1,,,,,,3,3,1,,,1,,,,,
674073d8479b986ba8d799ec,7/29/25 8:28,1172,,,1,,31,0,5,,1,5,,1,,,,,,,7,1,,,1,4,5,3,1,4,4,4,5,1,4,1,2,1,2,2,3,3,4,4,3,1,1,42000,120000,3,150000,60000,,300000,2,400000,140000,60000,,,1,200000,10,5,0,0,2,0,0,0,3,3,1,2,5,4,4,3,4,2,3,4,3,2,1,4,,1,,,,1,0,2,,,1,,,,,,1,1,Maryland,21620,2,Maryland,Chestertown,2,0,7,7,6,6,1,,,,,,2,3,,1,,,1,,,,
62728f0c68b9ecf571a2dbd4,7/29/25 8:28,815,,,1,,41,1,5,,1,5,,1,,,,,,,7,,,1,1,1,4,1,2,5,5,5,5,2,1,1,2,1,1,2,1,3,3,2,2,0,1,60000,100000,1,100000,70000,124000,250000,1,270000,100000,100000,,,,,2,1,0,2,2,0,0,2,5,1,4,2,3,5,4,2,4,2,3,3,1,2,2,1,1,,,,,1,0,0,,,1,,,,,,1,0,Texas,76201,3,Texas,Denton,3,0,4,4,5,6,1,,,,,,3,3,,,,1,,,,,
63e52250d3c1483ed7be8ed8,7/29/25 8:28,1278,,,1,,50,1,2,,1,4,,1,1,,,,,,6,,,1,4,3,5,3,4,4,4,2,4,1,4,4,4,2,2,3,3,3,3,3,3,1,1,10000,15000,2,25000,10000,,80000,2,85000,60000,75000,,,,,2,3,0,0,0,0,0,0,3,2,1,4,3,5,4,3,4,3,3,2,2,3,3,1,,1,,1,,,1,1,,1,,,,,,,0,0,Texas,77095,2,I did not reside in the United States,,1,0,6,6,6,6,,1,,,,,1,1,,1,,,1,,1,,
662939026740389d07b16f23,7/29/25 8:28,878,,,1,,52,0,2,,1,2,,,,,1,1,1,,2,,,1,2,2,2,5,4,1,1,1,2,3,5,4,5,4,3,3,2,1,1,2,4,1,1,70000,100000,2,150000,75000,,180000,2,210000,120000,100000,,,,,2,5,0,2,2,0,0,0,2,1,2,5,3,4,4,3,2,3,4,2,2,1,3,1,1,,,,1,,3,3,,,,,,,1,,1,1,Arkansas,72032,2,Arkansas,Marshall,2,0,9,9,3,3,1,,,,,,1,1,,1,,,1,,,,
5c2e693a86a578000141ca47,7/29/25 8:28,634,,,1,,47,0,3,,1,3,,,,,,,,,7,,,1,1,1,5,2,3,5,4,4,5,1,3,2,4,1,2,1,1,3,3,3,2,0,1,40000,50000,2,50000,42000,90000,110000,2,110000,95000,90000,,,,,1,1,1,2,2,0,2,2,4,1,2,5,4,3,3,1,4,3,3,2,4,2,3,1,,1,,1,,,1,1,,,,,,,1,,1,1,Florida,33952,2,Indiana,Anderson,3,0,6,6,5,3,1,,,,,,3,3,1,,,,,,,,
558fd02cfdf99b39cb035e5d,7/29/25 8:28,829,,,1,,53,1,4,,1,4,,,,1,,,,,2,,1,,1,1,5,-1,1,5,4,5,5,2,3,2,3,1,1,1,1,-1,-1,3,2,1,0,35000,30000,1,45000,20000,,,,,,50000,,,,,1,2,0,0,0,0,0,0,3,1,2,4,5,3,3,1,1,4,2,3,4,2,4,1,1,,,,,1,0,0,,,,,,,1,,1,1,Pennsylvania,17022,1,New York,Westbury,2,0,3,3,3,3,1,,,,,,3,3,1,,,1,,,,,
671d0a511d7089c757cf2dcd,7/29/25 8:28,846,,,1,,52,1,5,,1,5,,,1,,,,,,6,,1,,1,5,5,5,3,5,5,5,5,2,1,3,3,4,2,3,3,4,4,4,3,0,0,30000,75000,3,75000,65000,32000,,,,,50000,,,,,5,5,0,0,0,0,0,0,4,2,3,1,4,5,4,3,5,1,5,2,2,2,2,1,,1,,,,1,4,4,,,,1,,,,,1,1,Ohio,43920,1,Ohio,east liverpool,1,0,4,6,6,6,1,,,,,,1,1,,1,,,1,,,,thank you
568c67547374ad000cc7448c,7/29/25 8:28,665,,,1,,43,1,5,,1,5,,1,1,,,,,,7,1,,,1,1,5,2,1,5,5,4,5,2,3,1,2,2,1,1,1,1,1,2,2,1,0,54000,60000,2,70000,35000,,,,,,75000,,,,,8,5,2,2,2,0,0,2,4,1,2,3,4,5,4,2,2,4,1,3,4,3,5,5,1,,,,,1,0,0,,,,,,,1,,1,1,Florida,32303,3,Ohio,Middletown,2,0,6,6,3,3,1,,,,,,3,3,1,,,1,,,,,
62faba5f904642df812944fa,7/29/25 8:29,781,,,1,,70,1,5,,1,5,1,,,,,,,,7,,,1,1,1,5,1,1,5,5,3,5,5,5,1,1,2,1,-1,1,3,2,2,1,1,0,43000,35000,1,40000,25000,,,,,,60000,,,,,1,1,0,2,2,0,0,0,5,1,2,5,4,3,1,2,4,3,3,3,3,2,1,1,,1,,,,1,2,2,,,,,,,1,,1,1,Florida,34953,2,Ohio,Dayton,3,0,3,3,3,3,,1,,,,,2,2,1,,,1,,,,,Thanks!
66edfefac3a39cc9aa52668a,7/29/25 8:29,1397,,,1,,60,1,5,,1,3,,,,,,,,,7,,,1,2,1,5,4,2,5,5,5,5,3,4,2,2,3,1,2,1,1,1,3,1,0,1,16800,16800,3,20000,16800,14400,20000,2,20000,20000,26000,,,,,5,6,0,2,2,0,2,2,5,1,3,2,5,4,3,2,5,1,1,1,1,2,1,5,,1,,,,1,1,1,,,,,,,1,,1,1,Texas,76208,2,Arizona,Ash Fork,2,0,4,4,2,6,,,,,1,,2,2,,,,,,,,,
674f320a16eba7f4a31ed965,7/29/25 8:29,810,,,1,,47,1,5,,1,4,,,1,,,,,,6,1,,,1,1,5,2,1,5,5,2,4,2,2,2,3,1,1,1,1,3,3,3,2,0,1,5000,15000,1,30000,10000,23000,30000,2,40000,20000,28000,,,,,1,1,0,2,2,0,0,0,4,1,2,5,4,3,4,2,3,3,2,2,2,1,3,1,1,,,,1,,1,1,,,,,,,1,,1,1,Pennsylvania,16229,1,Pennsylvania,freeport,1,0,6,6,3,4,,,,,,1,3,2,1,,,1,,,,,
66568e65d6c28172319a8d9f,7/29/25 8:29,773,,,.80000001,,60,1,4,,1,4,,1,,,,,,,6,,1,,2,4,5,1,2,5,5,4,5,1,2,2,2,5,2,2,2,2,2,3,3,1,0,47000,60000,2,75000,40000,,,,,,50000,,,,,5,5,0,0,0,0,0,0,4,2,1,4,5,3,2,2,5,2,3,2,1,2,5,4,,1,,,,1,0,0,,,1,,,,,,1,1,Georgia,30016,2,Kentucky,Louisville ,3,0,7,7,1,1,,1,,,,,2,3,1,,,1,,,,,
5deacc35443d0b1fe86a4f32,7/29/25 8:29,535,,,1,,30,1,4,,1,3,,,,,,,,,4,,,1,1,1,5,2,4,3,4,5,5,1,2,3,3,1,2,3,2,1,1,2,3,0,1,5000,75000,1,75000,25000,75000,90000,1,85000,60000,65000,,,1,90000,6,6,0,0,0,0,0,0,4,1,4,3,5,2,5,2,2,3,3,3,4,3,4,4,,1,,,,1,0,2,,,,1,,,,,1,0,Idaho,83401,1,Idaho,Rexburg,3,0,4,5,1,1,,,,,,1,3,3,1,,,1,,,1,,
66919e2f0a86d780d3c3e591,7/29/25 8:29,856,,,1,,66,1,5,,1,5,,,1,,,,,,7,,,1,1,1,2,1,1,5,5,4,5,3,5,1,1,1,1,1,1,3,3,3,1,1,0,40,70,1,60,40,,,,,,50,,,,,1,3,0,0,2,0,0,0,5,1,2,3,5,4,4,2,3,3,4,1,3,1,4,1,1,,,,,1,0,0,,,,,,,1,,1,1,New Jersey,08629,2,New Jersey,trenton,2,0,4,4,3,3,,1,,,,,3,2,1,,,1,,,1,,
63d7b127485d5655e70c8282,7/29/25 8:29,805,,,1,,35,1,5,,1,3,,,,,,,,,6,1,,,1,1,4,4,1,4,5,5,5,3,2,2,4,1,2,3,2,2,2,2,2,1,1,50000,100000,3,85000,70000,,100000,3,80000,70000,60000,,,1,65000,2,2,0,0,0,0,0,0,4,1,4,2,5,3,2,4,4,2,3,3,3,2,1,2,1,,,,,1,1,2,,,1,,,,,,1,1,New York,10466,3,New York,bronx,3,0,6,7,5,5,1,,,,,,3,3,1,,,1,,,1,,
663abe859bcc3ea8ef9bbdf3,7/29/25 8:29,1448,,,1,,59,1,5,,1,3,,,,,,,,,4,,1,,-1,3,5,3,2,5,5,5,5,3,1,2,3,-1,2,2,-1,4,3,3,3,0,0,174000,70000,2,70000,65000,174000,,,,,140000,,,,,10,10,0,0,0,0,0,0,3,2,4,3,5,1,3,1,5,1,5,4,1,2,1,2,,1,,1,,,3,0,1,,1,,,,,,1,1,Illinois,60626,3,Alabama,Mobile,2,2,5,5,4,4,1,,,,,,3,3,1,,,1,,,,,
645906dc264ac9eb66b7f3ec,7/29/25 8:29,535,,,1,,50,1,5,,1,5,,1,1,,,,,,7,,1,,1,1,5,2,2,4,4,4,4,2,2,2,1,2,1,1,1,1,3,1,1,0,1,7000,7000,1,10000,0,29000,35000,2,40000,29000,50000,,,,,1,1,0,0,0,0,0,0,2,1,3,4,5,2,3,1,2,4,1,1,3,4,1,1,,1,,,,1,3,0,,,,,,,1,,1,1,Georgia,31525,1,Missouri,Sikeston,1,0,4,4,3,2,,1,,,,,3,3,1,,,1,,,1,,"To explain: I work for Prolific, and it's not a stable source of income. I own my home because someone gave us a cheap trailer, valued at less than $4400 dollars. I hope this explains my answers."
61082e086188b2dd15182697,7/29/25 8:29,529,,,1,,41,0,3,,1,3,,,,,,,,,3,,,1,2,3,4,4,3,3,2,2,3,2,2,3,3,2,2,2,2,3,3,4,3,1,0,41000,49000,2,55000,45000,,,,,,41000,,,,,5,5,0,2,2,0,0,0,4,2,4,5,1,3,4,2,4,2,4,3,2,2,2,1,,1,,,,1,2,2,,,,,,,1,,1,1,Tennessee,37036,1,Tennessee,Charlotte,1,0,3,3,3,3,1,,,,,,1,1,,1,,,1,,1,,
657d9d56eb56655941d8483f,7/29/25 8:29,2382,1,,.30000001,,49,1,4,,1,2,,,,,,1,1,,6,,1,,2,4,4,5,2,3,1,4,3,1,4,3,1,5,2,3,2,2,3,3,5,1,1,120000,150000,2,160000,120000,,160000,2,170000,120000,130000,,,,,3,5,2,2,0,0,0,0,4,5,2,1,3,4,4,4,4,3,3,3,4,3,5,3,1,,,1,,,3,3,,,,,,,1,,1,1,New York,11001,3,Florida,florida,3,0,8,8,3,4,1,,,,,,1,1,,1,,,1,,,1,
623537f22ffeb94d58da7a10,7/29/25 8:29,923,,,1,,53,1,4,,1,4,,1,,,,,,,6,1,,,1,1,4,1,1,2,4,2,4,1,1,1,2,1,1,1,1,2,-1,2,3,0,1,45000,47000,2,50000,25000,85000,87000,2,90000,45000,100000,,,,,5,1,0,0,2,0,0,0,4,4,5,3,2,1,5,3,5,1,4,4,2,2,2,3,,1,,1,,,0,0,,,,,,,1,,1,1,Montana,59068,1,Montana,Red Lodge,1,0,4,4,5,,1,,,,,,2,3,1,,,1,,,,,
610a151c96de07b15f28c8cb,7/29/25 8:29,664,,,1,,61,0,1,,1,3,,,,,,,,,3,,,1,3,3,2,4,2,1,1,1,3,3,5,5,5,4,2,-1,-1,2,1,2,1,1,0,35000,35000,2,40000,35000,,,,,,40000,,,,,3,5,0,2,2,0,2,0,4,1,2,4,5,3,4,1,4,3,2,1,2,1,4,1,1,,,,,1,0,0,,,,,,,1,,1,1,Alabama,35151,1,Alabama,Sylacauga,1,0,3,3,3,3,,,,,1,,1,1,,1,,,1,,,,
5d88db42c1d06e001a1fdcab,7/29/25 8:29,687,,,1,,50,0,2,,1,3,,,,,,,,,5,1,,,2,2,5,4,2,1,1,2,2,1,4,1,2,2,2,2,2,3,3,3,3,0,1,45000,55000,2,60000,45000,120000,140000,2,150000,120000,120000,,,,,1,5,0,0,2,0,0,0,4,1,2,4,3,5,2,1,4,3,3,2,2,2,3,1,,1,,1,,,2,2,,,,,,,1,,1,1,Illinois,62220,2,Illinois,Mt. Vernon,2,0,6,6,6,6,1,,,,,,1,1,,1,,,1,,1,,
67effb672ea2c0607a5db8e6,7/29/25 8:29,2018,,,.89999998,,43,1,4,,1,2,,,,,1,,,,7,1,,,2,2,5,5,2,4,4,4,4,3,4,3,3,2,2,2,3,3,2,2,3,1,1,45000,80000,3,100000,25000,,100000,3,150000,30000,70000,,,,,7,5,0,0,0,0,0,0,4,1,3,2,5,4,4,5,4,2,4,3,3,2,2,1,,1,,1,,,3,3,,,1,,,,,,1,1,Georgia,30810,1,Georgia,Gibson,1,0,6,7,3,4,1,,,,,,2,3,1,,,1,,,,,The questions were very clear.
5fba9fdd33207faa35f61df3,7/29/25 8:29,722,,,1,,45,1,5,,1,3,,,,,,,,,7,,,1,1,1,5,5,1,5,5,5,5,1,1,1,2,1,1,1,1,2,2,2,3,0,1,80000,90000,1,95000,75000,150000,180000,1,190000,130000,100000,,,,,10,1,2,2,2,2,2,2,5,1,2,4,5,3,2,3,5,2,4,3,2,1,2,2,1,,,1,,,1,1,,,,1,,,,,1,0,California,92840,2,California,Garden Grove,2,0,6,6,3,4,1,,,,,,1,2,1,,,1,,,,,
67911b9be5af0ac0763a28c7,7/29/25 8:29,1318,,,1,,59,1,5,,1,4,,,1,,,,,,7,1,,,2,2,4,1,2,4,5,4,5,2,2,2,3,1,2,2,2,2,2,2,3,0,1,155000,170000,2,180000,160000,155000,170000,2,190000,160000,90000,,,,,2,5,0,2,2,0,2,2,2,2,3,1,5,4,4,2,5,1,3,3,2,2,2,1,1,,,1,,,2,2,,1,,,,,,,0,0,California,91342,2,California,Manila,2,0,6,6,6,6,,,,,1,,2,3,1,,,1,,,,,This is an important issue that needs attention.  I answered all the questions honestly and to the best of my ability.
5df2ebac820526203e557d37,7/29/25 8:29,1135,1,1,1,,57,1,5,,1,4,,1,,,,,,,6,,1,,1,2,4,2,1,4,4,5,5,2,4,3,3,2,1,1,1,2,2,2,1,0,1,14000,15750,2,15500,15000,39000,41000,1,43000,42000,50000,,,,,6,6,0,0,0,0,0,0,4,1,2,5,4,3,5,1,4,2,1,1,1,1,2,1,,1,,,,1,2,2,,,,,,,1,,1,1,Arkansas,72650,1,Arkansas,Marshall,2,0,3,3,3,3,,,,,1,,3,1,1,,,1,,,,,none
67574fde6acad8ce711e02f4,7/29/25 8:29,730,,,1,,47,1,5,,1,3,,,,,,,,,2,,1,,2,3,5,3,2,5,4,4,5,2,4,1,2,1,1,1,1,2,2,1,1,1,0,30000,45000,1,45000,25000,,,,,,45000,,,,,4,6,0,0,0,0,0,0,5,1,2,5,4,3,4,3,1,3,4,1,2,3,5,5,,1,,,,1,1,1,,,,,,,1,,1,1,Louisiana,70471,2,Florida,Pensacola ,2,0,4,6,3,3,1,,,,,,3,3,1,,,1,,,,,
66d7b253c64eb18aa549d79c,7/29/25 8:30,630,,,1,,57,0,1,,1,3,,,,,,,,,5,,,1,4,5,3,4,4,1,1,1,3,1,5,2,3,4,3,3,2,1,1,1,-1,0,0,170000,200000,1,350000,200000,170000,,,,,60000,,,,,5,5,0,2,2,0,0,0,1,4,1,5,2,3,5,3,5,1,3,4,1,1,2,1,,1,,1,,,1,1,1,,1,,,,1,,1,1,Nebraska,68114,3,Nebraska,Gibbon,1,0,6,6,3,3,1,,,,,,1,1,,1,,,1,,,,
65d8f6828f8bac48599ad880,7/29/25 8:30,1049,,,1,,68,1,4,,1,4,,1,1,,,,,,6,,,1,1,3,4,4,3,4,5,4,4,2,4,4,3,1,1,1,2,1,3,4,1,1,0,22000,18000,1,18000,15000,,,,,,26000,,,,,5,5,0,0,2,0,0,0,4,5,3,4,1,2,5,5,2,4,2,1,2,2,1,5,,1,,,,,2,2,,,,,,,1,,1,1,Missouri,63701,2,Missouri,St Charles,3,0,5,5,2,4,,,1,,,,2,2,,,1,1,,,,,No everything was fine. Thanks
611b8f8d34b5aed647a248e3,7/29/25 8:30,1129,,,1,,51,1,3,,1,3,,,,,,,,,6,,1,,1,1,5,5,3,4,4,3,4,2,5,3,2,3,1,2,1,1,1,1,2,1,0,39000,47000,1,45000,42000,,,,,,50000,,,,,6,6,0,2,2,0,0,2,5,1,3,5,4,2,2,2,5,1,5,4,1,1,3,1,1,,,,,1,0,0,,,,,,,1,,1,1,Florida,34952,2,Connecticut,new london,1,0,4,4,3,3,1,,,,,,1,1,,1,,,1,,,,no feedback
5484620efdf99b0379939c6a,7/29/25 8:30,975,,,1,,65,1,4,,1,4,,,,1,,,,,2,,,1,2,2,4,4,1,5,-1,-1,4,1,5,1,2,-1,2,-1,2,2,2,2,2,1,0,15500,15500,2,17000,13000,,,,,,15000,,,,,1,1,0,2,2,0,0,0,2,1,2,5,4,3,4,1,5,1,4,4,1,1,2,5,1,,,,,1,0,0,,,,,,,1,,1,1,Pennsylvania,16823,1,Pennsylvania,Centre Hall,1,0,3,3,3,3,,,1,,,,2,2,,,,,,,,,
56802e5fc5767f00121cc6a0,7/29/25 8:30,1004,,,1,,67,0,1,,1,1,,,,,,,,1,1,,,1,1,1,3,5,4,3,1,2,4,1,5,3,3,3,3,3,1,4,2,1,3,1,0,20000,23000,2,25000,23000,,,,,,20000,,,,,2,2,2,2,2,0,2,2,5,3,4,2,5,1,5,5,5,1,5,2,1,1,1,1,1,,,,,,5,5,,,,,,,1,,1,1,Arkansas,71921,1,Pennsylvania,Glenshaw,1,0,4,4,3,5,,,1,,,,1,1,,1,,,1,,,,"All good - Loaded fine in Chrome Browser - Cheers. Just make everyone pay 10%, the reason they don't is because it is not enough money because they keep spending money they don't have."
5e0b388b15ef4037cebdecc9,7/29/25 8:30,674,,,1,,52,0,4,,1,3,,,,,,,,,7,1,,,1,2,5,1,1,5,5,1,4,1,5,2,3,3,3,3,3,2,3,3,2,0,1,65000,60000,2,70000,0,85000,85000,2,100000,0,50000,,,,,1,1,0,2,2,0,0,0,3,1,4,2,3,5,1,1,4,2,2,3,2,1,4,1,1,,,,,1,0,0,,,,,,,1,,1,1,Virginia,20112,2,Virginia,Manassas,2,0,4,4,3,6,,,1,,,,2,2,1,,,1,,,1,,"I doesn't matter what the tax rate is, It matters whether the rich can hire experts to so they don't have to pay.  Its a shell game you are playing. "
6813dd9629f35dad5de66627,7/29/25 8:30,959,,,1,,65,1,4,,1,4,,1,1,,,,,,7,1,,,1,2,4,4,2,5,5,5,5,2,3,2,2,1,2,2,2,2,2,3,3,0,1,45000,55000,2,70000,30000,102000,200000,2,210000,150000,140000,,,,,5,5,0,0,0,0,0,0,3,1,2,5,4,3,4,5,4,2,3,4,2,2,2,3,1,,,1,,,3,3,,1,,,,,,,1,0,New Jersey,08830,2,New Jersey,Iselin,2,0,7,8,6,6,,,1,,,,2,2,,1,,1,,,,,
5c5485607614690001164951,7/29/25 8:30,705,,,1,,47,1,5,,1,4,,,1,,,,,,6,1,,,1,1,4,2,1,5,5,5,5,1,2,1,2,1,1,1,1,3,3,2,1,0,1,7500,20000,1,35000,8000,55000,60000,1,75000,40000,60000,,,,,2,5,2,2,2,0,2,2,2,3,1,2,5,4,5,3,4,3,3,2,2,2,4,5,,1,,,,1,2,2,,,,,,,1,,1,1,Georgia,30144,2,Florida,Tampa,2,0,3,3,4,3,,,1,,,,3,3,1,,,1,,,,,It was hard to estimate household income in ten years.
6110888158573651261c3100,7/29/25 8:30,836,,,1,,60,0,3,,1,3,,,,,,,,,4,,,1,4,4,4,4,2,5,3,4,5,3,4,3,3,1,1,1,2,3,3,3,3,0,1,25000,30000,1,35000,25000,70000,80000,1,90000,70000,2,,,,,2,5,0,2,2,0,0,0,4,1,2,5,3,4,3,2,3,3,2,3,3,3,4,5,,1,,1,,,1,1,,,,,,,1,,1,1,New York,11374,3,New York,Queens,3,0,3,3,6,6,,1,,,,,2,2,1,,,1,,,,,
5600b1e577f33b0005cb3364,7/29/25 8:30,686,,,1,,33,1,5,,1,5,,,,1,,,,,7,,,1,1,1,5,3,1,5,5,5,5,1,3,2,2,1,2,3,2,3,2,4,3,0,1,80000,90000,1,100000,45000,130000,150000,1,180000,100000,80000,,,1,120000,10,6,0,2,2,0,2,2,2,2,1,5,3,4,4,3,5,2,5,3,2,2,2,1,,1,,1,,,1,2,,1,,,,,1,,1,0,Maryland,20905,2,Maryland,Rockville,1,0,7,7,8,8,1,,,,,,3,3,1,,,1,,,,,
66d0d50958e3321c3e2ea453,7/29/25 8:30,1715,,,1,,45,1,5,,1,5,,1,,,,,,,6,1,,,1,2,5,5,1,4,5,5,5,1,1,2,2,1,1,1,1,2,3,2,1,1,0,70000,80000,1,80000,70000,,,,,,100000,,,,,2,5,0,0,0,0,0,0,5,1,2,4,5,3,4,1,2,4,1,1,2,2,3,5,,1,,,,1,1,1,,,1,,,,1,,1,1,New Jersey,08080,2,New Jersey,SEWELL,2,0,6,6,6,4,1,,,,,,3,3,1,,,1,,,,,
65cd164122345f20629bede9,7/29/25 8:30,1870,,,1,,50,1,5,,1,1,,,,,1,1,1,,3,1,,,1,5,5,1,1,5,5,5,5,1,1,3,3,2,1,1,2,2,3,4,3,0,1,7000,30000,1,20000,10000,50000,70000,1,65000,60000,75000,,,,,1,1,0,0,2,0,0,0,2,1,4,2,5,3,4,2,3,4,2,3,3,3,5,5,,1,,,1,,1,0,,1,,,,,,,0,0,Mississippi,39662,1,California,West Covina,2,0,6,6,5,5,,,,,,1,3,3,1,,,1,,,,,"One of the question (about the proposal), I chose reject slightly because I think the middle income deserve receiving those proposal. This country is built from low & middle classes. They are the one who pay taxes more than the upper class."
66632c96e56c2cc87923bf78,7/29/25 8:30,1636,,,1,,60,1,5,,1,3,,,,,,,,,7,1,,,1,1,5,2,1,5,5,4,5,1,1,2,3,1,3,3,3,4,2,4,3,1,0,55000,55000,2,65000,45000,,,,,,45000,,,,,5,8,0,2,2,0,0,2,4,2,1,3,5,4,5,5,4,1,4,2,1,2,1,1,,1,,,,1,2,2,,,1,,,,,,1,0,Georgia,30024,2,Massachusetts,Boston,3,0,6,6,6,6,,,1,,,,2,3,1,,,1,,,,,na
60623815ee01d8cc5943fefe,7/29/25 8:30,889,,,1,,56,0,1,,1,3,,,,,,,,,1,,,1,5,1,5,4,4,5,4,2,4,1,4,4,4,4,3,3,2,2,2,3,1,0,1,5000,40000,2,70000,24000,225000,230000,2,300000,150000,85000,,,,,1,1,0,2,2,0,0,2,2,3,1,5,2,4,4,4,5,3,2,3,3,2,2,2,,1,,1,,,2,2,,,,,,,1,,1,1,Ohio,44140,2,Ohio,Fairview Park,2,0,6,7,3,6,,1,,,,,2,1,,1,,,1,,,,Questions were straightforward and took many things into consideration.
57d0a0bee3221e00015fe385,7/29/25 8:30,541,,,1,,41,1,5,,1,5,,,1,,,,,,6,,,1,1,3,5,1,1,5,5,5,5,1,1,2,2,1,1,1,1,1,1,2,2,1,0,40000,42000,2,45000,38000,,,,,,90000,,,,,1,10,0,0,2,0,0,0,4,1,2,4,5,3,4,1,5,1,4,3,2,2,2,5,1,,,,,1,0,0,,,,1,,,,,1,0,California,92078,2,California,san diego county,2,0,4,4,6,3,1,,,,,,3,3,,,1,,,1,,,i chuckled at the 'are you at risk of not owning a home' question. it's not a risk if it's never going to be a consideration! 
6696a09612a7c019e4d67a7c,7/29/25 8:30,739,,,1,,56,0,1,,1,3,,,,,,,,,2,1,,,3,4,3,5,4,3,1,1,2,1,5,3,3,4,2,2,1,3,3,3,3,0,1,21000,25000,1,25000,21000,142000,120000,2,150000,110000,65000,,,,,1,10,0,2,2,0,0,2,2,1,3,4,5,2,4,5,5,1,2,4,1,1,2,1,,1,,1,,,3,3,,,,,,,1,,1,1,North Carolina,28107,1,North Carolina,Charlotte,1,0,3,3,3,3,,,1,,,,1,1,,1,,,1,,1,,
67f015260f679212b3c34caa,7/29/25 8:30,2070,,,1,,48,1,4,,1,4,,,1,,,,,,6,,,1,2,2,4,4,2,4,4,2,4,2,2,2,3,2,2,2,2,3,3,3,4,0,1,80000,100000,2,120000,90000,160000,200000,2,210000,195000,170000,,,,,6,4,0,0,0,0,0,0,4,2,4,1,5,3,2,4,4,2,3,4,2,2,2,1,,1,,1,,,2,2,,,,,,,1,,1,1,Florida,96750,3,Florida,Kissimmee,3,0,6,6,5,5,1,,,,,,1,1,,1,,,,,,,no
5737620867421f000d181393,7/29/25 8:30,3434,,,1,,47,1,5,,1,5,,,1,,,,,,7,1,,,1,1,5,1,1,5,5,3,5,5,1,1,3,1,1,-1,1,4,5,3,3,0,1,35000,50000,1,50000,0,130000,150000,1,200000,0,100000,,,,,10,10,0,2,2,0,0,0,2,1,2,4,3,5,3,3,2,4,3,2,2,3,3,1,,1,,1,,,2,2,,,,,,,1,,1,1,Colorado,80538,1,Michigan,Milford,1,0,6,6,6,3,1,,,,,,3,3,1,,,1,,,,,
5d4732b70829350016ed314d,7/29/25 8:30,947,,,1,,54,0,3,,1,3,,,,,,,,,5,,,1,3,2,5,4,2,3,1,3,3,2,5,1,2,2,2,2,2,3,3,3,2,1,0,31000,45000,1,50000,35000,,,,,,27000,,,,,1,2,0,2,2,0,0,2,2,1,5,2,4,3,2,3,4,2,4,1,2,1,2,3,1,,,,,1,0,0,,,1,,,,,,1,1,Illinois,60406,3,Illinois,Chicago,3,0,2,3,3,3,1,,,,,,1,1,,1,,,1,,,,
66e8c6e99be9621d5b1ed1fa,7/29/25 8:30,1461,,,.89999998,,50,1,5,,1,2,,,,,,1,,,2,,,1,5,5,5,5,4,5,4,4,5,5,4,4,5,1,2,2,3,4,4,4,3,1,1,175000,525000,3,250000,50000,,250000,2,200000,50000,200000,,,,,6,10,0,0,2,0,2,2,4,1,3,2,5,4,5,1,3,1,5,2,2,1,1,1,1,,,1,,,2,2,,,,,,,1,,1,1,Texas,77002,2,Texas,houston,2,4,7,7,7,7,1,,,,,,1,1,,1,,,1,,,,nice one
65fcbef9c049f244c19faea4,7/29/25 8:30,1655,,,1,,66,1,4,,1,4,,,,1,,,,,7,1,,,1,1,5,4,2,4,5,4,5,4,5,3,4,2,2,2,1,2,3,2,2,0,1,49000,32000,2,35000,24000,51500,38000,1,45000,26500,34000,,,,,5,7,0,2,2,0,0,0,4,1,2,3,5,4,4,2,4,3,2,4,4,2,2,5,,1,,,,1,2,2,,,,,,,1,,1,1,Illinois,60099,2,Illinois,Chicago,3,0,3,3,3,3,1,,,,,,1,1,,1,,,1,,,,
57210674951c9b0011d3eaaa,7/29/25 8:30,1030,,,.89999998,,60,1,5,,1,4,,,1,,,,,,7,,,1,1,2,4,4,2,5,4,2,5,1,1,3,3,5,2,2,2,2,2,2,4,1,0,127000,75000,2,150000,65000,,,,,,75000,,,,,10,10,0,2,2,0,0,0,1,1,4,5,3,2,4,1,5,1,3,4,2,2,1,1,1,,,,,1,0,0,,,1,,,,,,1,1,Illinois,60162,2,Illinois,Chicago,3,0,6,6,4,3,1,,,,,,2,3,1,,,1,,,,,
67dca3ca8f388d1638a68ad9,7/29/25 8:30,1470,,,1,,62,1,4,,1,4,,1,,,,,,,4,,,1,2,3,5,5,3,4,4,4,3,2,4,3,3,5,3,3,3,3,3,3,4,0,1,90000,120000,2,140000,100000,160000,200000,2,220000,190000,150000,,,,,6,5,0,0,0,0,0,0,4,1,4,2,5,3,4,4,4,1,3,3,3,2,2,1,1,,,1,,,4,4,,,1,,,,,,1,1,California,90037,2,California,California,2,4,6,7,3,3,1,,,,,,1,1,,,,,1,,,,
5694e7b5e0c800000b5a3841,7/29/25 8:30,789,1,,.40000001,,52,0,1,,1,3,,,,,,,,,1,,,1,1,5,5,5,5,1,1,1,1,1,5,2,3,3,3,3,2,4,3,3,3,1,0,52000,70000,2,80000,60000,,,,,,45000,,,,,1,1,0,2,2,0,0,2,2,1,2,3,5,4,4,2,5,1,1,2,1,1,2,3,1,,,1,,,2,2,,,,,,,1,,1,1,Florida,32309,2,Alabama,birmingham,3,0,3,3,3,3,1,,,,,,1,2,,1,,,1,,1,,
5c2ab2de9136140001b90737,7/29/25 8:30,676,,,1,,61,1,5,,1,4,,,,1,,,,,7,1,,,1,1,5,1,1,5,5,4,5,4,1,1,3,4,2,2,2,2,3,3,3,0,1,41000,35000,1,40000,20000,140000,75000,1,50000,50000,100000,,,,,5,6,0,2,2,0,2,2,1,2,4,5,1,3,4,2,5,2,3,4,3,3,2,3,,1,,,1,,1,1,,,,,,,1,,1,1,New Jersey,08638,2,Connecticut,East Hampton,2,0,4,4,4,9,1,,,,,,3,3,1,,,1,,,,,"nothing was confusing, length was fine"
640542a41c8bf2690ddcf271,7/29/25 8:30,1417,,,.89999998,,57,0,2,,1,3,,,,,,,,,3,,1,,4,3,4,2,5,1,1,2,1,2,5,1,2,5,2,2,2,3,2,4,2,1,1,8000,50000,2,60000,30000,,50000,1,60000,30000,40000,,,,,1,5,2,2,2,0,0,2,2,1,2,4,3,5,4,1,3,2,2,4,2,1,2,5,1,,,,,1,0,0,,,,,,,1,,1,1,Wisconsin,53188,2,Wisconsin,Waukesha,2,0,4,4,3,3,,,,,1,,1,1,,,,,,,,,"The only problem was the phrasing of a few questions about potential incomes and it asked for a number and had either the word good or bad in strange places in the sentence where it was tough to tell what was being asked. ( such as ""what is the highest wage good you would expect in the future."""
612fa6644526903f736cf925,7/29/25 8:30,723,,,1,,60,0,3,,1,3,,,,,,,,,6,,1,,1,2,4,5,2,3,2,1,3,2,5,3,3,5,2,2,-1,1,1,2,3,1,1,54000,60000,2,62000,58000,,60000,2,62000,62000,54000,,,,,10,10,0,0,2,0,0,0,2,2,5,1,4,3,3,2,5,1,1,2,2,1,1,1,1,,,1,,,2,2,,,,,,,1,,1,1,Arizona,85015,3,New Jersey,Flanders,1,0,3,3,1,1,1,,,,,,1,1,,1,,1,,,,,
5d60b5beea1c1c0001c98bf6,7/29/25 8:30,1271,,,1,,67,1,5,,1,4,,1,,,,,,,6,1,,,1,1,4,4,2,5,5,1,4,4,4,1,1,1,2,2,-1,3,3,3,3,1,0,42000,30000,1,32000,28000,,,,,,40000,,,,,1,1,2,2,2,0,2,2,5,1,2,5,4,3,5,1,5,1,2,3,1,2,1,1,,1,,,,1,1,1,,,,,,,1,,1,1,Florida,33907,3,Connecticut,North Haven,2,0,3,3,3,3,1,,,,,,2,2,,,,1,,,,,
656000af0e4ff12b601488e1,7/29/25 8:31,864,,,.80000001,,41,1,5,,1,5,,1,1,,,,,,5,,1,,1,1,4,2,2,5,5,5,5,5,1,1,2,1,1,1,1,1,1,2,2,0,1,40000,50000,2,60000,40000,80000,100000,2,110000,80000,120000,,,,,10,1,0,0,2,0,0,0,4,1,2,5,4,3,2,2,4,3,3,3,2,2,2,4,,1,,1,,,0,0,,1,,,,,,,1,0,Nebraska,68521,3,Nebraska,Lincoln,3,0,6,6,3,3,1,,,,,,3,3,1,,,1,,,,,
652423321917b76cf71dfbbd,7/29/25 8:31,1024,1,1,1,,71,1,5,,1,4,,,1,,,,,,2,,1,,1,2,4,1,5,5,5,4,4,4,4,1,1,2,2,1,2,4,2,2,2,1,0,20000,20000,1,24000,10000,,,,,,35000,,,,,5,3,0,0,0,0,0,0,5,4,1,5,3,2,5,2,2,1,2,2,2,3,3,5,,1,,,,1,4,4,,,,,,,1,,1,1,Arizona,85719,3,Florida,Tampa,2,0,5,5,4,4,,,,,1,,3,3,1,,,1,,,,,
642ebb6e7b4f5c2556516c4c,7/29/25 8:31,1294,1,1,1,,64,1,2,,1,4,,1,,,,,,,5,,1,,4,4,4,4,4,4,4,5,4,4,4,3,3,2,2,2,3,1,2,3,2,0,1,100000,80000,2,75000,75000,500000,800000,2,600000,700000,12000000,,,,,6,8,0,2,0,0,0,0,5,1,2,3,5,4,3,4,3,2,3,2,3,2,2,3,1,,,1,,,2,2,,,1,,,,,,1,1,Virginia,22314,3,Illinois,Arlington,3,4,7,7,9,9,,,,,,1,2,2,1,,,1,,,,1,
62b601e089d3d1134aed066b,7/29/25 8:31,652,1,1,1,,73,1,5,,1,3,,,,,,,,,7,,,1,1,1,5,1,1,5,5,2,5,1,1,2,2,1,2,2,2,1,2,1,4,0,1,60000,60000,3,70000,60000,124000,130000,2,135000,126000,75000,,,,,10,10,2,2,2,0,2,2,1,3,5,4,1,2,5,1,5,1,1,4,1,5,2,1,,1,,1,,,2,2,,,,,,,1,,1,0,South Carolina,29707,2,New York,East Meadow,2,0,6,6,3,7,,,,,1,,3,3,1,,,1,,,,,"The question regarding children could be a bit more clear. I have 2 adult children, and grands, and will not have any more children of my own. The question asking how many children I will have in the future could have been 0 as I won't have any more or 2 which are my 2 current adult children. I chose 2 as I just couldn't eliminate them, could I? 😂 "
6123fc5fe45f1905d9e7fe29,7/29/25 8:31,712,,,1,,64,1,5,,1,3,,,,,,,,,7,,1,,1,1,5,2,2,5,5,1,4,2,4,2,2,1,2,2,2,3,3,3,4,1,0,200000,150000,2,150000,120000,,,,,,120000,,,,,10,3,0,2,2,0,0,2,2,1,2,5,3,4,4,2,4,3,3,4,2,2,2,1,1,,,1,,,3,3,,,,,1,,,,0,0,California,91701,2,California,Melbourne,2,0,6,6,6,4,1,,,,,,2,2,1,,,1,,,,,
644b1e452a0061d713dcbf4a,7/29/25 8:31,2357,,,.89999998,,51,1,5,,1,5,,,,1,,,,,6,1,,,2,2,3,2,4,4,4,2,4,2,4,2,3,-1,2,2,2,-1,-1,3,2,1,0,17000,40000,1,50000,12000,,,,,,30000,,,,,3,1,0,0,2,0,0,0,4,1,2,4,5,3,2,2,4,2,2,4,3,2,5,1,1,,,,,1,0,0,,1,,,,,,,0,0,Colorado,80222,2,Colorado,Denver,2,0,4,4,,,,,1,,,,3,3,,,,,,,,,
662525167a7b278724e3783f,7/29/25 8:31,1820,,,1,,75,1,4,,1,4,,1,,,,,,,7,,,1,2,2,4,1,1,5,4,1,4,1,4,3,3,2,1,2,2,3,3,4,2,1,0,18000,30000,2,30000,24000,,,,,,22000,,,,,1,1,0,2,2,0,0,0,4,2,4,1,3,5,2,2,5,1,3,1,1,2,1,5,1,,,,,,1,1,1,,,,,,1,,1,1,Florida,34994,3,New York,Cortland,2,0,4,4,3,3,,,,,1,,2,2,,,,,,,,,"Good survey, thanks"
66b93ce3b56af4ec46b0235a,7/29/25 8:31,1436,,,1,,54,1,4,,1,3,,,,,,,,,5,1,,,2,4,4,4,3,3,4,3,4,2,2,3,3,5,1,-1,-1,3,4,3,2,0,1,35000,45000,2,50000,40000,35000,40000,2,50000,45000,55000,,,,,10,10,0,0,0,0,2,0,4,2,5,1,3,4,4,2,4,3,3,1,2,3,3,4,,1,,1,,,2,-1,,,1,,,,,,1,1,Arizona,85029,3,California,Los Angeles ,3,0,4,4,5,4,,1,,,,,3,3,,1,,,,,,,Great survey 
5dc483cf74939e34e55c3619,7/29/25 8:31,668,,,1,,75,1,5,,1,5,,1,1,,,,,,6,1,,,1,2,4,1,1,5,5,3,5,1,4,2,3,2,2,1,1,3,3,3,2,0,0,35000,21000,2,25000,18000,44000,,,,,44000,,,,,10,5,0,2,2,0,0,2,2,5,2,3,1,4,4,2,4,3,1,4,3,1,1,1,1,,,,1,,3,3,,,,,,,1,,1,1,Washington,99204,3,Oregon,Portland,3,0,4,4,6,6,,1,,,,,3,3,1,,,1,,,,,"I'm old so some of the future forecasting was hard-ish, but finally I figured that in 5 or 10 years my estate would appreciate the $2000 to share among my three adult children."
6632a8b08840feed9c8bb1e0,7/29/25 8:31,1009,,,1,,50,1,5,,1,5,,1,,1,,,,,6,,1,,1,2,5,2,1,5,5,5,5,1,1,2,2,3,1,2,2,1,2,2,2,1,1,10500,50000,2,45000,30000,,45000,2,75000,30000,40000,,,,,2,4,0,0,2,0,0,0,5,2,1,4,3,5,4,5,2,4,3,2,5,3,4,5,,1,,,,,2,2,,,1,,,,,,1,1,Ohio,44240,2,Texas,Wichita Falls,1,0,4,7,4,4,,,1,,,,3,3,1,,,1,,,,,The study was a refreshing length for what is being paid. Thank you for that!
67439be8ee2236a7c078d523,7/29/25 8:31,978,,,1,,35,1,4,,1,2,,,,,,1,1,,6,1,,,1,2,5,2,1,4,3,4,4,1,4,2,3,3,1,1,1,2,-1,1,1,1,0,30000,35000,1,50000,30000,,,,,,50000,,,0,80000,1,1,0,2,2,0,0,0,4,3,1,5,4,2,5,1,2,2,3,2,2,1,2,1,1,,,,,1,0,0,1,,,,1,,1,,1,0,Washington,98375,2,Washington,Seattle,2,0,4,4,5,,,1,,,,,3,3,1,,,1,,,,,
565bff58c121fe0005fc390d,7/29/25 8:31,722,,,1,,45,1,5,,1,3,,,,,,,,,7,,,1,1,3,3,4,1,5,5,4,5,1,3,1,1,3,1,2,1,3,2,3,2,1,0,32000,52000,1,50000,40000,,,,,,60000,,,,,1,1,0,0,0,0,0,0,3,1,2,5,4,3,2,3,5,1,4,2,3,2,2,1,,1,,,,1,1,1,,,1,,,,,,1,1,North Carolina,27105,2,North Carolina,Winston Salem,2,0,6,6,3,3,1,,,,,,3,3,1,,,1,,,,,
671da1682ef34e8259e60339,7/29/25 8:31,985,,,1,,42,1,5,,1,3,,,,,,,,,4,,,1,2,4,4,3,5,5,5,5,5,5,5,1,1,2,1,-1,1,2,-1,2,1,0,1,19000,25000,1,18000,5,19000,20000,1,17000,10000,30000,,,,,1,5,0,0,2,0,0,2,4,1,5,4,2,3,4,3,2,3,2,1,3,3,3,5,,1,,,1,,4,4,1,,,1,,,1,,1,1,California,92509,3,California,Upland,2,0,4,5,3,3,,,,,1,,2,2,1,,,,,,,,
63081277b75c8ad53e5149b7,7/29/25 8:31,1299,,,1,,71,1,4,,1,5,,1,,,,,,,2,1,,,2,2,4,4,1,4,5,4,5,2,4,2,1,1,1,1,1,3,3,3,2,0,1,24000,28000,1,26000,24000,34500,35000,2,35500,34500,38500,,,,,3,5,0,0,2,0,0,0,5,1,2,5,4,3,4,1,5,1,1,1,1,1,2,1,1,,,1,,,1,1,,,,,,,1,,1,1,Texas,78003,1,Texas,SAN ANTONIO,2,0,3,3,3,3,,,,,1,,2,2,,,,,,,,,
5cda0f40fbe78a00192192a3,7/29/25 8:31,935,,,1,,83,0,4,,1,3,,,,,,,,,6,,1,,1,2,4,2,3,2,4,3,3,2,4,2,2,2,2,1,1,1,2,2,3,0,0,44000,44000,1,46000,45000,44000,,,,,44000,,,,,2,2,0,2,2,0,0,2,2,3,5,4,1,2,4,1,5,1,3,2,1,1,1,1,1,,,1,,,2,0,,,,,,,1,,1,1,Indiana,46725,1,Texas,houston,3,0,7,7,6,7,,,,,1,,2,1,1,,,,,,,,
64560bd205fd539c22bc0b37,7/29/25 8:31,1069,,,1,,50,1,5,,1,3,,,,,,,,,5,1,,,1,1,5,3,1,5,5,3,5,1,3,3,3,1,-1,-1,1,1,1,1,1,1,1,24000,24000,2,24000,12000,,24000,2,24000,24000,36000,,,,,5,5,0,0,0,0,0,0,5,1,3,5,4,2,5,3,1,4,3,1,1,1,4,1,,1,,1,,,2,2,,,,,,,1,,1,1,West Virginia,25661,1,West Virginia,Matewan,1,0,3,3,1,1,1,,,,,,2,2,,,,,,,,,
66294a4e95c789c953636280,7/29/25 8:31,696,,,1,,50,1,5,,1,3,,,,,,,,,5,,1,,4,2,4,2,1,4,4,4,4,2,4,2,1,2,1,2,1,1,2,1,2,0,1,1000,10000,1,50000,0,69999,85000,1,85000,32000,100000,,,,,2,1,0,2,2,0,0,0,4,4,3,5,1,2,4,5,4,2,2,1,3,2,2,3,,1,,1,,,4,4,,,,,,,1,,1,1,Ohio,43528,1,Ohio,toledo,3,0,4,4,4,3,,,1,,,,3,3,,,,,,,,,
5e39a13ba532a30419772ab7,7/29/25 8:31,464,1,,.1,,33,0,3,,1,2,,,,,1,1,1,,3,,1,,2,4,3,3,3,3,2,2,4,1,5,-1,-1,4,1,-1,2,3,2,3,2,1,1,25000,150000,2,125000,75000,,150000,2,120000,100000,45000,,,0,55000,6,6,0,2,2,0,0,0,2,1,2,4,5,3,4,4,4,1,3,4,1,1,1,3,1,,,,,1,0,0,,,,,,,1,,1,1,Virginia,23024,1,Virginia,Sandston,2,0,4,4,3,4,,,,,1,,1,2,,1,,,,,,,
5d6ef023cfe0a400198f911e,7/29/25 8:31,790,,,.89999998,,35,1,5,,1,5,,1,1,,,,,,7,1,,,1,1,4,2,1,5,5,5,5,1,2,3,4,1,2,2,2,2,3,3,3,1,0,89000,98000,2,105000,94000,,,,,,50000,,,1,55000,2,6,0,2,2,0,0,0,2,1,3,2,4,5,4,1,5,1,3,4,2,1,1,2,1,,,1,,,1,1,,,,,,,1,,1,1,Illinois,60185,2,Illinois,Chicago,3,0,6,6,6,6,1,,,,,,3,2,1,,,1,,,,,I did not find anything to be confusing. The length was also very appropriate. 
66a252056819ec081dcb1a2e,7/29/25 8:31,1032,,,1,,51,1,4,,1,4,,1,,,,,,,5,,,1,1,4,4,1,1,-1,-1,3,4,2,4,3,3,2,1,1,1,3,3,3,3,0,1,15000,15000,2,15000,13000,74000,100000,2,110000,70000,100000,,,,,1,5,0,2,2,0,0,0,1,2,1,4,5,3,4,3,5,1,2,1,1,3,3,3,,1,,1,,,2,2,,,,,,,1,,1,1,California,95864,2,California,Sacramento,2,0,3,3,4,3,,,,,1,,2,2,,,1,,,1,,,
62794a276fc2c539bfea92e3,7/29/25 8:31,961,,,1,,59,1,5,,1,3,,,,,,,,,7,,,1,1,1,5,-1,1,5,5,5,5,1,1,2,2,1,1,1,1,3,1,3,1,0,0,11604,14500,1,15600,13700,27000,,,,,40000,,,,,3,5,0,2,2,0,0,0,2,1,2,3,5,4,5,1,5,1,1,1,1,2,3,5,,1,,,,1,4,4,1,,1,,,,1,,1,1,Louisiana,71106,3,Michigan,Flint,3,0,5,5,3,3,,,,,1,,2,3,1,,,1,,,,,"There wasn't anything confusing. I just wanted to add that the reason I'm not worried about losing my job or finding a job, is because I am permanently disabled and receive SSDI. Interesting study. Thank you for the opportunity to participate."
67c51dcd7eb44426fc8fff36,7/29/25 8:31,2987,,,1,,57,1,4,,1,4,,1,,,,,,,7,1,,,2,3,5,5,1,4,5,4,5,5,4,4,5,5,2,2,2,3,3,3,3,0,1,50000,80000,2,100000,50000,125000,100000,2,250000,100000,200000,,,,,5,2,0,0,1,0,0,0,3,3,5,1,2,4,4,4,5,1,3,4,2,1,1,2,1,,,1,,,2,2,,,1,,,,,,1,1,Georgia,31061,2,Georgia,MILLEDGEVILLE,1,0,8,8,6,7,,1,,,,,1,1,,1,,,1,,,1,
67d9beb7ec9915c2966f8cc3,7/29/25 8:32,647,,,1,,61,0,3,,1,3,,,,,,,,,5,,,1,1,3,4,5,1,-1,2,2,5,1,5,3,3,4,3,2,2,1,1,3,3,0,1,90000,60000,2,60000,30000,90000,30000,2,60000,30000,70000,,,,,5,1,0,2,2,0,0,2,5,1,2,3,4,5,5,1,1,4,1,2,4,1,4,4,,1,,,,,0,0,,,,,,,1,,1,1,Texas,77304,2,Texas,Houston,3,0,4,4,3,3,1,,,,,,1,1,,1,,,1,,,,
66cb244951abdf73420673a8,7/29/25 8:32,790,,,1,,44,0,2,,1,2,,,,,1,,1,,3,,,1,5,2,5,2,4,5,1,2,2,2,3,4,5,4,3,3,3,2,3,3,4,0,1,100000,150000,2,200000,100000,150000,200000,2,250000,100000,150000,,,,,1,10,0,2,2,0,0,0,2,2,4,1,5,3,4,5,4,1,4,4,3,2,2,1,,,,1,,,2,2,,1,,,,,,,0,0,Texas,78642,2,Texas,Georgetown ,2,0,7,7,5,4,1,,,,,,1,1,,,,,,,,,
5c6b646349b7f0000120b659,7/29/25 8:32,774,,,.89999998,,69,1,5,,1,3,,,,,,,,,7,,1,,1,1,5,5,1,5,-1,1,5,1,1,2,3,1,3,3,3,3,3,3,3,0,1,30000,20000,2,25000,15000,99000,120000,1,120000,80000,50000,,,,,10,10,2,2,2,2,2,2,2,3,2,5,4,1,2,1,5,1,4,4,1,1,1,1,,1,,1,,,2,2,,,,,,,1,,1,1,Washington,98275,2,Washington,Lynnwood,2,0,4,4,4,6,,1,,,,,3,3,1,,,1,,,,,
662b89c9eb08d365c04c7cc7,7/29/25 8:32,814,,,1,,56,1,5,,1,5,,1,1,,,,,,7,,,1,2,2,5,2,1,5,5,2,5,1,2,2,3,2,2,2,3,2,3,4,2,1,0,48000,50000,2,80000,38000,,,,,,55000,,,,,1,3,1,2,2,0,1,2,4,1,2,5,4,3,3,5,4,2,3,3,3,1,2,1,1,,,,,1,0,0,,,,,,,1,,1,1,Virginia,24450,1,Virginia,Lexington,1,0,6,6,3,4,,,1,,,,3,3,1,,,1,,,,,
65b3ed69eb1a6277cdc1ee3a,7/29/25 8:32,1034,,,1,,77,1,5,,1,4,,,,1,,,,,7,,1,,1,1,5,2,2,5,5,5,5,3,2,3,2,4,1,1,2,1,3,1,1,1,0,310000,31000,2,60000,31000,,,,,,50000,,,,,7,10,0,0,0,0,0,0,5,1,3,5,2,4,4,5,2,4,1,1,5,2,3,5,,1,,,,,3,3,,,,,,,1,,1,1,South Carolina,29483,3,California,Alameda,3,0,4,4,3,3,,,,,,1,2,3,,,1,1,,,1,,
546ec14dfdf99b2bc7ebd032,7/29/25 8:32,1195,,,.89999998,,61,0,1,,1,1,,,,,,,,1,1,1,,,5,5,1,5,5,1,1,1,1,1,5,3,3,3,3,3,1,-1,-1,2,1,0,0,4000,4000,2,5000,4000,44000,,,,,30000,,,,,1,1,0,2,2,0,2,2,4,2,1,4,3,5,5,1,5,1,2,2,2,1,2,5,1,,,,,1,0,0,,1,,,,,,,0,0,California,94521,2,California,Belmont,2,0,5,6,5,9,,,1,,,,1,1,,1,,,1,,1,,
653b00b25d4734b333b03fc9,7/29/25 8:32,883,,,1,,67,1,5,,1,3,,,,,,,,,7,,,1,1,1,5,1,1,5,5,5,5,2,1,1,3,2,2,2,2,1,4,3,2,0,1,39200,44200,1,55000,39000,45000,54000,1,65000,45000,38000,,,,,2,2,0,2,2,0,0,2,4,3,1,5,4,2,5,1,5,1,5,4,1,1,2,1,1,,,1,,,0,0,,,,,,,1,,1,1,North Carolina,27103,2,North Carolina,winston salem,3,0,5,5,2,3,,,,,1,,3,3,1,,,1,,,,,"one thing. first thing, wrting cactus, i couldn't do it for some reason. the square would not allow it, but it did record dots when i clicked. "
66cf40756d7f2741091ee9f3,7/29/25 8:32,3566,,,1,,42,1,5,,1,4,,,1,,,,,,6,,,1,2,2,5,4,2,5,5,4,5,1,2,2,3,2,2,2,2,2,2,2,2,0,1,55000,75000,2,100000,35000,95000,120000,2,160000,55000,85000,,,,,4,5,2,2,2,0,2,2,4,1,2,4,5,3,4,3,4,3,4,3,3,2,2,1,1,,,1,,,2,2,,,1,,,,,,1,1,Virginia,22096,2,Georgia,McDonough,2,0,6,6,6,6,1,,,,,,3,3,1,,,1,,,,,Thanks for the opportunity to participate.
660c545be4abf55a6634293e,7/29/25 8:32,977,,,1,,67,0,2,,1,2,,,,,,,,1,2,,,1,1,3,5,2,2,5,5,2,3,1,3,3,3,3,3,2,2,2,2,2,4,0,0,220000,135000,2,150000,80000,290000,,,,,120000,,,,,5,1,2,2,2,0,2,2,2,2,3,5,1,4,2,1,5,1,3,4,2,2,2,1,1,,,1,,,2,2,,,,,,,1,,1,1,Florida,34997,2,New York,Bronx,3,0,7,7,6,4,1,,,,,,2,2,1,,,1,,,1,,"The questions about future income do not seem to account for people like me who will retire in the next few years.  10-year income will be lower because of that, so if you have not accounted for that demographic you may want to consider doing so."
644ff5cdfdce8f493ccc6ca9,7/29/25 8:32,828,1,1,1,,64,0,3,,1,3,,,,,,,,,4,,1,,2,2,4,5,2,1,1,1,1,4,5,2,3,1,2,2,2,2,4,3,2,1,0,35000,40000,1,50000,30000,,,,,,40000,,,,,2,4,0,0,2,0,0,0,4,3,2,5,1,4,4,1,5,1,5,3,2,3,4,5,,1,,,,,0,0,,,,,,,1,,1,1,Louisiana,70785,2,Louisiana,Covington,2,0,7,7,3,3,1,,,,,,1,1,,1,,,1,,,,The survey length was perfect. I think it took me just about the time that you thought it would. The questions were clear and easy to understand.
672bb5dadc26d7849dc27b55,7/29/25 8:32,1234,,,1,,33,1,4,,1,3,,,,,,,,,6,,1,,2,2,4,4,4,2,3,4,5,3,5,3,4,2,1,-1,1,4,2,4,2,0,1,40000,100000,1,120000,40000,360000,360000,1,400000,200000,65000,,,1,100000,2,3,0,0,0,0,0,0,2,1,2,5,4,3,4,3,1,4,2,3,4,2,2,4,1,,,,,1,0,2,,,,,,,1,,1,1,New York,11545,2,New York,Glen Head,2,0,6,6,7,6,,,,,,1,2,2,1,,,1,,,,,
546e3778fdf99b2bc7ebcff6,7/29/25 8:32,1529,,,1,,78,0,5,,1,3,,,,,,,,,7,,1,,1,4,2,2,4,2,5,4,5,1,4,3,4,1,1,1,-1,1,1,2,2,1,0,20000,25000,1,26000,30000,,,,,,40000,,,,,5,2,0,0,0,0,0,0,4,1,2,3,4,5,5,1,4,2,3,1,4,2,2,1,,1,,1,,,2,2,,,,,,,1,,1,1,Kentucky,42021,1,Kentucky,Arlington,1,0,3,3,1,1,,,,,1,,1,1,,1,,,1,,,,The length of the survey was good and paid well.
667493d7ae5c57a75b13bdcb,7/29/25 8:32,774,,,1,,62,0,3,,1,3,,,,,,,,,1,,1,,1,1,4,5,2,2,1,1,4,1,5,3,4,3,2,3,1,2,2,3,4,0,1,65000,80000,2,90000,60000,100000,160000,2,160000,120000,120000,,,,,4,6,0,0,2,0,0,0,1,2,3,4,5,1,3,2,5,1,1,4,1,1,2,1,,1,,1,,,0,0,,,,1,,,1,,1,0,Florida,32526,2,Georgia,Atlanta,3,0,3,3,3,6,1,,,,,,1,2,,1,,,1,,,,"Good to see an unbiased study.  It was interesting, thank you. The government is so bloated and spending is insane.  They could provide benefits to lower income people without raising income taxes.  If they raise income taxes, the majority will be stolen by the government or misused/mismanaged."
67dc489d382612526415e4b1,7/29/25 8:32,1817,,,1,,56,1,5,,1,3,,,,,,,,,6,1,,,1,1,4,1,1,5,5,5,5,2,2,1,2,1,1,2,2,2,4,3,2,0,0,35000,100000,1,100000,40000,76000,,,,,100000,,,,,3,4,0,2,2,0,0,2,1,1,2,5,4,3,2,5,1,4,3,1,2,2,5,5,1,,,,,1,0,2,,,1,,,,,,1,0,Illinois,60615,3,Illinois,Chicago,3,0,6,6,5,8,,,1,,,,3,3,,,,,,,,,"I would say the survey wasn't really biased, however it played into some of the ""red herring"" assumptions about taxing the rich in my opinion. Firstly I think the upper margins are too low; the wealth that we need to go after is people making 1 million a year and more. Secondly, we need to go after carried interest, as many hedge funders and wall street types purposely have very little income and get mostly capital gains, dividends and interest payments that are taxed at a ridiculously low rate. Additionally we need a Tobin tax or securities transaction tax, like many other countries have, this will attenuate high speed trading, front running and speculation, also it will help the stability and integrity of the exchange, damping some of the volatility from high speed algorithms, in addition to raising a huge amount of money to spend for the common benefit. We also need a federal job guarantee program, similar to the WPA. "
663193b3401cd39654458e20,7/29/25 8:32,1166,,,1,,38,1,5,,1,4,,1,,,,,,,6,,1,,1,4,5,5,1,5,5,4,5,4,3,2,3,2,1,-1,1,2,5,3,2,1,0,70000,100000,1,90000,70000,,,,,,65000,,,0,80000,1,1,0,2,2,0,0,2,4,2,1,3,5,4,3,4,3,3,3,4,2,1,3,3,,1,,,,1,0,-1,,,,,1,,,,1,0,Texas,77070,2,Texas,Houston,3,0,6,6,4,3,1,,,,,,3,3,1,,,1,,,,,
66d3274252d61ef65f0cc099,7/29/25 8:32,502,,,1,,39,1,5,,1,5,,1,1,,,,,,6,,1,,1,1,5,1,1,5,5,5,5,1,2,1,1,1,1,1,2,2,3,2,3,0,0,60000,62000,2,65000,60000,100000,,,,,1200000,,,0,120000,3,5,0,2,2,0,0,2,2,1,3,5,4,2,2,1,5,2,2,2,3,2,2,1,,1,,,1,,0,0,,,,,,,1,,1,1,Illinois,62040,2,Florida,Tallahassee,3,0,8,8,4,6,1,,,,,,3,3,1,,,1,,,,,None
5cba50bf114fa5001aac5570,7/29/25 8:32,1234,,,1,,73,1,5,,1,5,,,,1,,,,,7,,,1,1,4,-1,5,2,1,5,4,5,3,5,2,4,1,2,2,1,1,2,1,1,1,0,4000,10000,1,500000,2000,,,,,,14000,,,,,1,1,0,2,2,0,0,0,4,1,3,5,2,4,4,5,4,1,1,2,5,1,2,1,1,,,,,1,0,0,,,,,,,1,,1,1,Florida,34481,1,New York,Glen Cove,2,0,3,3,3,3,,,,,1,,1,1,,1,,,,,1,,"Although Musk is a creep, he exemplifies a billionaire who produces things. Many of the others who have stolen our birthright merely force the money to travel through their hands so that they can skim from it while adding nothing. Both sides pretend to help the unfortunate while only fishing for votes. Trump bribed the best paid workers in the industry and ignored the busboys and dishwashers. Trump gave Social Security relief to well-off seniors but gave nothing to me, whose base Social Security benefit is $469 per month"
6294f0bcc980931801a037d2,7/29/25 8:32,1059,,,1,,71,1,4,,1,3,,,,,,,,,6,,,1,3,-1,4,4,2,1,2,1,4,2,4,4,4,5,3,2,3,2,2,3,3,0,1,45000,38000,3,38000,38000,45000,38000,3,38000,38000,40000,,,,,10,10,0,0,2,0,0,0,5,4,3,5,2,1,4,1,5,2,2,1,2,1,1,1,,1,,,,1,2,2,,,,,,,1,,0,0,Texas,76086,2,Texas,El Paso ,3,0,7,7,5,3,,1,,,,,1,1,,1,,,1,,,,
5e00f9a211999fcea4169800,7/29/25 8:33,1168,,,1,,66,1,5,,1,4,,1,1,,,,,,5,1,,,1,4,5,5,2,5,5,4,5,1,2,2,2,1,1,2,2,1,1,2,2,1,0,39000,40000,1,60000,30000,,,,,,4000,,,,,4,7,0,0,0,0,0,0,4,1,2,5,4,3,5,2,5,1,4,2,1,1,2,1,1,,,,1,,3,0,1,,1,,,,,,1,1,Pennsylvania,17522,2,Virginia,Alexandria,2,0,6,6,3,3,1,,,,,,3,3,1,,,1,,,,,
5dacfb6549a9c000107b7c25,7/29/25 8:33,1479,,,1,,61,1,4,,1,3,,,,,,,,,5,,1,,-1,2,5,5,2,5,5,5,5,3,3,-1,-1,4,2,2,2,2,3,2,2,0,1,12000,12000,2,14000,10000,12000,13000,1,14000,12000,18,,,,,3,1,0,0,2,0,0,0,2,2,1,5,4,3,2,1,5,2,3,3,1,1,2,1,,1,,1,,,3,3,,,1,,,,,,1,1,North Carolina,27983,1,North Carolina,Windsor,1,0,5,5,3,3,,1,,,,,2,1,1,,,1,,,,,
5e121701dc79bd8a1a22ca99,7/29/25 8:33,759,,,1,,55,0,2,,1,3,,,,,,,,,7,,,1,1,4,2,5,2,5,4,1,2,1,5,3,3,2,2,2,1,3,3,5,2,0,0,8500,15000,2,15000,8000,72000,,,,,70000,,,,,2,3,2,2,2,0,2,2,1,1,2,4,5,3,5,1,4,3,2,4,1,1,2,3,,1,,,,1,1,1,,,,,,,1,,1,1,Arizona,85266,2,Arizona,Scottsdale,1,0,5,5,4,3,,1,,,,,1,1,,1,,,1,,,,
6510b799ca6f903d2d4c2d2c,7/29/25 8:33,920,,,.89999998,,63,1,5,,1,5,,,,,,,,,7,,1,,1,1,5,2,2,4,5,5,5,3,4,2,3,1,1,1,2,3,3,3,3,0,1,85000,50000,1,60000,40000,85000,50000,1,60000,40000,60000,,,,,2,6,0,2,2,0,0,0,5,1,2,5,4,3,5,1,5,1,4,4,1,2,2,1,,1,,1,,,2,2,,1,,,,,,,0,0,New Jersey,07407,2,I did not reside in the United States,Mumbai India,2,0,6,6,3,6,,,,,1,,3,3,1,,,1,,,,,
6640bef4362e289ab16112cc,7/29/25 8:33,1096,,,1,,65,0,3,,1,2,,,,,,,1,,6,1,,,2,2,-1,2,4,-1,4,4,4,2,4,3,3,2,2,1,1,3,3,3,2,1,0,28500,28500,2,28500,28500,,,,,,40000,,,,,5,1,0,0,2,0,0,0,4,1,2,4,5,3,2,2,4,1,3,2,1,1,2,5,1,,,,,1,4,0,,,,,,,1,,1,1,Michigan,48079,1,Michigan,imlay city,1,0,3,3,3,4,,,,,1,,2,2,,1,,1,,,,,none
67cdc3c3cd518bea661745db,7/29/25 8:33,681,,,.89999998,,51,1,2,,1,5,,1,,,,,,,6,1,,,1,3,5,5,2,5,4,3,4,-1,2,-1,-1,1,2,2,2,3,3,3,-1,1,0,45000,60000,2,65000,55000,,,,,,50000,,,,,5,5,0,2,2,0,0,1,2,2,3,5,1,4,4,3,4,3,3,2,3,3,3,4,,1,,,,1,0,0,,,,,,,1,,1,1,Colorado,80222,3,New York,Port Chester,2,0,6,7,3,2,1,,,,,,3,3,,,1,,,1,,,Survey length was appropriate
598cc899e339120001fb88c6,7/29/25 8:33,1355,,,1,,73,0,3,,1,3,,,,,,,,,6,,,1,2,4,3,5,5,4,5,3,5,2,1,3,3,1,2,2,2,2,2,2,4,0,1,27000,33000,2,36000,32000,63500,75000,2,75000,72000,65000,,,,,1,1,0,0,0,0,0,0,2,1,2,3,5,4,2,1,5,1,4,3,2,1,2,1,1,,,1,,,1,1,,,,,,,1,,1,1,Florida,34286,2,Connecticut,Stafford,1,0,7,7,2,2,,,,,1,,1,1,,1,,,1,,,,
5d58a7115f36a80016f9982b,7/29/25 8:33,980,,,1,,38,0,1,,1,1,,,,,,1,1,,2,1,,,4,4,4,4,4,2,2,1,4,4,4,1,2,1,1,3,2,2,3,2,2,1,0,39000,40000,2,60000,7500,,,,,,40000,,,0,40000,1,1,0,0,2,0,0,0,2,5,1,3,4,2,5,2,1,4,2,3,2,2,1,5,1,,,,,1,0,2,,,1,,,,,,1,1,Illinois,60619,3,Illinois,Chicago,3,0,4,4,6,4,,1,,,,,1,1,,1,,,1,,,,
58d876b14240e50001190090,7/29/25 8:33,644,1,,.40000001,,54,1,5,,1,3,,,,,,,,,7,1,,,1,1,5,1,1,5,5,4,3,1,1,1,2,1,2,1,1,3,3,2,3,1,0,160000,170000,1,185000,100000,,,,,,125000,,,,,3,1,2,2,2,0,1,2,2,2,3,4,1,5,4,2,4,3,2,4,2,2,2,1,1,,,,,1,0,0,,,,,,,1,,1,1,Massachusetts,02138,3,Maine,Bangor,2,0,8,8,7,7,1,,,,,,3,3,1,,,1,,,,,
6522bba9f065408008c70eb3,7/29/25 8:33,2061,,,1,,36,1,5,,1,5,,1,,,,,,,5,,,1,1,1,5,5,1,4,5,5,5,1,2,1,3,1,1,2,1,2,2,3,2,0,1,11000,75000,2,100000,20000,50000,120000,1,140000,35000,35000,,,1,50000,2,3,0,0,0,0,0,0,5,1,3,2,5,4,4,4,1,4,3,1,3,3,4,4,,1,,1,,,2,2,,,1,,,,,,1,1,Georgia,30016,2,Florida,pensacola,1,0,6,5,3,3,,,,,1,,2,2,1,,,1,,,,,
5bc9f8b677740000016a08b5,7/29/25 8:33,610,,,1,,50,1,5,,1,5,,,1,,,,,,7,,,1,1,1,5,-1,1,5,5,5,5,5,4,1,1,1,1,1,1,3,3,3,2,1,0,75000,90000,1,120000,40000,,,,,,85000,,,,,2,1,0,2,2,0,0,2,5,1,2,4,5,3,4,1,4,3,2,2,2,2,3,5,,1,,,,,2,2,,,,,,,1,,1,0,Georgia,30060,2,Georgia,Marietta,2,4,6,7,3,3,1,,,,,,3,3,1,,,1,,,,,
6772a5c5190112e5dcbf6394,7/29/25 8:33,4136,,,1,,63,0,4,,1,4,,1,,,,,,,5,1,,,3,4,2,4,3,4,4,2,4,2,3,3,3,3,3,2,2,3,4,4,4,1,0,65000,90000,2,95000,85000,,,,,,60000,,,,,3,3,0,0,0,0,0,0,4,3,5,1,4,2,3,3,5,1,4,4,1,2,1,1,1,,,,,1,2,0,,,,,,,1,,1,1,Arkansas,72118,3,Arkansas,Little rock,3,0,7,7,7,7,,1,,,,,2,2,,1,,,1,,,1,
667992b506b5fb5504eb23e0,7/29/25 8:34,881,,,1,,61,1,5,,1,5,,1,,,,,,,2,1,,,1,1,5,2,2,5,5,5,5,1,2,1,3,2,2,2,2,3,3,2,2,0,0,45000,25000,2,25000,25000,55000,,,,,25000,,,,,1,5,0,0,0,0,0,0,4,1,2,5,3,4,4,3,5,3,2,3,3,2,2,1,,1,,,,1,2,2,,1,,,,,1,,1,0,Washington,98446,2,Washington,Tacoma,2,0,3,3,3,5,,,,,1,,3,3,1,,,1,,,,,
66205dd1c80876a4b5f05567,7/29/25 8:34,3055,,,1,,68,1,5,,1,5,,1,1,,,,,,7,1,,,1,1,5,1,1,5,5,2,4,1,1,2,1,4,2,1,1,1,1,1,2,1,0,46000,49600,1,47000,35000,,,,,,60000,,,,,6,10,0,2,2,0,0,0,4,1,3,2,5,4,1,1,2,3,1,2,1,1,2,1,,1,,,,1,2,0,,,1,,,,,,1,1,Michigan,48219,3,Michigan,Detroit,3,0,3,3,4,3,,,,,1,,3,3,1,,,1,,,1,,The survey seemed long because answers required thought. I'm retired so I answered the questions regarding work by using the working I do as a gig worker doing surveys. Maybe it could have been a spot for N/A.
5beb715394bff800011db85c,7/29/25 8:34,751,,,1,,74,1,4,,1,3,,,,,,,,,7,1,,,1,3,5,4,1,4,3,4,4,3,5,3,4,2,1,-1,-1,3,4,4,2,1,0,27000,27000,2,30,30,,,,,,75000,,,,,5,5,0,2,2,0,0,0,4,2,4,3,1,5,4,2,5,2,2,1,2,2,2,5,,1,,,,1,2,2,,,,,,,1,,1,1,Pennsylvania,19054,2,Pennsylvania,Philadelphia suburbs,2,0,4,4,3,6,,,1,,,,2,2,,1,,,1,,1,,
660ec4452539f6860b02db7a,7/29/25 8:34,698,,,1,,41,0,4,,1,2,,,,,,,,1,3,,,1,1,2,4,4,4,5,4,3,5,2,5,3,4,1,2,1,2,2,1,3,3,1,0,120000,130000,1,180000,60000,,,,,,110000,,,,,1,1,0,2,2,0,0,2,2,1,2,3,5,4,5,3,3,4,1,2,3,1,3,1,1,,,,,,3,3,,,,,,,1,,1,0,New Jersey,07033,2,Rhode Island,Pawtucket,2,0,6,6,3,1,1,,,,,,2,1,,1,,,1,,1,,Thank you for the study!
59f226a9d6380600018b2923,7/29/25 8:34,1462,,,1,,61,0,1,,1,3,,,,,,,,,2,,1,,5,5,4,4,5,1,1,1,1,1,5,1,2,2,2,2,2,3,3,3,2,0,1,14500,18000,1,25000,15000,29950,40000,1,50000,33000,35000,,,,,1,3,0,0,2,0,0,0,4,2,1,5,4,3,4,2,4,2,3,3,2,1,2,4,,1,,,1,,0,0,,,,,,,1,,1,1,California,91016,3,California,La Verne,3,0,3,3,3,3,1,,,,,,1,1,,1,,,1,,,,
5e2ffb147672de590836d96d,7/29/25 8:34,1093,1,,.1,,46,1,5,,1,4,,1,,,,,,,5,1,,,1,1,5,1,1,5,5,4,5,3,3,2,3,2,2,1,1,1,2,2,1,0,1,4000,10000,1,15000,2000,36000,39000,1,43000,35000,25000,,,,,9,8,0,2,2,0,2,2,1,1,2,3,5,4,4,1,2,3,2,3,3,2,2,5,1,,,,,1,0,0,,,,1,,,,,1,1,Texas,78834,1,Texas,Carrizo Springs,1,0,6,6,3,6,,,,,,1,3,3,1,,,1,,,,,
5ea47bda5b1a9807ed89eb76,7/29/25 8:34,802,1,,.40000001,,78,0,4,,1,3,,,,,,,,,6,,1,,1,1,5,2,1,4,5,3,4,1,4,1,3,2,3,1,1,4,2,3,2,1,0,30000,32000,1,35000,30000,,,,,,30000,,,,,5,3,0,2,2,0,0,0,4,2,5,3,1,4,5,1,5,1,1,1,1,1,1,1,1,,,,,1,2,2,,,,,,,1,,1,1,North Carolina,27513,2,North Carolina,Charlotte,2,0,5,5,4,3,,,,,1,,3,3,1,,,1,,,,,Nothing confusing; length felt appropriate.
5cb2e89bc29be80001b13ed6,7/29/25 8:34,606,,,1,,52,0,3,,1,3,,,,,,,,,2,,,1,1,1,5,1,1,5,5,1,5,1,1,2,2,5,2,2,3,2,2,2,2,1,0,45000,50000,2,60000,20000,,,,,,60000,,,,,5,5,0,0,0,0,0,0,3,3,2,4,5,1,5,1,3,3,3,1,2,2,4,4,,1,,1,,,2,2,,,,,,,1,,1,1,Missouri,64156,2,Missouri,Independence,3,0,3,3,3,3,,1,,,,,2,2,1,,,,1,,,1,
661045b87d3e3a9bda51b367,7/29/25 8:34,2127,1,1,.89999998,,70,0,3,,1,3,,,,,,,,,6,,,1,2,4,3,5,4,1,1,2,4,1,5,2,4,2,3,3,3,1,4,4,2,1,0,22500,80000,2,100000,22500,,,,,,35000,,,,,1,1,0,0,2,0,0,0,4,3,1,5,4,2,3,5,4,1,3,1,2,1,1,4,1,,,,1,,2,2,,,,,,,1,,1,1,California,92078,2,California,oakland,3,0,6,6,2,4,,,1,,,,1,1,,1,,,1,,,,good luck researchers
63936bad01efa1e55f6e149d,7/29/25 8:34,814,,,1,,60,1,5,,1,3,,,,,,,,,6,,,1,1,1,5,1,5,5,5,5,5,1,1,3,1,1,1,1,2,3,3,3,1,0,1,17000,20000,1,25000,10000,44000,55000,1,75000,25000,80000,,,,,1,1,0,1,2,0,0,0,5,2,3,4,1,5,4,1,2,1,1,1,2,2,4,5,,1,,,,1,4,4,,,,,,,1,,1,1,Indiana,46807,3,Indiana,Churubusco,2,0,5,5,3,4,,,,,1,,3,3,1,,,1,,,,,I enjoyed this study. I hope that your research gives you the answers you're looking for
66ff1b15e49051106c09902b,7/29/25 8:34,939,,,1,,70,0,3,,1,3,,,,,,,,,5,,1,,-1,3,4,-1,3,4,3,3,2,2,4,3,3,1,-1,1,1,2,1,2,2,1,0,60000,40000,1,30000,30000,,,,,,70000,,,,,10,1,0,0,2,0,0,0,2,3,2,5,4,1,5,1,2,3,1,4,4,1,2,1,,1,,,,,1,0,,,,,,,1,,1,1,New York,11933,2,New York,,2,0,3,3,2,1,,,,,1,,2,2,1,,,,1,,,,
5c237be889f035000173c96c,7/29/25 8:35,1557,,,.80000001,,73,1,4,,1,4,,,1,,,,,,5,,1,,1,1,4,4,2,2,4,2,4,1,3,1,2,1,2,2,2,2,2,3,4,0,0,82000,70000,2,60000,55000,99000,,,,,110000,,,,,4,5,0,2,2,0,0,2,2,1,5,3,2,4,2,2,5,1,3,4,2,2,2,1,1,,,,1,,1,1,,,,,,,1,,1,1,New Jersey,07718,2,New Jersey,"Hoboken, NJ",3,0,4,4,3,6,1,,,,,,2,3,1,,,1,,,1,,
663299ea88551960f4132bb7,7/29/25 8:35,1543,,,1,,49,1,4,,1,4,,1,,,,,,,5,1,,,1,1,4,2,1,4,5,4,5,1,1,2,3,3,2,2,2,2,3,2,3,0,1,1000,30000,1,35000,20000,172000,200000,2,220000,185000,150000,,,,,5,4,0,2,2,0,0,2,2,3,2,4,5,1,4,1,4,2,3,3,2,1,2,1,,1,,1,,,3,3,,,,,,,1,,1,1,Massachusetts,02703,2,Massachusetts,"Dracut, MA",1,0,5,6,5,5,,,,,1,,3,3,1,,,1,,,,,
5ca8ffbec942ab0016cfe9d2,7/29/25 8:35,797,,,1,,52,0,5,,1,3,,,,,,,,,5,,,1,2,2,4,5,4,2,4,1,5,4,5,3,4,2,3,3,3,3,3,3,4,0,1,220000,100000,1,150000,80000,270000,150000,1,175000,80000,150000,,,,,10,10,0,2,2,0,0,2,2,1,4,5,2,3,4,2,2,4,2,4,2,1,4,1,1,,,1,,,2,2,,,,,,,1,,1,1,Indiana,46804,2,Indiana,Fort Wayne,3,0,6,6,3,5,1,,,,,,1,1,,1,,,1,,,,Nothing to add
5b79bd77c4e6ad0001d2f312,7/29/25 8:35,464,,,.69999999,,78,1,5,,1,5,,1,,,,,,,7,,,1,1,1,5,1,1,5,5,5,5,4,1,2,3,1,2,2,2,2,2,2,4,0,1,110000,125000,3,135000,110000,125000,145000,2,145000,145000,125000,,,,,3,3,0,0,2,0,0,0,4,1,2,4,5,3,3,1,5,1,1,4,1,2,1,1,1,,,1,,,4,4,,,,,,,1,,1,1,California,92253,2,California,Los Angeles ,2,0,9,9,4,3,,,,,1,,3,3,1,,,1,,,,,
677168d70ec2f9f7f9f6ac05,7/29/25 8:35,529,,,1,,73,1,4,,1,2,,,,,,1,,,7,,1,,1,2,4,2,2,4,5,2,2,2,4,1,3,5,3,2,1,3,3,3,3,1,0,35000,38000,2,45000,35000,,,,,,40000,,,,,3,5,0,2,2,0,0,2,2,2,3,4,1,5,4,2,4,1,4,3,2,1,2,1,1,,,1,,,2,2,,,,,,,1,,1,1,Texas,76248,2,Minnesota,Warren,1,0,5,5,4,3,,1,,,,,1,3,1,,,1,,,,,
67eb2f7bde953c130a671bd0,7/29/25 8:35,1117,,,1,,56,1,5,,1,5,,1,,,,,,,7,,,1,2,2,5,5,1,5,5,5,5,1,5,3,2,1,1,1,1,2,2,2,1,0,1,17000,40000,1,50000,5000,97000,110000,1,130000,120000,90000,,,,,1,1,0,0,0,0,0,0,5,1,2,5,4,3,4,3,1,4,1,1,4,1,3,5,1,,,,,1,0,0,,,,,,,1,,1,1,Utah,84020,2,New Jersey,vernon,1,0,3,5,3,1,,,,,,1,3,3,,1,,,1,,,,nothing
67f2f64e60aeb0e5b30b9e7a,7/29/25 8:35,1037,,,1,,60,1,3,,1,3,,,,,,,,,4,,,1,3,4,4,3,3,3,3,4,4,3,2,2,2,3,2,1,1,3,4,2,3,0,1,100000,250000,2,200000,150000,200000,300000,2,250000,250000,200000,,,,,3,4,0,2,2,1,2,2,3,1,3,2,4,5,4,4,4,2,3,4,2,3,3,1,1,,,1,,,3,3,,,,,,,1,,0,1,California,94619,3,California,Oakland,3,0,7,7,5,6,1,,,,,,1,1,,1,,,1,,,1, no feedback
66660a053b08e2a34f9b945c,7/29/25 8:35,876,,,1,,36,0,3,,1,2,,,,,,,,1,3,1,,,2,3,5,2,2,4,3,2,4,1,1,2,3,1,3,3,1,3,3,3,3,0,1,15000,40000,3,45000,30000,145000,180000,3,200000,150000,100000,,,1,100000,1,2,2,2,2,0,2,2,5,3,1,5,4,2,2,5,4,2,4,3,2,1,5,3,,1,,,1,,1,1,,,,1,,,1,,1,1,Florida,33761,2,Oregon,lincoln city,2,0,5,5,4,3,,,1,,,,2,3,,1,,,1,,,,
62d43bf9cb693bf6980c5ea9,7/29/25 8:35,442,,,1,,62,1,5,,1,3,,,,,,,,,5,1,,,1,1,4,1,1,5,5,5,5,1,1,1,2,1,1,1,1,5,3,4,2,1,0,17000,0,2,0,0,,,,,,25000,,,,,1,1,0,0,2,0,0,0,1,4,3,5,1,2,5,1,5,1,1,1,1,1,1,1,,1,,,,,0,0,,,,,,,1,,1,1,Oregon,97404,2,California,no,2,0,6,6,7,7,,1,,,,,3,3,1,,,1,,,,1,
63978402e524eebeace93868,7/29/25 8:36,808,,,.89999998,,61,0,3,,1,3,,,,,,,,,5,1,,,2,4,4,4,4,1,2,1,2,2,4,3,3,4,2,3,2,3,3,3,3,0,1,25000,50000,2,40000,20000,75000,75000,1,100000,50000,75000,,,,,3,5,0,2,2,0,0,2,3,2,1,4,3,5,2,3,4,1,4,4,3,1,2,1,,1,,,1,,0,0,,,,,,,1,,1,1,West Virginia,25177,2,West Virginia,ST ALBANS,2,0,4,4,4,3,,,1,,,,1,1,,1,,,1,,,,
65a1aed8e2b9a23db7765b0b,7/29/25 8:36,566,,,.89999998,,66,1,5,,1,5,,1,,1,,,,,3,,,1,1,1,5,2,1,5,5,4,5,4,1,1,1,1,1,2,1,2,4,4,2,0,1,30000,300000,2,1000000,100000,30000,400000,2,2000000,200000,85000,,,,,2,3,0,0,0,0,0,0,2,5,1,4,2,3,2,5,1,3,2,1,3,2,2,1,,1,,1,,,0,0,,1,,,,,,,1,0,Indiana,46410,2,New York,New York,3,0,7,7,6,7,,,1,,,,3,3,1,,,1,,,,,"Taxes on the rich need to be much greater, since they dodge taxes through property and stocks, e.g."
6229fff149374541c22a95bf,7/29/25 8:36,961,,,1,,70,1,1,,1,4,,,,1,,,,,2,,1,,1,2,5,4,2,5,1,1,5,1,4,3,3,3,3,2,2,3,3,3,4,0,1,100000,128000,2,135000,100000,146000,160000,2,165000,155000,100000,,,,,10,10,2,2,2,1,2,2,4,2,4,5,3,1,5,1,5,1,3,4,1,1,1,1,1,,,1,,,3,3,,,,,,,1,,1,1,Maryland,21043,2,New York,Buffalo,2,0,6,6,3,3,,,,,1,,3,3,1,,,1,,,,,"I would like top see everyome taxed at a flat rate. For example, The first $50,000 not taxed at all and then everyone pays 10% flat tax.  Maybe a surcharge for people making over a million such as 2%. Get ris of all the tax loop holes and deductions."
6054e1ddb68b58dd23242765,7/29/25 8:36,499,,,1,,38,0,4,,1,3,,,,,,,,,4,,,1,1,1,4,1,2,5,-1,1,-1,4,5,3,2,3,2,2,3,5,4,5,4,1,1,225000,350000,1,300000,280000,,400000,2,300000,280000,7000,,,1,255000,10,10,2,2,2,0,0,2,1,2,1,4,3,5,4,3,4,2,4,4,3,1,1,1,1,,,1,,,1,1,,1,1,,,,1,,1,1,Connecticut,06468,2,Connecticut,Greenwich,2,0,6,6,6,6,1,,,,,,3,2,,,,,,,1,,
63d152150ad28a2b24aa507a,7/29/25 8:36,741,,,1,,35,1,5,,1,3,,,,,,,,,7,,,1,1,1,4,2,1,5,4,1,4,1,2,2,2,2,3,3,3,1,1,2,4,0,1,100000,110000,2,115000,102500,210000,240000,2,250000,220000,160000,,,0,180000,5,5,2,2,2,0,2,2,1,1,3,2,5,4,2,1,5,1,5,4,1,2,2,3,,1,,,,1,0,0,,1,,,,,,,0,0,Wisconsin,53711,3,Wisconsin,Madison,3,0,6,6,3,3,1,,,,,,3,3,1,,,1,,,,,
66e9cc5fb04f5ba6d8b5a3f1,7/29/25 8:36,742,,,1,,64,0,5,,1,3,,,,,,,,,6,1,,,1,1,5,5,1,2,4,3,5,5,5,1,2,1,2,2,1,2,2,2,1,1,0,33000,50000,2,70000,30000,,,,,,35000,,,,,1,1,0,2,2,0,0,2,1,1,3,5,4,2,5,1,4,1,3,4,1,1,1,1,1,,,,,1,0,0,,,,,,,1,,1,0,California,95973,2,New York,Franklin Square,2,0,5,5,1,3,,,,,1,,1,1,,,1,,1,,,,
6133a95623ae6ddc6ee4d53f,7/29/25 8:36,2734,,,1,,66,0,2,,1,3,,,,,,,,,2,,1,,4,4,4,4,4,1,2,2,4,4,5,4,4,3,2,2,2,2,2,3,3,0,1,28000,24000,1,40000,20000,99000,50000,1,110000,40000,140000,,,,,5,8,0,2,2,0,0,1,3,2,4,5,3,1,3,2,2,4,2,4,3,2,2,1,,1,,1,,,2,2,,,,,,,1,,1,1,Louisiana,70124,2,Louisiana,New Orleans,2,0,6,6,2,2,,,1,,,,1,1,,1,,,1,,1,,
663a8327dd7d004c30f703a6,7/29/25 8:36,936,,,1,,44,1,4,,1,4,1,,,,,,,,5,,1,,3,2,5,5,1,5,4,4,5,2,3,3,2,1,1,-1,-1,2,3,2,2,0,1,15000,60000,1,80000,30000,50000,150000,1,180000,100000,80000,,,,,1,2,0,0,2,0,0,0,2,2,1,4,5,3,3,3,3,2,2,4,3,3,3,4,,1,,1,,,0,0,,1,,,,1,1,,0,1,Florida,33445,3,I did not reside in the United States,Vitoria,3,0,6,6,6,6,,,,,,1,2,2,1,,,,,,,,
628bb31571a8935ee2dbd6f9,7/29/25 8:36,917,,,1,,69,1,5,,1,5,,,1,,,,,,7,,,1,1,1,5,1,1,5,5,5,5,1,1,1,1,1,2,2,2,3,3,3,3,0,1,35000,25000,2,25000,25000,79000,45000,3,45000,45000,30000,,,,,5,5,0,2,2,0,0,0,4,4,3,5,2,1,4,1,5,1,1,2,1,3,4,1,1,,,1,,,3,3,,,,,,,1,,1,1,Florida,34609,2,Illinois,Chicago,3,0,3,3,3,3,,,,,1,,3,3,1,,,1,,,,,I am a disabled senoir on a fixed income. My Wife retires next year. Thats why the income i posted stayed roughly the same.
6151e479b4ee16668948c7f2,7/29/25 8:37,1298,,,1,,72,1,5,,1,5,,,1,,,,,,6,,1,,1,2,5,4,2,5,5,4,5,2,2,1,2,2,2,2,2,2,2,2,3,1,0,100000,50000,1,60000,10000,,,,,,75000,,,,,5,10,2,2,2,0,0,2,2,1,2,4,5,3,2,5,4,2,2,3,4,2,2,1,1,,,1,,,1,1,,,,,,,1,,1,1,California,90034,3,Illinois,chicago,3,0,6,6,3,4,1,,,,,,3,3,1,,,1,,,,,n/a
6810e66d3f6d622de733cb42,7/29/25 8:37,1585,,,1,,65,1,4,,1,3,,,,,,,,,6,,1,,1,4,5,3,3,5,2,1,3,1,4,4,5,5,3,3,3,3,3,3,4,0,1,125000,215000,3,220000,200000,150000,250000,3,250000,240000,180000,,,,,5,5,0,0,0,0,0,0,2,5,4,1,3,2,3,5,5,1,5,3,2,3,3,1,1,,,1,,,3,3,,,,,,,1,,1,1,Illinois,60602,3,Illinois,60602,3,0,8,9,7,7,,1,,,,,3,3,1,,,1,,,1,,The questions were not confusing and the survey length felt appropriate. Thank you.
5d22526f851927001e3a515a,7/29/25 8:37,1202,,,1,,75,0,3,,1,3,,,,,,,,,6,,,1,5,3,4,5,2,5,3,2,5,1,1,3,3,1,2,2,2,3,3,2,3,1,0,32000,32000,1,40000,30000,,,,,,40000,,,,,2,2,1,2,2,0,0,2,3,2,1,5,3,4,1,4,2,2,4,3,2,2,2,1,,1,,,,1,4,4,,,,,,,1,,1,1,Washington,98223,2,Washington,spokane,2,0,3,3,4,3,,1,,,,,2,2,,,,,,,,,
65b8b2bf8b3905b0efcb0fd3,7/29/25 8:37,3672,1,,.1,,48,1,4,,1,2,,,,,,,1,,6,,1,,4,5,4,4,5,2,4,4,5,3,2,3,4,1,2,1,2,3,3,2,4,1,0,120000,150000,2,170000,90000,,,,,,150000,,,,,6,10,0,0,0,0,0,0,4,5,2,3,1,4,4,5,4,4,3,3,2,2,2,1,1,,,1,,,3,3,,,,,,,1,,1,1,New York,07302,3,New York,New York,3,0,8,9,3,4,1,,,,,,1,1,,1,,,1,,1,,
55b645bbfdf99b1c02906873,7/29/25 8:37,798,,,1,,58,1,5,,1,5,,,,1,,,,,7,1,,,1,1,4,5,1,5,5,5,5,1,5,1,2,1,1,1,1,2,2,3,1,1,0,15800,18000,1,19000,0,,,,,,33000,,,,,1,1,0,0,0,0,0,0,4,1,2,5,4,3,4,4,2,2,1,1,3,3,3,5,1,,,,,1,0,0,1,,,,,,1,,1,1,Alabama,36526,3,Alabama,Mobile,3,3,4,6,3,7,,,,,1,,2,2,,,1,,,1,,,
63da9d744c860382808770bd,7/29/25 8:37,1371,,,1,,64,1,4,,1,4,,1,,,,,,,6,1,,,2,4,4,5,4,5,5,2,4,2,2,2,4,3,2,2,1,1,1,2,3,1,0,30000,36000,2,35000,30000,,,,,,48000,,,,,3,5,0,0,2,0,0,0,4,2,1,5,4,3,4,2,3,2,2,1,2,2,2,3,,1,,,,,2,2,,1,1,,,,,,0,0,Pennsylvania,16602,2,I did not reside in the United States,Mauritius,1,0,3,3,1,1,,,,,1,,2,2,1,,,1,,,,,
67f72474746fa86c43e2829b,7/29/25 8:37,862,,,1,,63,1,4,,1,4,,1,,,,,,,7,,1,,1,2,5,4,2,5,5,4,5,2,4,3,4,1,2,2,1,4,5,4,3,0,1,75000,80000,1,100000,50000,130000,130000,1,100000,70000,70000,,,,,6,1,0,0,2,0,0,0,2,1,4,5,3,2,2,2,4,2,3,4,2,2,3,1,,1,,1,,,5,-1,,,,,,,1,,0,0,Missouri,63010,2,Missouri,Belgrade,3,0,6,6,3,3,1,,,,,,3,3,,,,,,,,,Everything was clear. I appreciate the opportunity to participate in the survey.
6648acc2d8f61a601c3a37ac,7/29/25 8:38,653,,,1,,61,1,5,,1,3,,,,,,,,,1,,1,,1,1,3,1,1,5,5,5,5,1,1,1,1,1,1,1,1,1,1,3,1,0,1,8000,20000,2,40000,15000,8000,20000,2,40000,15000,30000,,,,,1,1,0,2,2,0,0,0,4,4,1,5,2,3,5,5,2,4,1,2,1,1,4,1,1,,,1,,,4,4,,,,,,,1,,1,0,California,93550,2,California,hollywood,3,0,3,3,3,1,,,1,,,,3,3,1,,,1,,,,,
66465704f0921cfc20ba6e57,7/29/25 8:38,494,,,1,,35,1,3,,1,4,,1,,,,,,,6,1,,,1,4,5,5,2,5,5,5,5,5,5,2,3,1,1,1,1,1,1,1,2,1,0,60000,7000,2,75000,70000,,,,,,65000,,,1,75000,1,10,0,0,2,0,0,0,3,1,4,2,5,3,4,2,3,3,3,2,3,3,3,4,1,,,1,,,2,4,,1,,,,,,,1,0,California,95758,3,California,orange county ,3,3,6,6,3,3,1,,,,,,3,3,1,,,1,,,1,,
6474a86474b12fd778ae530f,7/29/25 8:38,872,,,1,,69,1,5,,1,4,,1,1,,,,,,5,,1,,1,1,5,2,2,5,5,4,4,1,2,2,3,2,2,2,2,3,3,3,4,0,1,50000,90000,2,100000,75000,150000,200000,2,225000,180000,125000,,,,,2,1,2,2,2,0,2,2,3,1,4,5,3,2,2,1,5,1,3,4,1,2,2,2,1,,,1,,,0,0,,,,,,,1,,1,1,Louisiana,70123,2,Louisiana,"Metairie, LA",2,0,6,6,3,6,,,,,1,,3,3,1,,,1,,,,,"Nothing confusing, length appropriate"
6151e70a336a52b8af712d41,7/29/25 8:38,965,,,1,,70,1,5,,1,4,,1,1,,,,,,7,,,1,1,1,5,2,1,5,5,4,5,4,3,1,3,1,2,2,3,2,2,2,4,0,1,183000,110000,2,130000,100000,183000,183000,2,200000,183000,140000,,,,,1,1,2,2,2,0,0,2,2,1,2,3,4,5,2,5,5,1,2,4,1,2,2,1,1,,,1,,,4,4,,,,,,,1,,0,0,California,95014,3,Ohio,Columbus,3,0,7,7,1,6,,,,,1,,3,3,1,,,1,,,,,"Regarding whether or not there are rewards for hard work:  I have done very well in my life.  I believe the biggest determinant has been not how hard I have worked, but rather the choices I have made.  Specifically, conciously choosing to do those things that have higher future payoffs."
5be42f3b98f5f40001a994f4,7/29/25 8:38,579,,,1,,67,1,5,,1,3,,,,,,,,,7,,1,,1,1,5,2,1,5,5,2,4,1,4,2,2,3,2,2,1,4,4,4,3,1,0,72000,50000,1,72000,40000,,,,,,72000,,,,,1,2,2,2,2,0,2,2,5,1,2,5,3,4,4,2,4,3,3,4,2,2,1,1,1,,,,1,,2,2,,,,,,,1,,1,1,Florida,32955,2,New York,Ithaca,2,0,6,6,8,8,1,,,,,,3,3,1,,,1,,,,,
5dda993086c886a06ce9108d,7/29/25 8:38,582,,,.80000001,,78,1,5,,1,3,,,,,,,,,7,,1,,1,1,4,3,1,2,5,3,4,2,3,1,1,1,1,-1,-1,3,3,2,1,1,0,2350026000,26000,1,26000,26000,,,,,,30000,,,,,4,6,0,0,2,0,0,0,5,2,3,4,5,1,4,1,5,1,2,1,1,2,2,1,,1,,,,,2,2,,,,,,,1,,1,1,Pennsylvania,15223,3,Pennsylvania,uniontown,3,0,5,5,3,3,,,,,1,,3,3,1,,,1,,,,,
67d8a842726644308266e91f,7/29/25 8:39,832,,,1,,72,1,5,,1,5,,,,1,,,,,6,,1,,1,1,5,5,4,5,4,2,1,4,2,4,4,4,3,3,3,4,4,4,4,0,1,200000,250000,3,230000,200000,400000,500000,3,450000,400000,400000,,,,,10,10,0,0,0,0,0,0,4,2,3,1,5,4,4,5,5,1,5,4,1,2,2,1,,1,,1,,,4,4,,,,,,,1,,1,1,Texas,77002,3,Texas,Houston,3,0,9,9,7,8,1,,,,,,3,3,1,,,1,,,,,
67000ed3ffa3938b2cc81087,7/29/25 8:39,1782,,,1,,47,1,5,,1,5,,1,,,,,,,7,,1,,1,4,5,4,1,5,5,4,5,3,1,1,1,1,2,2,2,3,4,3,3,0,1,42000,60000,2,80000,50000,95000,120000,2,140000,105000,100000,,,,,6,6,0,0,0,0,0,0,1,1,4,3,5,2,4,1,5,2,4,2,1,1,5,5,,1,,1,,,2,2,,,,,,,1,,1,1,Michigan,49504,3,Michigan,Detroit ,3,0,3,3,2,3,1,,,,,,3,3,,,,,,,,,Thank you for allowing me to participate 
65b92135e296f28cb1a093c3,7/29/25 8:40,681,,,1,,67,1,3,,1,3,,,,,,,,,5,,,1,1,1,1,5,4,1,2,2,4,4,5,3,4,2,2,2,2,2,5,4,2,1,0,19500,22000,1,25000,15000,,,,,,18000,,,,,1,1,0,2,2,0,0,0,4,3,4,5,1,2,5,2,5,1,1,4,1,2,2,5,1,,,,,1,0,0,,,,,,,1,,1,1,Florida,34221,2,New Jersey,Flemington,2,0,6,6,3,6,,,,,1,,1,1,,1,,,1,,,,none
5a0efb83ab721b0001ef8509,7/29/25 8:41,653,,,.60000002,,70,0,2,,1,3,,,,,,,,,1,,1,,3,1,4,5,2,1,1,3,2,2,5,2,3,5,3,-1,1,3,3,3,2,0,1,23000,30000,2,35000,25000,65000,90000,2,150000,80000,35000,,,,,3,6,0,0,0,0,0,0,3,1,5,3,2,4,4,2,5,1,4,4,1,2,2,1,1,,,1,,,2,2,,,,,,,1,,1,1,Florida,34655,2,Pennsylvania,Philadelphia,2,0,5,5,3,7,,,,,1,,1,1,,1,,,1,,,,no comments
662aca04169412ae36fb7d60,7/29/25 8:41,603,,,1,,56,1,5,,1,5,,1,,,,,,,4,,1,,1,1,5,1,1,5,5,5,5,2,4,1,2,1,1,1,1,4,4,4,2,1,0,42000,52000,2,65000,45000,,,,,,35000,,,,,5,5,0,0,2,0,0,0,4,3,4,5,2,1,4,3,4,2,2,2,4,3,4,5,1,,,,,1,0,0,,,,,,,1,,1,0,Nevada,89117,2,California,San Diego,2,0,4,4,6,7,,1,,,,,2,2,1,,,,,,,,
67da78ec74b981548fd1d2a3,7/29/25 8:41,1183,,,1,,71,0,4,,1,3,,,,,,,,,2,,1,,3,4,5,5,5,4,3,4,5,2,-1,2,4,1,3,3,3,4,4,5,4,0,1,35000,60000,2,60000,50000,45000,70000,2,70000,55000,50000,,,,,5,6,0,0,2,0,0,2,2,4,3,1,5,2,4,2,4,1,4,4,2,2,2,1,,1,,,,,4,4,,,,,,,1,,1,1,California,91768,2,California,pomona,3,0,6,9,7,7,,1,,,,,2,2,,1,,,1,,,,none
5bdcd88176d6d50001bc3849,7/29/25 8:41,970,,,.89999998,,60,1,4,,1,4,,1,,1,,,,,7,,,1,1,1,5,1,1,5,1,2,5,1,2,1,2,2,2,2,2,3,3,2,4,0,1,75000,100000,1,150000,50000,175000,250000,1,350000,175000,100000,,,,,1,1,2,2,2,0,2,2,1,1,2,4,3,5,3,2,4,1,3,4,1,1,1,1,1,,,1,,,2,2,,,,,,,1,,1,1,New Hampshire,03057,1,Michigan,Niles,1,0,6,6,3,3,,,,,1,,2,3,1,,,1,,,,,
678a85c749e99bc3baed6452,7/29/25 8:42,1509,,,1,,31,1,3,,1,3,,,,,,,,,4,,1,,4,4,4,3,4,2,4,3,3,4,4,4,4,3,-1,-1,-1,2,2,3,2,0,1,95000,150000,2,130000,120000,95000,150000,2,200000,170000,100000,,,0,220000,4,4,1,2,2,0,1,2,3,1,4,2,3,5,3,4,3,3,3,3,3,3,3,3,1,,,1,,,1,2,,,,,,,1,,1,1,Virginia,23223,3,Virginia,Richmond,3,0,7,8,6,6,1,,,,,,1,1,,1,,,1,,,1,no feedback 
63912cbde71779ba1a9c149b,7/29/25 8:42,1348,,,1,,73,0,4,,1,3,,,,,,,,,6,,1,,2,2,4,4,2,4,2,4,4,4,5,2,1,4,1,2,1,3,2,2,1,0,1,27000,30000,2,37000,33000,146000,150000,1,160000,115000,180000,,,,,2,4,0,2,2,0,0,0,4,3,5,4,1,2,4,5,5,3,2,1,2,2,1,5,,1,,,,1,2,0,,,,,,,1,,1,1,California,92131,2,Michigan,Imlay City,1,0,4,4,3,1,,,1,,,,2,2,,,1,1,,,,,
66045b87ffe71e6e521f357d,7/29/25 8:42,496,1,1,1,,47,0,2,,1,2,,,,,,1,,,6,,1,,2,2,2,4,4,4,2,2,4,2,4,3,4,2,3,3,2,4,3,4,3,0,1,100000,200000,3,200000,100000,100000,200000,3,200000,100000,100000,,,,,1,2,2,2,2,0,0,2,5,1,3,5,4,2,1,5,4,1,4,4,2,2,2,3,1,,,1,,,1,2,,1,,,,,1,,1,1,California,90404,3,Texas,austin,3,0,7,7,6,7,1,,,,,,2,2,1,,,1,,,,,
67d9ef30fe8af2858e8dbbd3,7/29/25 8:42,1225,,,.80000001,,52,1,4,,1,3,,,,,,,,,5,1,,,2,2,5,5,3,5,3,4,4,3,4,3,3,3,3,3,3,3,3,3,3,0,1,65000,70000,2,65000,50000,110000,110000,2,120000,100000,70000,,,,,10,5,0,2,2,0,0,0,2,2,5,1,4,3,3,3,5,2,3,4,2,2,2,2,1,,,1,,,2,2,,,,,,,,1,1,1,Alabama,36105,2,Alabama,Montgomery,2,0,7,8,6,6,1,,,,,,3,3,1,,,1,,,,,No feedback. 
58462977d2be990001174ae3,7/29/25 8:43,382,,,.89999998,,57,1,5,,1,4,,1,1,,,,,,6,,,1,1,1,5,2,1,5,5,5,5,1,2,1,2,1,1,1,1,4,4,3,2,1,0,48950,55000,1,290000,29000,,,,,,35000,,,,,3,4,0,2,2,0,0,2,4,4,3,5,1,2,5,4,5,2,3,3,4,3,3,5,1,,,,,1,1,1,,,,,,,1,,1,1,North Carolina,27921,1,North Carolina,Raleigh,2,0,6,6,4,4,1,,,,,,3,3,1,,,1,,,,,"I didn't notice any errors or typos and had no issues at all, thank you!"
5b757a03976ecb0001b1168f,7/29/25 8:43,660,,,1,,73,1,5,,1,4,,,1,,,,,,7,,,1,1,1,5,4,1,1,4,4,5,1,4,1,2,1,2,-1,1,2,3,2,2,0,0,31800,40000,1,43000,25000,48000,,,,,45000,,,,,3,6,0,0,2,0,0,0,2,1,4,5,2,3,5,3,2,3,4,4,1,2,2,1,,1,,,,,2,2,,,,,,,1,,1,1,Florida,33406,2,Illinois,Chicago,3,0,3,3,3,3,,,,,1,,3,3,1,,,1,,,1,,
6631b7082d353b2a8ab48cfe,7/29/25 8:43,965,,,1,,47,1,3,,1,3,,,,,,,,,5,,,1,2,2,5,3,1,4,3,2,4,1,4,2,3,4,2,2,3,2,1,1,4,0,1,65500,72000,1,75000,60000,153000,175000,2,200000,150000,130000,,,,,10,6,0,1,2,0,0,0,2,1,4,2,3,5,3,2,5,2,4,3,3,3,2,1,,1,,1,,,2,2,1,,,,,,,,1,1,Louisiana,70360,2,Louisiana,Houma,2,0,6,6,4,1,1,,,,,,1,1,,1,,,1,,,,
628f7e982aad1788d940317a,7/29/25 8:44,924,,,1,,71,0,4,,1,3,,,,,,,,,6,,,1,1,1,4,4,1,2,2,1,2,1,4,1,2,1,2,2,1,3,3,3,3,0,1,27000,75000,1,50000,25000,59000,100000,1,150000,70000,50000,,,,,5,4,0,2,2,0,0,2,5,1,4,5,2,3,2,3,4,2,4,2,1,1,1,3,1,,,1,,,1,1,,,,,,,1,,1,1,Texas,75135,1,Kansas,Ensign,1,0,4,4,3,3,,,,,1,,1,1,,1,,,1,,,,"Everything was perfect. The survey length, the design, the writing, the questions, the spelling, etc. Very high quality and impressive, thank you so much and I wish you much success with your research!"
673e3eec9d1cbf46b36096b5,7/29/25 8:44,679,1,1,1,,73,0,3,,1,3,,,,,,,,,5,,1,,2,3,4,4,2,2,2,3,4,2,4,3,3,2,2,2,-1,2,3,3,3,0,1,40000,40000,1,40000,40000,60000,60000,1,60000,60000,60000,,,,,8,5,0,0,2,0,0,0,3,2,1,5,4,3,3,2,4,2,3,4,1,1,2,3,,1,,1,,,2,2,,,,,,,1,,1,1,Ohio,43943,2,Ohio,Tiltonsville,2,0,5,5,3,3,,,1,,,,1,1,,1,,,1,,,,
5c101f812a1a620001f04007,7/29/25 8:44,757,,,1,,70,0,2,,1,1,,,,,,,1,,3,,1,,2,4,4,5,-1,2,1,1,3,1,5,3,3,2,2,2,1,3,4,3,2,1,0,21000,22000,2,22000,21000,,,,,,25000,,,,,5,10,0,2,2,0,0,1,5,2,3,5,1,4,4,3,5,1,1,2,2,1,1,1,,1,,,,,3,3,,,,,,,1,,1,1,Texas,76543,3,California,Salinas,3,0,4,4,6,7,,,1,,,,1,1,,1,,,1,,1,,
67eda5fa0086307531f210ff,7/29/25 8:45,1860,,,.89999998,,56,1,5,,1,5,,1,1,,,,,,5,,1,,5,1,5,5,5,5,5,1,2,1,1,4,4,1,3,3,3,1,3,3,3,1,1,48000,85000,3,120000,45000,,130000,3,150000,35000,45000,,,,,2,1,0,0,0,0,0,0,5,1,3,4,2,5,5,4,4,2,3,4,1,2,1,2,1,,,1,,,2,2,,,,,,,1,,1,1,New Jersey,08046,2,New Jersey,Newark,2,0,6,6,6,4,,1,,,,,3,3,,1,,1,,,,,"No questions were confusing, and the length was appropriate, long enough to gather meaningful responses without feeling burdensome."
659daa1ed4e13d6428103c1f,7/29/25 8:45,623,,,1,,60,1,3,,1,3,,,,,,,,,2,,1,,2,4,5,2,5,4,2,2,4,2,4,3,4,5,3,3,3,2,2,2,4,0,1,20000,25000,1,30000,15000,190000,250000,2,270000,150000,150000,,,,,1,2,0,2,2,0,2,2,2,2,5,1,3,4,4,1,2,1,3,2,4,2,2,1,,1,,1,,,2,0,,1,,,,,,,0,0,New Jersey,07059,2,New Jersey,"gwalior,india",2,0,6,6,6,6,,,,,1,,3,2,1,,,1,,,,,
67c37b3de7f32fe80ac6e915,7/29/25 8:45,1370,,,1,,73,1,5,,1,5,,,1,,,,,,6,,,1,3,2,4,5,5,5,5,4,5,4,1,2,3,5,1,2,1,1,1,1,2,1,0,32000,32000,3,30000,29000,,,,,,80000,,,,,1,1,0,0,0,0,0,0,5,1,2,4,5,3,4,1,5,1,1,4,1,1,1,1,,1,,,,,5,-1,,1,,,,,,,0,0,Illinois,60087,2,I did not reside in the United States,philippines,1,0,1,1,1,1,,1,,,,,3,3,1,,,1,,,,,
66f75ca6c63db2214194b1cc,7/29/25 8:45,1041,,,.60000002,,55,0,4,,1,3,,,,,,,,,6,,1,,2,2,5,4,4,3,2,4,4,4,5,1,2,1,2,-1,2,3,3,2,3,0,1,87000,100000,1,110000,88000,129000,150000,2,170000,115000,140000,,,,,3,8,0,0,2,0,0,0,2,2,4,1,3,5,2,2,5,2,4,3,1,2,2,1,,1,,,,1,2,2,,,,1,,,,,1,1,California,90047,2,California,Echo Park,2,0,6,6,3,3,1,,,,,,3,3,1,,,1,,,,,
663fbfc8c8c814ee81e8037c,7/29/25 8:46,1479,,,.89999998,,40,1,5,,1,5,,,,1,,,,,7,1,,,1,1,5,5,2,5,5,4,5,1,1,1,1,1,2,1,2,1,1,2,3,0,1,60000,80000,1,80000,60000,150000,185000,1,190000,150000,150000,,,,,6,10,0,2,2,0,0,2,2,1,3,2,5,4,2,2,4,3,3,2,4,1,3,4,,1,,1,,,1,1,,,,1,,,,,1,0,New Jersey,08817,2,New Jersey,New Brunswick,2,0,6,9,2,3,1,,,,,,3,3,1,,,1,,,,,n/a
67ed8799d312ce968a00692b,7/29/25 8:46,876,,,1,,54,1,4,,1,5,,1,1,,,,,,7,,1,,1,3,3,4,4,3,4,4,4,1,2,2,2,2,2,2,3,3,3,3,3,0,1,64000,68000,2,70000,50000,145000,160000,2,180000,130000,250000,,,,,5,3,0,0,0,0,0,0,4,3,4,2,5,1,3,5,4,3,4,4,3,2,1,1,,1,,1,,,2,2,,,1,,,,,,1,0,New York,10118,3,Texas,texas,3,3,9,9,6,6,1,,,,,,3,3,,1,,,1,,,,
6460a5c4be2b393475006c79,7/29/25 8:46,933,,,1,,55,1,5,,1,3,,,,,,,,,6,,,1,1,1,5,4,3,5,5,5,5,3,1,2,3,1,2,3,3,2,2,2,4,0,1,90000,150000,2,150000,90000,170000,250000,2,250000,150000,120000,,,,,1,1,0,0,2,0,0,0,1,1,3,2,5,4,4,5,3,2,2,2,2,2,2,1,1,,,,,,4,4,,,,1,,,,,1,1,Texas,78210,3,Texas,SAN ANTONIO,3,0,7,7,2,2,,,,,,1,1,1,1,,,,1,,,,
63474e67a5fd298c6103c409,7/29/25 8:46,1854,,,.89999998,,33,1,4,,1,4,,,1,,,,,,6,,1,,2,2,5,4,2,4,5,5,5,3,5,2,2,1,2,3,2,4,2,3,3,0,1,9000,110000,1,400000,192000,87000,110000,2,450000,65000,220000,,,1,240000,3,2,0,0,0,0,0,0,2,3,2,1,5,4,4,3,2,2,4,2,2,2,4,4,1,,,,,1,0,1,,,,,,,1,,1,1,Alabama,35611,1,Alabama,athens,1,1,3,3,3,2,,,1,,,,1,1,,1,,,,,,,no issues
67ed2cc16e7cf9144455dab8,7/29/25 8:47,1390,,,.60000002,,55,1,4,,1,5,,1,1,,,,,,7,,1,,1,3,4,4,3,5,4,4,5,-1,5,2,3,3,-1,2,3,3,3,3,4,0,1,93593,350000,2,250000,250000,148042,400000,2,300000,300000,100000,,,,,5,5,0,0,2,0,0,0,3,2,5,1,4,3,2,3,5,2,4,4,3,2,3,4,1,,,,,1,3,3,,,,,,,1,,1,1,Mississippi,39051,1,New Hampshire,Bedford,1,0,7,7,6,6,1,,,,,,2,2,1,,,,,,1,,
680dcb74ab0a3a21ef2d6d89,7/29/25 8:47,1688,,,1,,70,1,3,,1,3,,,,,,,,,6,,,1,2,2,5,2,1,5,4,2,4,1,2,2,3,2,2,2,3,3,3,3,4,0,1,55000,55000,3,60000,50000,150000,150000,3,140000,140000,150000,,,,,5,5,0,0,0,0,0,0,2,2,4,1,5,3,4,4,2,1,4,4,1,1,3,1,1,,,1,,,4,4,,,,,,,1,,1,1,Utah,84734,2,Utah,Hanksville,2,0,7,7,6,6,1,,,,,,1,1,,1,,,1,,,1,
66078bc8689d135b459db8aa,7/29/25 8:48,842,,,.89999998,,56,1,5,,1,4,,1,,,,,,,6,,,1,1,4,4,5,3,5,5,3,3,3,3,2,2,1,2,2,-1,2,4,4,2,1,0,10000,30000,3,50000,10000,,,,,,80000,,,,,5,5,0,0,2,0,0,0,5,4,3,2,5,1,2,4,2,2,5,2,2,3,3,3,,1,,,,,5,-1,1,,,,,,,,0,1,Ohio,44102,3,Ohio,Cleveland,2,0,5,6,4,4,,1,,,,,2,2,,,,,,,,,
6403ce2f85c4bb26aff0de6e,7/29/25 8:48,1184,,,1,,72,1,5,,1,4,,,1,,,,,,5,,1,,1,3,5,3,1,4,5,5,5,4,4,2,2,1,2,2,1,2,2,3,3,1,0,48000,52000,2,52000,49000,,,,,,90000,,,,,5,5,0,0,2,0,0,0,4,2,1,4,3,5,2,5,5,2,3,4,4,3,2,1,,1,,1,,,5,5,,,1,,,,,,1,1,New Jersey,07712,3,New Jersey,Asbury Park,3,0,4,5,3,1,,,1,,,,2,3,1,,,1,,,1,,
65fcc84e70796a69373bcd0e,7/29/25 8:48,724,,,1,,77,0,1,,1,3,,,,,,,,,1,,,1,5,1,1,5,5,1,1,1,1,4,1,3,3,3,2,-1,2,5,5,5,5,1,0,40000,55,1,45000,0,,,,,,40000,,,,,5,5,0,0,0,0,0,0,3,1,2,5,4,3,5,1,2,1,2,4,1,1,2,1,,1,,,,,3,3,,,,,,,1,,1,1,Arkansas,72015,2,Arkansas,arkansas,1,0,4,4,4,1,,,,,1,,1,1,,1,,,1,,,1,appropriate 
63c5c3192e709e19fc67d5dd,7/29/25 8:50,789,,,1,,61,1,3,,1,1,,,,,,,1,,1,,1,,1,3,4,2,1,4,1,3,3,2,3,1,1,2,2,-1,1,2,2,4,1,1,0,9000,15000,1,18000,9000,,,,,,35000,,,,,1,1,0,0,0,0,0,0,3,2,1,4,3,5,3,5,3,3,1,1,1,1,2,1,1,,,,,,5,5,,,,,,,,1,1,1,Minnesota,55405,3,New York,Brooklyn,3,0,5,5,5,3,,,1,,,,2,2,,,1,,,,,,
6510652e8c348ca500c8677c,7/29/25 8:50,725,,,1,,74,1,5,,1,4,,1,,,,,,,7,,1,,1,2,5,5,4,3,5,2,5,3,4,3,2,3,3,-1,2,3,3,3,3,0,1,22000,23000,1,28000,22000,44000,46000,1,50000,44000,44000,,,,,1,1,0,0,2,0,0,0,2,1,5,2,4,3,5,1,4,2,2,2,1,1,1,1,1,,,1,,,0,0,,,,,,,1,,1,1,Pennsylvania,18447,2,Pennsylvania,Dickson City,2,0,3,3,3,3,,,,,1,,1,1,,1,,,1,,,,
59e62b6277860e0001512e14,7/29/25 8:51,1171,,,1,,71,0,3,,1,1,,,,,,,1,,6,1,,,4,3,4,5,2,4,3,2,3,1,5,3,2,2,2,2,2,2,2,2,3,0,0,25000,25000,3,27000,20000,25000,,,,,30000,,,,,5,5,0,0,0,0,0,0,4,1,4,3,5,2,4,2,5,2,3,4,2,1,2,4,1,,,1,,,0,0,,,,1,,,,,0,0,New York,14213,3,New York,"Santa Clara, Cuba",3,0,6,6,6,3,,1,,,,,2,1,,1,,,1,,,,The questions in this survey were clear. The length of it was appropriate.
62b9f3589e8d599c11a2f9fc,7/29/25 8:51,1381,,,1,,60,0,2,,1,3,,,,,,,,,4,,,1,5,2,5,4,3,5,2,3,2,3,4,2,4,2,2,-1,-1,2,3,2,3,0,1,42000,45000,1,45000,42000,42000,45000,1,46000,45000,50000,,,,,5,4,0,2,2,0,0,0,4,2,3,5,4,1,5,3,4,3,3,2,2,3,3,4,1,,,1,,,3,3,,1,,,,,,,0,0,New York,11219,3,New York,Brooklyn,3,0,6,6,2,2,1,,,,,,1,1,,1,,1,,,,,It was great. Thank you.
672b9e2b2e6e57cc6eac245b,7/29/25 8:51,849,,,1,,76,1,4,,1,3,,,,,,,,,5,1,,,2,2,4,2,3,4,4,4,4,2,4,3,2,2,1,-1,-1,2,2,3,2,1,0,36000,42000,1,38000,36000,,,,,,42000,,,,,1,1,1,2,2,0,0,0,3,1,2,5,4,3,4,1,3,3,2,1,3,2,3,4,1,,,,,1,2,0,,,,,,,1,,1,1,Connecticut,06483,2,Connecticut,"Stamford, CT",2,0,4,4,3,2,,,,,1,,2,2,1,,,1,,,,,no comments
668d38bc17a6f45c904036b4,7/29/25 8:52,1032,,,1,,70,0,3,,1,3,,,,,,,,,2,,1,,1,1,4,4,2,2,5,2,5,3,4,1,2,1,1,1,2,2,2,3,3,0,0,28000,25000,1,28000,25000,75000,,,,,130000,,,,,5,5,0,2,2,0,0,2,4,1,4,5,2,3,1,1,4,1,1,2,1,1,1,1,,1,,1,,,1,1,,,,,,,1,,1,1,Connecticut,06410,2,Connecticut,New Britain,2,0,6,6,3,2,1,,,,,,2,3,1,,,1,,,,,
66b4cd79c8a1633ef0a19e59,7/29/25 8:52,992,,,1,,80,1,5,,1,4,,1,,,,,,,6,,,1,1,1,5,-1,1,4,-1,4,4,1,1,4,3,4,2,2,2,3,-1,3,3,0,1,55000,150000,2,175500,45500,185000,250000,3,300000,175500,125000,,,,,10,10,0,2,2,0,2,0,2,2,1,5,3,4,3,5,2,2,4,3,2,1,1,3,,1,,,,1,2,2,,,1,,,,,,1,1,Maryland,20832,2,Ohio,Cleveland,2,0,4,4,3,3,,,1,,,,3,3,1,,,1,,,,,n/a
660f67db3e95ad2f69e70e56,7/29/25 8:52,825,,,.89999998,,61,1,5,,1,4,,1,1,,,,,,5,1,,,1,1,5,2,1,5,5,4,5,5,2,4,5,2,3,2,3,3,3,3,4,1,0,87500,100000,2,110000,90000,,,,,,60000,,,,,6,10,0,2,2,0,0,2,1,2,3,5,1,4,2,2,5,2,3,3,2,1,2,1,,1,,,,1,2,2,,,,,,,1,,1,1,Nebraska,68134,3,Wisconsin,Prairie du Chien,1,0,6,6,3,3,1,,,,,,3,3,1,,,1,,,,,
5dea7a7df87f5519e686ff7b,7/29/25 8:53,676,,,1,,38,1,4,,1,4,,1,,,,,,,5,1,,,1,2,4,4,2,4,4,4,5,2,4,2,2,4,1,1,-1,3,2,2,1,1,0,10000,35000,1,48000,6000,,,,,,6000,,,0,35000,2,1,0,0,0,0,0,0,5,1,4,5,2,3,2,2,2,3,3,2,4,2,3,5,,1,,,,1,0,1,,,,,,,1,,1,1,New Jersey,08028,2,New Jersey,New Jersey,2,0,3,6,3,3,,,1,,,,3,3,1,,,1,,,,,Everything seemed to run fine.
6745150327a32ad7b9ae2e53,7/29/25 8:58,3243,1,1,.89999998,,64,0,4,,1,3,,,,,,,,,4,1,,,1,2,2,5,1,3,2,3,3,1,4,3,3,1,2,2,2,4,5,4,3,1,0,48000,48000,2,49000,48000,,,,,,80000,,,,,2,10,0,0,0,0,0,0,4,1,5,2,3,4,1,2,5,1,1,1,1,1,2,1,,1,,,,1,3,0,,,,,,,,1,1,1,Texas,77433,2,Texas,Cy,2,6,9,9,7,4,,,,,1,,1,2,,,1,,,1,,,
607668ac450fc6e3025a131d,7/29/25 9:00,1273,,,1,,49,1,4,,1,4,,1,1,,,,,,6,,1,,2,2,5,5,4,3,4,4,4,2,4,2,2,3,2,2,2,-1,-1,2,3,0,1,91000,120000,1,130000,110000,145000,200000,1,220000,190000,160000,,,,,2,4,2,2,2,0,2,2,2,3,5,2,1,4,4,1,4,3,2,3,2,2,2,1,1,,,1,,,1,1,,1,,,,,,,0,0,Minnesota,55906,3,I did not reside in the United States,"Guangyuan, China",2,0,8,8,1,4,1,,,,,,1,1,,1,,,,,,1,none
5b16e1a5457ace0001b40d46,7/29/25 9:00,820,,,1,,45,1,4,,1,4,,1,,,,,,,5,,,1,1,2,5,2,2,5,4,2,4,4,2,2,3,2,2,2,2,2,2,3,3,0,1,74000,97000,1,86000,80000,240000,390000,1,350000,330000,200000,,,,,3,5,2,2,2,2,2,2,2,1,3,4,5,2,4,4,5,2,3,3,3,2,2,1,,1,,1,,,2,2,,1,,,,,,,0,0,Georgia,30024,2,Florida,Valrico,2,0,6,7,2,3,1,,,,,,2,2,1,,,1,,,,,Thanks!
66fa0c80835daf2b640a6711,7/29/25 9:03,667,,,1,,63,0,4,,1,3,,,,,,,,,7,,,1,1,1,5,1,1,5,5,2,5,1,4,3,3,-1,2,2,-1,1,3,3,2,1,0,18000,19000,2,19000,18600,,,,,,2600,,,,,1,3,0,2,2,0,0,0,2,2,4,5,3,1,5,1,4,3,4,1,2,2,2,1,,1,,,,1,0,0,,,,,,,1,,1,1,Arkansas,71901,1,Minnesota,Minneapolis,2,0,5,5,6,6,,1,,,,,2,2,1,,,1,,,,,I enjoyed taking your survey. Thank you for the opportunity.
603ffa13fa433c1989bff9e3,7/29/25 9:08,1218,,,.89999998,,33,1,4,,1,3,,,,,,,,,7,,,1,1,2,5,3,1,4,4,2,4,3,3,3,3,4,2,2,-1,-1,-1,1,3,0,1,75000,250000,2,1000000,200000,100000,500000,2,1500000,350000,150000,,,1,150000,6,8,0,0,0,0,0,0,4,1,3,5,2,4,2,4,5,2,4,4,2,2,2,3,1,,,,,1,0,-1,,,1,,,,,,1,1,Florida,32765,2,Florida,Orlando,2,0,3,7,5,,1,,,,,,2,2,,,,,,,,,
67df0cde484357fd85f0c672,7/29/25 9:10,2822,1,,.2,,48,1,2,,1,5,1,,1,,,,,,6,,,1,4,5,4,5,3,2,4,4,2,4,5,3,5,4,3,2,3,2,4,5,4,1,0,110000,150000,3,170000,130000,,,,,,120000,,,,,6,8,0,0,0,0,0,0,4,4,5,2,3,1,4,3,4,4,3,3,3,4,5,3,1,,,1,,,1,2,,,,,,,1,,1,1,New York,07020,3,New York,new york,3,0,9,9,2,4,1,,,,,,1,1,,1,,,1,,,1,
650b03136ab3d4c832d98b71,7/29/25 9:18,983,,,1,,31,1,4,,1,4,,,,1,,,,,7,1,,,1,2,4,1,2,5,4,1,4,1,-1,3,4,1,1,2,2,-1,-1,2,2,0,1,35000,50000,2,50000,42000,35000,50000,2,50000,42000,48000,,,0,48000,1,1,0,0,2,0,0,0,5,1,2,3,5,4,5,1,5,2,5,3,4,2,2,4,1,,,,,1,0,0,,,,,,,1,,0,0,North Carolina,28101,2,North Carolina,Tel aviv,3,0,5,5,3,,,1,,,,,3,3,,,,,,,,,
669c13abec22054c1cce02e2,7/29/25 9:25,605,,,1,,71,0,3,,1,4,1,,,,,,,,5,1,,,1,4,5,5,4,5,2,1,4,2,5,2,2,4,3,2,1,2,3,2,2,1,0,35000,36000,2,35000,33000,,,,,,40000,,,,,5,5,0,0,2,0,0,0,4,4,3,5,1,2,2,1,2,3,1,3,2,1,1,1,,1,,,,,3,3,,,,,,,1,,1,1,Illinois,61957,1,Illinois,Granite City,2,0,5,5,1,3,,1,,,,,2,2,,1,,,1,,,,Thanks for allowing me to participate in this study!
668413919a74e2d4d90ce80f,7/29/25 9:26,715,,,.89999998,,56,0,1,,1,2,,,,,,,,1,1,,,1,1,4,5,5,3,1,1,1,1,1,5,3,3,3,2,1,1,1,2,3,2,1,0,42000,35000,2,45000,25000,,,,,,30000,,,,,3,8,1,1,2,0,0,2,4,2,3,5,1,4,5,1,4,3,2,3,2,1,2,5,,1,,,,1,0,0,,,,,,,1,,1,0,Pennsylvania,18964,2,Pennsylvania,Lansdale,2,0,6,6,4,4,,1,,,,,1,1,,1,,,1,,,,
62c55056993f53f1e8cf8e30,7/29/25 9:26,540,,,1,,72,1,5,,1,3,,,,,,,,,7,1,,,1,1,5,1,1,5,5,5,5,1,1,2,2,1,2,1,2,1,1,1,3,1,0,82000,83000,2,83000,80000,,,,,,82000,,,,,10,6,0,2,2,0,2,0,3,3,4,5,1,2,5,1,4,1,1,4,1,2,2,5,1,,,,,1,2,2,,1,,,,,,,1,0,Massachusetts,02138,3,Massachusetts,boston,3,0,7,7,1,1,,,,,1,,3,3,1,,,1,,,,,8647
63b4a74fe7e73f52315cc6a1,7/29/25 9:28,2718,,,1,,71,1,5,,1,3,,,,,,,,,7,1,,,1,1,5,4,1,5,2,4,5,5,1,1,2,4,2,2,1,1,1,1,1,1,0,18000,25000,1,40000,15000,,,,,,22000,,,,,5,4,0,2,2,0,0,2,4,4,2,3,5,1,5,2,5,1,3,1,1,2,1,5,,1,,,,1,2,0,,,1,,,,,,1,1,California,95815,3,New York,Oakland,3,0,4,4,4,3,,,,,1,,2,2,1,,,1,,,,,
6568b0b4e9cc3024c09286f9,7/29/25 9:30,520,,,1,,73,1,5,,1,3,,,,,,,,,7,1,,,1,1,5,1,1,5,5,5,5,1,1,2,2,1,2,2,2,3,3,3,1,1,0,24000,26000,1,40000,18000,,,,,,30000,,,,,2,2,0,2,2,0,2,2,2,4,2,5,1,3,5,2,4,3,2,1,2,4,3,1,1,,,,,1,0,0,,,,,,,1,,1,1,Arizona,85120,2,New York,West Hempstead ,2,0,7,8,3,8,,,,,,1,3,3,1,,,1,,,,,
67e081d172ca42eb59502aef,7/29/25 9:32,2939,,,1,,67,1,4,,1,4,,,1,,,,,,6,1,,,2,2,5,4,1,5,5,4,5,1,2,2,3,2,2,3,2,2,3,2,3,0,1,8000,50000,2,5000,8000,70000,500000,2,500000,500000,70000,,,,,9,5,2,2,2,2,2,0,4,1,4,2,3,5,2,5,4,2,4,4,2,2,2,1,1,,,1,,,2,3,,,,1,,,,,1,1,Connecticut,06016,3,Delaware,Claymont,2,3,5,7,5,5,1,,,,,,1,1,,1,,,1,,,1,No Please
66736ce8318acf5878cae8c6,7/29/25 9:37,1725,,,1,,72,0,3,,1,3,,,,,,,,,4,1,,,4,-1,4,5,2,-1,-1,4,5,3,5,3,3,-1,1,2,-1,4,-1,4,-1,0,1,17000,20000,2,40000,20000,65000,75000,2,79000,65000,55000,,,,,4,5,1,2,2,1,0,1,2,1,4,5,2,3,1,4,5,1,3,2,1,2,2,1,,1,,,,1,3,0,,,1,,,,,,1,1,Ohio,43230,2,Georgia,Atlanta,3,0,5,7,4,,,,,,1,,1,1,,1,,,1,,,,
668a6f07c623b9b9500b962f,7/29/25 9:44,1437,,,1,,61,0,3,,1,3,,,,,,,,,5,1,,,3,4,3,5,3,1,4,3,5,4,5,1,2,2,2,2,2,2,2,2,2,1,0,21000,50000,2,65000,30000,,,,,,40000,,,,,1,1,0,0,2,0,0,0,4,1,2,3,5,4,2,2,4,2,5,1,2,1,1,1,1,,,,,1,0,0,,1,,,,,1,,0,0,California,91605,2,California,Los Angeles,3,0,4,4,3,1,,,1,,,,1,1,,1,,,1,,1,,"You forgot about reducing or eliminating immigration to increase the wages of low income people!!! Cheap immigrant labor has been used since at least the 19th century in America to lower wages! If we maintain high tariffs to protect jobs, and we stop H1B visas and illegal aliens and we also stop most of the legal immigration too, then we can raise the wages of low income and rebuild the middle class. The only immigrants we should be taking are the genuinely high skilled and high IQ immigrants."
675781241887d574ecb42ca3,7/30/25 19:33,1710,,,.89999998,,80,0,2,,1,1,,,,,,1,1,1,3,,1,,4,5,4,2,5,1,2,1,3,3,5,4,3,3,3,3,2,1,1,1,5,1,0,150000,180000,3,200000,100000,,,,,,120000,,,,,1,5,2,2,2,0,2,2,4,3,5,2,1,4,2,5,5,1,3,4,2,1,1,1,1,,,1,,,5,5,,,,,,,,1,1,0,Florida,34145,2,New Jersey,Bayonne,3,0,8,8,3,1,,,,,1,,2,3,,,1,,,1,,,
67806e9d273c2547826d1d8b,8/10/25 7:30,643,,,1,,41,1,5,,1,4,,1,1,,,,,,6,,1,,2,1,4,2,3,5,5,3,5,2,4,2,4,3,3,2,2,2,2,3,3,0,1,180000,70000,1,150000,40000,180000,70000,2,150000,40000,60000,,,,,3,1,2,2,2,0,2,2,1,1,2,5,4,3,4,5,3,3,3,4,3,2,3,1,1,,,1,,,2,2,,,,,,,1,,1,1,Tennessee,37931,2,Tennessee,Johnson City,2,0,7,7,6,3,,,1,,,,2,2,,,,1,,,,,none
615509a589a34f7cb9fb075f,8/10/25 7:30,493,,,1,,33,1,4,1,,3,,,,,,,,,5,1,,,1,1,5,2,4,5,5,5,5,4,4,1,2,1,2,1,1,2,2,2,3,0,0,65000,70000,1,80000,50000,145000,,,,,120000,,,1,140000,2,3,0,0,2,0,0,0,4,1,2,3,5,4,4,2,5,3,2,1,3,2,2,3,1,,,,,1,1,2,,,,,,,1,,1,1,Indiana,47402,2,Indiana,Muncie,2,0,4,5,6,5,1,,,,,,2,3,1,,,1,,,,1,
67cb97aa66285604188d577a,8/10/25 7:31,1019,,,1,,55,0,5,,1,3,,,,,,,,,7,,1,,1,1,5,5,2,5,5,2,4,2,4,1,2,2,3,3,2,4,2,4,3,0,1,89500,100000,2,96000,93000,94000,110000,2,105000,100000,65000,,,,,10,10,2,2,2,2,2,2,1,3,4,5,2,1,4,2,5,1,5,4,1,2,2,1,1,,,1,,,2,2,,,,,,,1,,1,1,Alabama,36305,2,Texas,plano,2,0,4,4,5,3,1,,,,,,1,1,,1,,,1,,,,Have a great day!
67253674cbd9660a78160144,8/10/25 7:33,693,,,1,,48,1,5,1,,5,,1,,,,,,,7,,,1,1,1,5,2,5,5,5,4,5,2,2,3,3,1,1,2,2,-1,-1,-1,3,0,1,72000,150000,2,150000,100000,72000,150000,2,150000,100000,100000,,,,,2,2,2,2,2,1,1,2,5,4,1,5,3,2,2,4,4,3,2,4,4,4,3,3,1,,,1,,,2,2,,,,,1,,,,0,0,Ohio,45208,2,I did not reside in the United States,"TIZI-OUZOU, ALGERIA",1,0,9,9,1,1,,,,,,1,2,2,,,,1,,,,,
5f2de2dbf9dbae126ed085b0,8/10/25 7:33,398,,,.69999999,,47,1,5,,1,5,,,1,,,,,,7,,,1,1,1,5,2,1,5,5,5,5,1,1,2,2,1,2,2,2,1,3,3,2,0,1,42000,42000,2,45000,12000,75000,75000,1,100000,24000,70000,,,,,6,1,0,2,2,0,0,2,2,2,1,5,3,4,5,1,4,3,2,2,2,2,3,1,1,,,1,,,1,1,,,,,,,1,,1,0,Pennsylvania,19606,2,Pennsylvania,Elverson,1,0,6,6,3,3,1,,,,,,3,3,1,,,1,,,,,thanks
5f888a84d0200d03067e17ed,8/10/25 7:34,1693,,,.60000002,,35,1,4,,1,4,,1,1,,,,,,6,,,1,1,4,5,5,4,4,5,4,4,5,1,2,2,5,3,3,3,3,3,4,4,0,1,78000,195000,3,250000,190000,165000,650000,2,780000,600000,250000,,,1,300000,4,10,0,2,2,0,0,0,2,4,3,2,5,1,2,4,4,2,4,4,2,1,2,1,,1,,1,,,2,4,,,1,,,,,,1,1,New York,14057,3,New York,New York,3,0,7,9,8,9,1,,,,,,2,3,1,,,1,,,,,
64d542239dcf23c895827837,8/10/25 7:34,540,1,1,1,,50,0,1,,1,1,,,,,,,1,,1,,,1,4,4,4,3,3,4,4,2,4,4,5,1,1,2,2,-1,1,2,3,4,3,0,1,47600,50000,2,50000,5000,77500,50000,1,40000,25000,30000,,,,,5,1,0,0,0,0,0,0,4,3,5,4,1,2,5,5,3,1,5,3,1,1,3,1,1,,,1,,,1,1,,,,1,,,1,,1,1,Pennsylvania,15206,2,Pennsylvania,Pittsburgh,3,0,6,6,5,5,1,,,,,,1,1,,1,,,1,,,,thank you
660cda55786e37b1cbb49717,8/10/25 7:34,978,,,1,,38,1,5,,1,5,,,1,,,,,,7,,,1,1,1,5,1,3,5,5,4,5,1,1,1,1,1,2,3,2,3,3,2,3,1,1,45000,100000,1,85000,30000,,1115000,1,140000,20000,80000,,,1,85000,1,1,0,2,2,0,0,0,5,1,2,4,5,3,1,3,3,3,2,2,2,2,2,1,1,,,,,1,1,1,,,1,,,,,,1,1,Florida,32534,2,Florida,Pensacola,2,0,3,3,3,3,1,,,,,,3,3,1,,,1,,,,,
589f4b4b4d580c0001e0a155,8/10/25 7:34,583,,,1,,33,1,5,,1,3,,,,,,,,,7,1,,,1,1,5,1,1,5,5,4,3,1,2,3,4,3,3,3,3,1,1,3,5,0,1,160000,200000,2,220000,180000,560000,1200000,1,200000,800000,200000,,,1,300000,1,1,2,2,2,0,0,2,1,1,2,5,4,3,1,2,5,1,3,4,2,1,1,1,1,,,1,,,0,2,,1,,,,,,,0,0,Illinois,60515,2,Michigan,Kalamazoo,2,0,9,9,7,3,1,,,,,,3,3,1,,,1,,,,,
558b20eefdf99b7dfdbac3c9,8/10/25 7:34,565,,,1,,64,1,4,1,,4,,1,,,,,,,7,1,,,1,1,3,2,2,5,4,5,5,1,1,2,2,2,2,1,2,3,3,3,2,1,0,20000,15000,1,22000,13000,,,,,,30000,,,,,5,5,0,2,2,0,0,0,1,2,4,5,3,1,3,5,4,2,3,2,1,1,3,1,,1,,,,,4,4,,,,,,,1,,1,1,Kentucky,40176,1,Kentucky,Webster,1,0,4,4,3,2,,,1,,,,3,3,1,,,1,,,,,
559c3ad8fdf99b32b55f2d32,8/10/25 7:35,454,,,1,,49,0,4,1,,4,,,,1,,,,,3,,1,,1,1,2,3,3,5,3,2,2,4,4,3,2,3,1,1,1,3,2,3,3,1,0,60000,6000,1,75000,20000,,,,,,75000,,,,,1,5,0,0,0,0,0,0,4,1,2,4,5,3,4,2,2,4,2,1,3,1,4,4,,1,,,,1,1,1,,,,,,,1,,1,1,Alabama,35954,1,Alabama,Hokes Bluff,2,0,4,4,5,4,,,1,,,,1,1,,,,,,,,,
572535bba34b2a001306827c,8/10/25 7:35,745,,,1,,39,1,4,,1,2,,,,,,1,,,5,,,1,1,3,4,5,2,-1,4,4,5,3,5,3,3,1,1,1,1,4,4,4,2,1,1,45000,60000,1,90000,50000,,75000,1,75000,48000,70000,,,0,70000,2,4,0,0,0,0,0,0,3,1,2,5,3,4,4,1,2,4,2,2,3,3,4,3,1,,,,1,,0,3,,,,1,,,,,1,0,New York,11206,3,New York,brooklyn,3,0,6,7,6,6,1,,,,,,3,3,1,,,1,,,,,
62694f79608ed29b7af936b1,8/10/25 7:35,968,,,1,,58,0,3,,1,3,,,,,,,,,2,1,,,4,4,5,5,2,4,1,1,2,1,4,2,1,5,2,2,1,3,2,5,3,0,0,35000,90000,3,95000,77000,65000,,,,,70000,,,,,6,6,2,2,2,0,0,0,2,1,3,4,5,2,4,1,5,1,4,4,1,1,1,1,,1,,1,,,2,2,,,,,,,1,,1,1,Michigan,49050,1,Michigan,Battle Creek,3,1,3,3,1,2,1,,,,,,1,1,,1,,,1,,,1,
66ca41de318c12cd9f59b13a,8/10/25 7:35,857,,,1,,68,0,5,1,,3,,,,,,,,,7,1,,,1,2,4,2,2,4,5,2,5,1,4,3,3,5,2,1,1,3,3,2,2,0,1,30300,20000,2,20000,0,49000,40000,1,40000,0,45000,,,,,5,5,0,2,2,0,0,0,4,1,4,3,5,2,3,2,4,1,2,4,1,2,2,1,,1,,,1,,2,2,,,,,,,1,,1,1,Florida,33881,2,Connecticut,Guilford,1,0,5,5,3,4,,,,,1,,2,2,1,,,1,,,,,
65fb1a5882c2d4825dab5e81,8/10/25 7:35,621,,,.89999998,,47,1,5,,1,5,,1,1,,,,,,7,,1,,1,1,5,-1,-1,5,5,5,5,5,2,1,2,1,1,1,2,3,-1,2,2,0,1,1000,5000,1,10000,1000,69000,75000,1,75000,60000,90000,,,,,5,6,0,0,0,0,0,0,4,1,3,4,5,2,4,3,3,3,2,1,2,3,4,1,,1,,1,,,2,0,,,,,,,1,,1,1,Washington,99353,2,Washington,richland,2,0,3,4,4,,,1,,,,,3,3,1,,,,,1,,,
6724260700cede758eb0c062,8/10/25 7:35,1041,1,1,1,,49,1,5,,1,5,,,1,,,,,,7,,1,,1,1,5,5,1,5,5,5,5,1,1,2,3,4,3,3,3,3,3,3,3,1,0,29000,35000,3,40000,25000,,,,,,25000,,,,,2,4,0,0,0,0,0,0,4,1,5,2,3,4,5,4,5,1,5,3,2,3,2,1,1,,,,,1,1,1,,,,,,,1,,1,1,West Virginia,26059,2,West Virginia,Triadelphia,2,0,3,6,6,6,1,,,,,,3,3,1,,,1,,,,,thank you for the great survey to complete
682c3f62f2680e9a67130379,8/10/25 7:36,1291,,,1,,33,1,4,1,,4,,1,,,,,,,6,,,1,5,4,4,5,2,4,4,-1,4,2,3,3,2,1,2,3,3,3,4,4,4,1,1,190000,50000,2,45000,15000,,50000,2,70000,40000,30000,,,1,50000,5,5,0,0,0,0,0,0,4,1,3,2,5,4,3,3,4,2,3,3,2,1,1,2,1,,,,,1,0,2,,,,,,,1,,1,1,Pennsylvania,19134,3,Pennsylvania,Philadelphia,3,0,6,8,7,7,,1,,,,,1,1,,1,,1,,,,,
66b82e7a217f905382989f20,8/10/25 7:36,1153,,,1,,45,1,5,1,,0,,,,,,,,,3,,,1,1,1,3,5,1,5,5,4,5,2,1,1,1,1,1,1,1,3,3,3,1,1,0,0,15000,1,45000,0,,,,,,40000,,,,,5,4,0,0,2,0,0,0,2,2,3,5,4,1,5,2,1,4,1,2,1,2,4,5,1,,,,,1,0,0,,,,,,,1,,1,1,Oklahoma,73132,3,Oklahoma,Oklahoma City,3,0,4,4,6,4,,,,,1,,3,3,1,,,1,,,1,,
55b249bdfdf99b28e3c14b05,8/10/25 7:36,990,,,1,,39,0,5,1,,3,,,,,,,,,7,,1,,1,5,5,5,3,5,5,1,1,1,5,3,3,2,3,3,3,2,3,3,3,1,0,40000,60000,3,55000,50000,,,,,,50000,,,1,60000,2,2,0,0,2,0,0,0,5,1,2,4,5,3,5,3,5,1,5,4,1,1,1,2,,1,,,,1,3,3,,,1,,,,,,1,1,Mississippi,38901,2,Mississippi,Grenada,2,0,5,5,2,3,1,,,,,,3,3,1,,,1,,,,,
657f8d99678be2d216a85c3d,8/10/25 7:36,556,,,1,,43,1,3,1,,4,,,,1,,,,,5,1,,,3,3,4,1,4,4,3,2,4,1,4,1,3,3,1,1,2,2,2,3,3,1,0,130000,150000,1,170000,120000,,,,,,120000,,,,,1,2,0,0,2,0,0,0,4,1,3,5,4,2,2,2,3,4,2,3,2,1,4,1,,1,,,,1,0,0,,,,,,,1,,1,1,New Jersey,07030,3,New Jersey,Bridgewater,2,0,6,6,6,6,1,,,,,,2,2,,,,1,,,1,,
5b78542ef642ed0001517ca0,8/10/25 7:36,609,,,1,,34,1,5,,1,4,,,1,,,,,,6,,,1,1,1,5,2,1,5,5,4,5,2,4,2,3,2,2,2,2,1,2,4,4,0,1,59000,70000,2,100000,50000,143000,160000,1,180000,90000,150000,,,1,180000,1,2,2,2,2,2,2,2,2,1,2,5,3,4,4,1,4,3,2,4,3,2,2,1,,1,,1,,,0,-1,,,,,,,1,,1,1,New York,14057,1,New York,olean,1,0,8,8,5,6,1,,,,,,3,3,1,,,1,,,1,,none
674cca92742faa4642a6e9c7,8/10/25 7:37,995,,,.89999998,,54,1,5,1,,4,,,1,,,,,,6,1,,,1,1,5,3,2,4,5,4,5,1,2,2,4,1,2,2,1,2,2,2,4,0,1,0,0,2,25000,0,185000,200000,2,250000,100000,120000,,,,,8,5,0,0,2,0,0,0,2,2,1,4,5,3,2,2,4,4,2,4,3,3,2,1,,1,,1,,,3,3,,,,,,,1,,1,1,Florida,33498,2,New Jersey,Edison,2,0,6,6,3,2,,,,,1,,2,3,1,,,1,,,1,,
5f48c192be8b6224c26c3e50,8/10/25 7:37,644,1,,.2,,41,1,5,,1,4,,1,,,,,,,6,,,1,1,1,5,1,1,5,5,5,5,1,1,1,1,1,1,1,2,2,1,1,1,0,1,19873,2376,2,5000,500,19873,2176,2,2379,19873,38000,,,,,1,1,0,0,2,0,0,0,5,5,1,3,2,4,5,5,2,3,1,1,1,2,4,5,,1,,,,1,0,0,,,,,,,1,,1,1,Arizona,85635,2,Maryland,New Carrollton,3,0,4,4,3,6,1,,,,,,3,3,1,,,1,,,,,
6751dc7082001cddf839b91b,8/10/25 7:37,1190,,,1,,34,1,4,1,,4,,1,,,,,,,5,1,,,1,3,5,4,1,2,4,5,5,1,5,1,2,2,2,2,1,3,3,1,3,0,1,0,40000,2,50000,25000,40000,80000,2,95000,40000,50000,,,1,50000,7,7,0,2,2,0,0,2,1,4,2,5,1,3,5,2,5,2,3,2,1,2,4,1,,1,,1,,,3,3,,,,,,,1,,1,1,Iowa,50574,1,Iowa,Webster City,2,0,4,5,3,3,,,,,1,,2,2,,1,,,1,,,,
686ea65cdc71d93242830a6f,8/10/25 7:37,2313,,,1,,32,1,5,,1,5,,,1,,,,,,7,,1,,2,4,5,5,2,5,5,1,4,2,2,2,2,1,2,3,3,3,3,3,3,1,1,30000,60000,3,80000,50000,,100000,3,100000,80000,50000,,,1,80000,4,5,0,0,0,0,0,0,2,2,4,1,5,3,4,5,5,1,5,3,3,2,2,3,1,,,1,,,2,4,,,,,,,1,,1,1,South Carolina,29340,3,South Carolina,Gaffney City,3,5,7,8,7,7,,1,,,,,3,3,1,,,,,,,,all is good
5d537c0cecc84200153075e9,8/10/25 7:37,473,,,1,,45,1,5,1,,3,,,,,,,,,6,,1,,1,1,4,1,1,5,5,5,5,1,2,1,2,1,1,1,1,2,1,2,3,0,1,60000,90000,1,120000,70000,90000,130000,1,150000,95000,110000,,,,,10,1,0,0,0,0,0,0,5,2,3,5,4,1,4,3,2,3,3,3,1,2,4,5,,1,,1,,,1,1,,,,1,,,1,,1,1,Colorado,80504,2,Maryland,Baltimore,3,4,6,7,6,6,1,,,,,,2,3,1,,,1,,,,,
5934a676e7866d0001618b81,8/10/25 7:37,571,,,1,,66,1,4,,1,3,,,,,,,,,7,1,,,1,1,5,4,1,4,4,2,5,1,4,1,2,2,1,2,2,3,1,3,1,1,0,24000,30000,1,35000,15000,,,,,,35000,,,,,1,1,0,0,0,0,0,0,4,4,1,5,2,3,4,1,2,3,3,2,5,2,1,1,,1,,,,1,0,0,,,,,,,1,,1,1,Wisconsin,54143,1,Wisconsin,Horicon,1,0,6,6,4,5,,,1,,,,3,3,1,,,1,,,,,"The answers for where I live or used to live are very limited. Is a town of 20,000 residents urban or rural? What about a town of 3500 residents?"
5de7b588ff15c2a06658dd1d,8/10/25 7:37,747,,,1,,42,1,5,,1,4,,,1,1,,,,,5,,1,,1,1,5,1,1,5,5,5,5,1,1,1,3,1,-1,2,1,4,5,4,2,0,1,32000,34000,3,36000,32000,214000,219000,3,225000,200000,180000,,,,,6,6,2,2,2,0,2,2,4,5,1,4,2,3,1,1,5,1,2,4,1,1,1,1,,1,,1,,,1,1,,,,,,,1,,1,1,Ohio,44120,2,Washington,University Place,2,0,7,7,9,9,,1,,,,,3,3,1,,,1,,,,,
615ce4d0388d7ca055118747,8/10/25 7:38,1433,,,1,,31,1,5,,1,3,,,,,,,,,3,,1,,2,2,3,4,1,3,5,4,4,3,-1,2,2,2,1,-1,1,-1,-1,2,2,1,0,13000,14500,1,25000,12000,,,,,,24000,,,1,35000,1,1,0,0,2,0,0,0,5,3,1,4,5,2,4,5,5,2,2,2,2,2,2,4,,1,,,,1,1,1,,,,,,,1,,1,1,Michigan,48423,2,Michigan,Davison,2,0,4,5,4,5,,,,,,1,1,3,,,,,,,1,,
65c10cdd7d0ee22292b783a3,8/10/25 7:38,2524,,,1,,46,1,4,1,,4,,,,1,,,,,2,1,,,1,1,5,1,1,5,4,5,5,1,1,1,2,1,2,2,2,2,3,1,3,1,1,127000,225000,2,250000,200000,,225000,2,250000,200000,95000,,,,,10,10,0,2,2,0,1,2,2,4,5,1,2,3,1,4,4,2,4,3,2,2,2,1,,1,,,,1,1,0,,,1,,,,,,1,1,Georgia,30062,2,Georgia,Atlanta,2,0,7,7,4,5,1,,,,,,3,3,1,,,1,,,,,
5c8f924dbd496e0012a84583,8/10/25 7:39,1719,1,,.1,,45,1,4,1,,4,,1,1,,,,,,4,,1,,3,4,5,5,2,5,3,4,5,4,4,1,2,4,1,-1,2,2,2,2,2,1,1,18000,40000,3,150000,20000,,40000,3,150000,20000,35000,,,,,4,6,0,0,2,0,0,0,4,1,2,5,3,4,4,5,4,2,5,1,1,3,3,4,,1,,,,1,2,2,,,1,,,,,,1,1,South Carolina,29803,2,South Carolina,Aiken,2,0,4,4,6,6,,,1,,,,2,2,,,1,,,1,,,
6294cced417fa0a733ba14a4,8/10/25 7:39,1320,,,1,,38,0,2,1,,1,,,,,1,,1,,3,1,,,4,5,5,4,4,1,1,1,4,2,5,1,2,2,3,2,1,4,5,4,2,0,1,59000,68000,2,74000,35000,66000,78000,2,74000,41000,65000,,,0,78000,1,2,0,0,2,0,0,0,2,3,5,4,2,1,2,1,2,3,2,3,2,3,4,4,1,,,,1,,0,0,,,,1,,,,,0,0,Texas,76513,2,Texas,"Belton, Texas",2,0,6,7,7,9,1,,,,,,1,1,,1,,,1,,,,This was an interesting research study and questionnaire and was very well-presented. It was easy to follow and flowed right in terms of how the content was explained and expected to be evaluated. Thank you very much for letting me participate in this unique research experiment and survey.
607cbf385d3202721e3f719f,8/10/25 7:39,1182,,,1,,57,1,5,,1,5,,,,1,,,,,3,1,,,1,1,4,4,1,5,5,4,5,1,5,2,4,2,2,3,2,4,3,3,2,0,0,10000,25000,2,40000,20000,98000,,,,,40000,,,,,3,4,0,2,2,0,2,2,2,2,3,5,4,1,4,2,4,2,4,4,1,2,3,1,,1,,1,,,2,2,,,,,,,1,,1,1,Minnesota,55117,2,New Jersey,Hackensack,2,0,6,6,3,3,,1,,,,,3,2,1,,,1,,,,,thank you
67ec523e849139f82ff12023,8/10/25 7:40,888,,,1,,50,0,1,,1,3,,,,,,,,,1,,,1,4,2,4,3,4,1,1,1,4,2,5,5,5,5,3,3,3,2,2,3,4,1,0,137000,750000,3,1000000,400000,,,,,,150000,,,,,5,1,0,2,2,0,0,2,4,1,4,3,2,5,1,5,4,1,2,2,2,2,1,1,1,,,1,,,3,3,,,,,,,1,,1,1,Oregon,97229,2,Washington,Vancouver,2,0,6,6,4,4,,,1,,,,1,1,,1,,,1,,,,
608981c1be83df6a5452398e,8/10/25 7:40,333,,,1,,38,0,3,,1,3,,,,,,,,,1,,,1,5,3,5,5,5,5,5,3,5,5,5,3,3,2,2,2,2,3,3,3,3,1,0,60000,80000,2,75000,65000,,,,,,85000,,,0,85000,1,1,0,0,0,0,0,0,3,1,3,2,4,5,4,5,4,2,4,1,3,3,3,3,,1,,,,1,0,0,,,,,,,1,,1,1,Texas,79936,3,Texas,El Paso,3,3,6,7,3,3,1,,,,,,1,1,,1,,,1,,,1,
678e5f79ad4a1a528024cf86,8/10/25 7:41,2159,,,1,,45,0,4,1,,2,,,,,,1,,,2,,1,,4,5,5,4,2,5,1,1,2,5,5,2,3,2,1,2,1,2,2,4,3,0,1,70000,200000,3,150000,50000,148000,250000,2,250000,50000,100000,,,,,10,1,0,0,2,0,0,2,5,1,3,2,5,4,2,5,5,2,5,4,4,2,1,2,1,,,1,,,4,5,,,1,,,,1,,1,1,New Jersey,08083 ,2,New Jersey,Magnolia,2,0,5,7,7,4,,1,,,,,1,1,,1,,,1,,,,
646ff124ef129159bf5f08f7,8/10/25 7:42,1316,1,,.1,,37,0,1,,1,3,,,,,,,,,1,,1,,3,5,5,5,5,1,1,1,1,1,1,3,4,2,2,3,3,4,4,4,3,1,0,72000,200000,2,150000,150000,,,,,,70000,,,1,125000,1,2,0,0,0,0,0,0,3,1,2,3,5,4,2,5,4,1,4,2,1,1,1,1,1,,,,,1,0,2,,,,1,,,1,,1,1,Florida,34772,2,Connecticut,greenwich,2,0,6,6,6,6,1,,,,,,1,1,,1,,,1,,,,
5f5967d6e280e61b2db8e55c,8/10/25 7:42,738,,,1,,30,1,5,,1,3,,,,,,,,,7,,,1,1,1,5,1,1,5,5,5,5,1,1,1,2,1,1,1,1,1,1,3,1,0,1,30000,30000,1,30000,15000,90000,120000,1,150000,50000,100000,,,0,100000,1,1,2,2,2,0,0,0,4,2,1,4,5,3,4,1,2,3,2,4,1,2,1,1,,1,,,,1,0,0,,1,,,,,,,1,0,Texas,77429,2,Texas,Houston,2,3,6,6,4,4,,1,,,,,3,3,1,,,1,,,,,
54847f1cfdf99b07b28f22f9,8/10/25 7:43,3166,1,1,.80000001,,52,1,5,1,,3,,,,,,,,,6,,,1,1,1,5,1,1,5,5,4,5,5,1,2,2,1,2,3,2,3,3,3,1,1,0,25000,50000,2,60000,40000,,,,,,50000,,,,,1,5,0,2,2,0,0,0,1,1,2,5,4,3,3,4,2,1,1,1,1,1,1,4,1,,,,,1,0,0,,,1,,,,,,1,1,Missouri,64110,3,Missouri,KANSAS CITY,3,3,6,6,4,4,,,1,,,,3,3,1,,,1,,,,,
5de7d7a6603b1b73f3944f8e,8/10/25 7:43,944,,,.89999998,,38,1,5,1,,5,,1,,,,,,,5,,1,,1,1,5,1,1,5,5,3,5,1,1,3,4,2,1,-1,-1,3,2,4,3,1,1,60000,80000,1,100000,60000,,120000,1,160000,100000,200000,,,1,200000,2,3,0,2,2,0,0,0,2,1,4,3,5,2,4,5,3,3,3,3,3,4,3,5,1,,,,,1,0,1,,,,,,,1,,1,1,Illinois,60657,3,Illinois,Oak Park,2,0,6,6,6,7,1,,,,,,3,3,1,,,1,,,,,
66520f31e4b5df0b6b365ed3,8/10/25 7:44,1365,,,1,,48,1,4,1,,2,,,,,,1,1,,5,,,1,4,1,4,5,2,4,4,4,5,2,4,2,3,1,2,2,3,3,3,4,2,0,1,30000,30000,2,50000,15000,60000,50000,1,80000,25000,80000,,,,,2,4,0,0,2,0,0,0,4,4,1,5,2,3,5,4,4,3,2,2,2,2,3,1,,1,,1,,,1,1,,1,,1,,,,,1,1,New York,13730,1,Florida,Aventura,2,0,6,7,2,3,1,,,,,,2,1,,1,,1,,,,,this is one of the few surveys that has felt unbiased.
65d0b965045891ca868a35a2,8/10/25 7:46,665,,,1,,44,1,5,1,,3,,,,,,,,,6,1,,,2,1,5,3,3,5,5,4,5,1,1,2,1,1,1,2,1,1,1,2,2,0,1,0,40000,1,60000,20000,75000,70000,1,100000,60000,150000,,,,,1,1,0,0,1,0,0,0,1,1,3,2,4,5,3,2,3,4,1,2,3,3,3,1,,1,,1,,,3,3,,,1,,,,,,1,1,North Carolina,27856,1,North Carolina,Rocky Mount,1,0,6,7,5,4,,,,,,1,3,3,1,,,1,,,,,
63cff43985317bac287a325f,8/10/25 7:47,530,,,1,,46,1,5,1,,5,,,1,,,,,,6,,1,,1,2,5,1,1,5,5,5,5,1,2,1,2,1,2,1,1,3,3,4,2,1,1,50000,60000,2,65000,55000,,150000,2,200000,140000,75000,,,,,1,1,0,2,2,0,0,2,4,3,1,5,4,2,3,2,4,2,3,2,2,1,2,1,1,,,,,,0,0,,,,,,,1,,1,1,Ohio,44420,2,Ohio,youngstown,3,0,7,7,7,6,1,,,,,,3,3,1,,,1,,,,,
5e542a0c4b7e8c42fafa7216,8/10/25 7:48,643,,,.89999998,,57,0,1,1,,1,,,,,1,1,1,,5,,,1,5,5,4,1,5,1,1,1,2,1,5,4,5,1,2,2,1,2,2,3,3,1,0,113000,100000,1,105000,90000,,,,,,150000,,,,,2,2,2,2,2,0,0,0,1,1,3,2,5,4,1,1,5,1,1,3,2,1,1,1,1,,,,,1,0,2,,1,,,,,,,1,0,California,95831,2,California,Sacramento,2,0,7,7,1,3,1,,,,,,1,2,,1,,,1,,1,,
663274d555447e8270dde7d0,8/10/25 7:49,743,,,1,,41,1,2,,1,4,,,1,,,,,,3,1,,,2,3,4,5,4,4,4,3,5,-1,-1,3,3,1,1,1,-1,2,3,3,2,1,0,48000,55000,1,55000,40000,,,,,,65000,,,,,1,5,0,0,2,0,0,1,2,1,3,4,5,2,3,3,3,3,3,2,2,2,3,4,,1,,,,1,2,2,,,,,,,1,,1,1,Pennsylvania,17022,2,Pennsylvania,Harrisburg,2,0,5,6,3,3,1,,,,,,2,2,,,1,,,1,,,
676447df79256e6a0e1b9082,8/10/25 7:53,1261,,,1,,34,1,4,,1,5,1,,,,,,,,4,1,,,4,4,5,4,5,5,5,5,4,3,4,1,1,1,1,1,2,2,-1,2,1,0,1,20000,50000,1,70000,40000,40000,50000,1,70000,50000,80000,,,0,100000,2,10,0,0,2,0,0,0,4,5,3,4,1,2,4,3,3,4,2,4,4,2,1,3,1,,,,,1,0,-1,,,,,,,1,,1,1,Florida,33021,2,Florida,Boca raton,2,0,3,4,,,,,,,,1,1,1,,,,,,,,,
628e0063fa56e316da2a71cb,8/10/25 7:53,3424,,,1,,50,0,2,,1,0,,,,,,,,,1,,,1,1,1,2,2,1,4,1,2,1,1,2,1,2,3,2,2,2,2,4,4,2,1,0,36600,175000,2,525000,45000,,,,,,55000,,,,,4,1,0,2,2,0,0,0,4,1,3,5,2,4,4,5,2,2,4,1,3,2,5,4,1,,,,,1,0,-1,,,,,,,1,,1,1,Wisconsin,53149,1,Wisconsin,"Mukwonago, WI",1,0,3,3,3,4,,,1,,,,3,3,,1,,,,,,,
5dd329e3270f4433de53299a,8/10/25 7:53,730,,,1,,37,1,5,,1,3,,,,,,,,,6,,1,,1,1,4,5,1,5,5,5,5,1,1,1,1,1,1,1,1,1,3,2,1,0,1,14300,17300,1,18500,13500,119000,75000,1,85000,67000,36000,,,0,36000,6,6,2,2,2,0,0,2,4,2,1,4,5,3,5,1,4,1,1,2,1,1,1,4,,1,,,,,0,0,,,,,,,1,,1,1,Indiana,46614,2,Indiana,South Bend,2,0,6,6,6,4,,,,,1,,3,3,1,,,1,,,,,"My parents are middle class and I live with them, but I am on disability (SSI) so I make hardly anything and cannot work."
6734ab83047e85e2f8795acb,8/10/25 7:54,644,,,1,,31,1,4,1,,4,1,,,,,,,,6,,,1,1,1,5,1,1,5,5,3,5,1,1,2,3,2,2,2,2,3,3,3,3,0,1,55000,65000,1,80000,60000,145000,165000,2,190000,160000,120000,,,0,120000,3,5,0,2,2,0,0,2,2,2,1,5,4,3,3,1,5,1,4,4,2,2,2,3,1,,,,1,,0,0,,,,,,,1,,1,1,Arizona,85383,2,Michigan,Grand Rapids,3,0,6,6,3,6,1,,,,,,3,3,1,,,1,,,,,
6684b71a5615b7da8e59ce56,8/10/25 7:56,813,,,1,,48,1,5,1,,5,,1,1,,,,,,5,,1,,2,1,4,3,1,5,5,4,4,2,1,2,3,2,2,2,2,1,3,3,3,0,1,45000,65000,2,80000,45000,125500,150000,3,200000,125500,125500,,,,,5,5,0,2,2,0,0,2,2,5,3,4,1,2,5,5,5,1,3,3,2,2,2,4,,1,,1,,,2,2,1,,,,,,1,,1,1,Oklahoma,73170,2,Oklahoma,"Ada, Oklahoma ",1,3,6,7,4,4,1,,,,,,3,3,,,,1,,,,,No confusion and the length felt appropriate given the compensation. 
60ae732b911084864713db46,8/10/25 7:59,743,,,1,,30,1,5,1,,4,,1,,,,,,,7,1,,,1,1,5,1,1,5,5,5,5,1,4,1,3,1,1,1,1,3,4,3,2,1,1,9000,30000,1,80000,15000,,60000,1,100000,15000,15000,,,1,60000,6,1,1,2,2,0,0,1,4,4,2,5,3,1,4,2,2,4,4,3,2,2,3,5,,1,,,,1,0,-1,,,,,,,1,,1,0,Massachusetts,01060,3,Massachusetts,Northampton,2,4,7,7,7,7,,1,,,,,3,3,1,,,1,,,,,
5591cd21fdf99b63126f6c60,8/10/25 8:01,621,,,1,,35,1,5,1,,4,,1,1,,,,,,7,1,,,1,1,5,2,1,5,5,5,5,1,3,2,4,1,2,2,2,2,3,3,3,0,1,65000,100000,2,115000,85000,80000,150000,2,125000,100000,50000,,,1,75000,1,10,0,2,2,0,0,0,2,1,2,4,5,3,4,1,5,1,4,4,2,1,1,1,1,,,1,,,1,1,,,,,,,1,,1,1,Tennessee,37643,2,Tennessee,Elizabethton,2,0,6,6,4,6,1,,,,,,3,3,1,,,1,,,,,
60e8b06bfb1c78d450ae9f79,8/10/25 8:05,1258,,,1,,50,0,4,1,,4,,1,,,,,,,6,,,1,2,4,5,5,2,4,5,3,4,4,4,4,4,5,2,3,2,3,3,3,3,0,1,150000,170000,2,200000,120000,149000,200000,2,200000,120000,150000,,,,,8,5,0,0,0,0,0,0,4,2,4,3,5,1,3,5,4,2,3,3,1,3,3,3,1,,,1,,,2,2,,,1,,,,,,1,1,Alabama,35244,2,Alabama,Birmingham,2,0,6,6,6,6,1,,,,,,2,3,1,,,1,,,1,,
5f91a6bf59acc003a749718a,8/10/25 8:11,1369,,,.89999998,,35,1,4,1,,5,,1,,,,,,,6,,1,,1,5,5,5,2,5,5,1,1,1,1,3,4,5,2,3,3,3,2,3,3,0,1,65000,120000,2,130000,100000,125000,300000,2,350000,280000,175000,,,1,200000,5,6,0,2,2,0,2,2,1,2,1,3,5,4,4,4,4,2,4,4,1,1,1,2,,1,,1,,,2,3,,,1,,,,1,,1,1,New York,11003,3,New York,New York City ,3,0,7,9,8,7,1,,,,,,3,3,1,,,1,,,,,
67ec47e1c9280d5e4a0e4e7e,8/10/25 8:19,873,,,1,,52,0,1,1,,3,,,,,,,,,1,1,,,5,5,5,5,4,1,1,2,4,3,5,5,4,2,3,3,3,5,4,5,3,0,1,0,500000,3,1000000,50000,150000,1000000,3,1500000,200000,300000,,,,,2,6,0,0,2,0,0,0,2,1,3,5,4,2,1,4,5,1,4,1,2,1,1,1,,1,,1,,,3,3,,,,,,,1,,1,1,California,93711,2,California,Fresno,2,0,7,7,9,9,,,,,1,,1,1,,1,,,1,,1,,
6501f7c274092e1270832a17,8/10/25 8:33,729,,,1,,49,1,5,1,,4,,,,1,,,,,6,,1,,1,1,5,1,1,5,5,5,5,1,1,1,2,1,1,1,1,5,4,2,1,0,1,26000,50000,1,65000,20000,35000,60000,1,70000,30000,50000,,,,,1,2,0,0,2,0,0,0,2,1,2,5,4,3,4,2,2,3,4,1,4,4,5,1,1,,,,,1,1,1,,,,1,,,1,,1,1,Texas,78223,2,Texas,San Antonio,3,0,4,4,5,6,,1,,,,,3,3,1,,,1,,,,1,
663a7dc83986ee24fb6ec0e6,8/10/25 8:35,463,,,1,,40,1,5,,1,4,,,1,,,,,,7,1,,,2,1,5,4,2,5,5,4,5,2,2,1,2,1,3,2,2,1,1,1,3,1,1,68000,80000,2,85000,75000,,125000,1,150000,125000,68000,,,,,4,6,0,2,2,0,0,0,2,1,3,4,5,2,4,1,5,3,3,4,3,1,2,1,1,,,,,1,0,0,,,,1,,,1,,1,0,Georgia,30102,2,Georgia,Blue Ridge,1,0,5,5,2,2,1,,,,,,3,3,1,,,1,,,,,
6570b08c58d63e7508f01281,8/10/25 8:44,852,,,1,,68,1,5,1,,3,,,,,,,,,7,,,1,1,1,5,2,1,5,5,4,5,4,1,1,2,1,2,1,2,2,2,3,2,0,1,14000,12000,2,15000,9000,24000,20000,2,24000,17000,30000,,,,,6,1,0,0,2,0,0,0,3,2,3,5,4,1,5,2,4,2,3,2,4,3,2,1,1,,,1,,,0,0,,,,,,,1,,1,1,Virginia,24330,1,North Carolina,Greenville,2,0,6,6,3,4,,1,,,,,3,3,1,,,1,,,,,"Interesting survey, appropriate length"
5dd55652f30aa650f027e1c2,8/2/25 11:34,939,,,1,,27,1,5,,1,3,,,,,,,,,7,,1,,1,1,5,1,1,5,5,5,5,1,1,1,1,1,1,2,2,3,3,3,2,1,0,52000,60000,2,70000,0,,,,,,40000,0,40000,0,40000,2,6,0,2,2,0,0,0,2,1,3,2,5,4,4,1,5,2,2,2,2,2,2,5,1,,,,,1,0,0,,,1,,,,,,1,1,Illinois,60660,3,Illinois,Chicago,3,0,6,6,6,3,1,,,,,,3,3,1,,,1,,,,,
5c2cb3b41f8ea700015c44f0,8/2/25 11:34,452,1,,.2,,39,1,4,,1,5,,1,1,,,,,,6,,1,,1,1,5,1,1,3,5,3,5,1,2,1,2,4,3,3,-1,3,3,3,4,0,1,140000,185000,1,200000,80000,140000,250000,1,300000,100000,125000,,,0,125000,5,5,2,2,2,0,0,2,2,1,2,4,5,3,5,2,4,3,2,3,2,2,2,1,1,,,1,,,2,2,,,,,,,1,,1,1,North Carolina,28078,2,New York,Rochester,2,0,7,7,6,4,1,,,,,,3,3,1,,,1,,,,,"Interesting study, thanks for hosting."
5c6a36214fbf270001311702,8/2/25 11:34,2345,,,1,,47,1,5,,1,5,,,,1,,,,,2,1,,,1,1,5,1,1,5,5,4,5,1,1,3,4,1,3,3,3,5,1,4,5,0,1,177000,325000,1,375000,250000,537000,825000,1,1000000,750000,285000,,,,,10,10,0,0,2,0,0,0,2,2,4,5,1,3,1,5,5,1,5,4,1,4,1,1,,1,,1,,,4,-1,,1,1,,,,,,1,0,California,94533,2,California,Fairfield,2,5,7,8,3,4,1,,,,,,3,3,1,,,1,,,,,"Interesting study! I have a lot to think about regarding the future. What an eye opener and appreciate the insight. Better to be safe than sorry, right? Thank you for the opportunity, it was a pleasure participating!"
60ddfe929fff846f04cd2c95,8/2/25 11:35,712,,,1,,36,1,4,,1,5,,1,1,,,,,,7,,1,,1,1,4,3,1,5,5,3,3,1,4,2,1,3,2,2,2,2,2,2,2,0,1,180000,18000,2,25000,16000,48000,52000,2,50000,45000,40000,,,1,45000,2,2,0,0,0,0,0,0,3,3,2,5,4,1,4,1,3,1,4,2,1,1,3,4,,1,,1,,,1,1,,,,,,,1,,1,1,Kansas,67217,3,Kansas,Wichita ,3,0,6,6,5,4,1,,,,,,2,2,1,,,,,1,,,
6752091641ac0737f40f8413,8/2/25 11:35,919,1,,.1,,37,1,4,,1,4,,1,,,,,,,7,1,,,1,3,5,5,3,4,4,5,5,2,3,2,2,2,1,2,2,1,2,2,3,1,1,51500,80000,2,95000,60000,,80000,2,100000,45000,70000,,,1,78000,2,5,0,0,2,0,0,1,4,2,3,1,5,4,4,4,4,2,3,3,3,2,3,4,1,,,,1,,2,3,,,1,,,,,,1,0,Illinois,61201,3,Indiana,South Bend,3,3,5,7,2,1,1,,,,,,1,2,,1,,,1,,,,
5f1b0abbb84a5207673cb637,8/2/25 11:35,568,,,.89999998,,31,1,4,,1,4,,,1,,,,,,5,1,,,2,2,5,4,2,4,5,4,5,3,3,1,2,2,2,2,2,2,1,4,4,0,1,5000,10000,1,20000,5000,120000,160000,2,200000,130000,100000,,,1,100000,4,4,0,2,2,0,0,0,2,1,2,5,3,4,4,5,5,1,4,4,2,1,1,1,,1,,1,,,1,3,,,,,,,1,,1,1,Ohio,45231,2,Ohio,Loveland,2,0,6,6,4,6,,,1,,,,1,2,,,1,,1,,,,
663a6537d8be42a9bd890765,8/2/25 11:35,613,,,1,,35,1,5,,1,5,,,,1,,,,,7,,,1,1,1,5,1,1,5,5,5,5,1,1,1,2,1,-1,1,-1,3,3,2,1,0,1,5000,20000,1,25000,5000,49000,40000,1,60000,25000,55000,,,0,55000,5,5,0,0,0,0,0,0,3,2,1,5,3,4,5,4,1,4,3,2,3,2,5,1,,,1,1,,,0,0,,,,,,,1,,1,1,Michigan,49445,1,California,San Diego,2,0,4,5,7,6,,,,,1,,3,3,1,,,1,,,,,
65c12aec64a50727ccd1ac6e,8/2/25 11:35,911,,,1,,37,1,4,,1,2,,,,,,,1,,3,,1,,2,4,5,5,2,5,5,5,4,2,2,4,2,2,2,2,2,1,2,2,2,1,1,19600,28000,2,62000,22000,,60000,2,110000,22000,28000,,,1,25500,3,2,0,2,2,0,2,2,2,1,4,5,3,2,3,2,4,3,2,1,2,1,2,5,,1,,,,1,1,1,,,1,,,,,,1,1,North Carolina,28216,3,North Carolina,Charlotte,3,0,6,6,6,2,1,,,,,,3,3,1,,,,,,,,
67d55f1a8d7ba521684d602e,8/2/25 11:35,1954,,,1,,31,1,4,,1,4,1,,,,,,,,5,,,1,2,2,5,2,1,5,4,2,4,1,2,2,3,1,2,2,2,3,3,3,3,0,1,35000,75000,2,110000,25000,65000,500000,2,510000,110000,110000,,,0,75000,5,7,0,0,0,0,0,0,4,2,1,4,5,3,4,3,3,2,3,2,2,2,2,4,,1,,1,,,4,4,,,,,,,1,,1,1,Mississippi,39180,2,California,San Francisco ,2,5,7,9,6,7,1,,,,,,1,1,,1,,,1,,,1,The structure of the survey progressed smoothly from economic views to personal values and policy preferences.
67a4e8dd295e3fb3cf7cee74,8/2/25 11:36,366,,,1,,34,1,5,,1,3,,,,,,,,,7,,,1,1,1,5,5,5,5,5,5,5,1,1,3,3,2,1,1,1,1,1,1,2,1,0,30000,30000,2,60000,30000,,,,,,40000,,,0,60000,1,1,0,0,0,0,0,0,1,1,4,3,2,5,3,1,2,3,1,2,3,1,5,4,1,,,,,1,0,0,,,,,,,1,,1,0,Ohio,44446,2,Ohio,Niles,2,0,3,3,3,3,,,1,,,,2,2,,,,,,,,,
6619c656fcc5b85d9491959c,8/2/25 11:36,738,,,1,,34,1,4,,1,3,,,,,,,,,7,,,1,1,1,1,4,3,4,4,4,4,3,4,1,2,1,1,2,1,3,-1,2,3,1,0,49000,75000,2,100000,60000,,,,,,38000,,,0,46000,2,2,0,0,2,0,0,0,4,1,5,2,3,4,4,1,4,2,3,2,2,1,4,5,1,,,,,1,0,0,,,,,,,1,,1,1,Virginia,24501,3,Iowa,Des Moines,3,0,6,7,3,,1,,,,,,1,1,,,,,,,,,
67826e3f8fe3e14925bf520d,8/2/25 11:36,780,,,1,,51,0,1,,1,3,,,,,,,,,5,1,,,1,4,2,1,5,1,1,1,1,1,1,3,4,2,3,3,3,2,2,2,4,1,1,80000,90000,2,90000,80000,,100000,2,100000,90000,80000,,,,,1,6,2,2,2,0,2,2,4,3,5,4,2,1,2,1,5,1,4,3,2,1,4,1,1,,,1,,,3,3,,,,,,,1,,1,1,Nebraska,68505,3,Nebraska,Loup City,1,0,7,7,4,3,1,,,,,,1,1,,1,,,1,,1,,:)
5e10d288a2c6967a2c655aad,8/2/25 11:36,744,,,1,,34,1,5,,1,3,,,,,,,,,5,,1,,1,3,4,2,1,5,5,4,5,4,5,1,1,1,2,-1,3,3,2,3,3,0,1,108000,150000,1,200000,70000,180000,250000,1,300000,100000,230000,,,0,400000,1,10,0,2,2,0,0,0,1,2,1,3,5,4,5,4,5,1,2,3,2,3,2,5,1,,,1,,,0,0,,,,,,,1,,1,1,California,95819,3,Virginia,Fairfax,2,0,7,7,7,9,1,,,,,,3,2,,,,1,,,,,
63d6f2705562fd353b7948dc,8/2/25 11:36,1271,,,1,,32,1,5,,1,4,,,1,,,,,,7,,1,,1,3,5,5,3,5,3,3,3,1,1,3,3,4,2,2,2,3,3,3,3,1,1,74000,100000,2,120000,100000,,100000,2,120000,100000,80000,,,1,100000,10,10,0,0,2,0,0,0,4,1,4,2,5,3,3,5,4,1,5,4,1,1,1,3,1,,,,,1,4,4,,,1,,,,,,1,1,Virginia,23223,2,Virginia,richmond,3,0,6,6,3,3,1,,,,,,3,3,,1,,,1,,,,n/a
60fee1a0234ddea6fd998ba0,8/2/25 11:36,823,,,1,,30,1,5,,1,5,,,,1,,,,,7,,,1,1,1,5,1,1,5,5,5,5,1,1,1,1,1,2,2,2,3,2,2,3,1,1,47770,65000,2,80000,50000,,100000,1,150000,70000,50000,,,0,60000,5,1,0,0,0,0,0,0,4,5,4,2,1,3,4,1,4,2,3,1,2,2,2,5,,1,,,,1,0,0,,,,,,,1,,1,1,Indiana,46545,2,Michigan,Jenison ,2,0,6,8,7,4,1,,,,,,3,3,1,,,1,,,,,
63268ad93b6ecc1acf782a21,8/2/25 11:36,576,,,1,,31,1,5,,1,3,,,,,,,,,5,,,1,-1,-1,4,4,-1,5,4,4,5,3,3,2,3,1,1,1,-1,3,3,3,2,0,1,24000,30000,1,40000,20000,24000,30000,1,70000,30000,45000,,,0,80000,1,1,0,2,2,0,0,0,4,2,1,5,4,3,4,1,2,3,3,1,3,3,3,5,1,,,,,1,0,0,,,,,,,1,,1,1,Minnesota,56367,1,Minnesota,Rice,1,0,4,6,2,2,1,,,,,,2,2,,,,,,,,,The survey length was appropriate. I believe the questions were easy to understand. The study went well for me. 
62c9fdd317ab40e740eb27c8,8/2/25 11:37,3187,,,1,,45,0,4,,1,3,,,,,,,,,6,,1,,3,4,5,4,2,4,4,1,4,1,5,3,3,2,2,3,3,3,3,3,2,0,1,40000,200000,3,250000,80000,60000,400000,3,500000,120000,80000,,,,,5,5,0,2,2,0,0,0,2,4,5,3,2,1,4,5,4,2,4,1,1,2,4,5,1,,,1,,,0,0,,,,,,,1,,1,1,Nevada,89103,3,Missouri,Kansas,3,0,4,5,3,3,1,,,,,,1,1,,1,,,1,,,1,"All good, thank you!"
66439c3bab98bb0158f84946,8/2/25 11:37,619,,,1,,36,1,5,,1,5,,,,1,,,,,5,1,,,1,1,5,3,1,5,5,4,5,3,3,2,2,1,2,2,2,2,2,3,3,1,0,85000,100000,1,120000,90000,,,,,,90000,,,0,100000,1,1,0,2,2,0,0,2,4,1,2,5,4,3,4,1,4,1,3,1,1,1,1,1,,1,,,,1,0,0,,,,,,,1,,1,1,Pennsylvania,19607,2,Pennsylvania,Pottsville,1,0,6,6,5,3,1,,,,,,3,3,1,,,1,,,,,
65e8cf8f4c7424fa062e54a3,8/2/25 11:37,778,,,.89999998,,31,0,2,,1,4,,1,,,,,,,5,,1,,4,4,4,5,4,1,1,2,2,2,5,3,4,2,1,2,1,2,2,3,2,0,1,15000,50000,1,75000,0,50000,90000,1,110000,50000,75000,,,1,100000,5,3,0,2,2,0,0,0,4,2,1,3,4,5,4,2,2,2,4,2,2,1,4,1,,1,,1,,,1,-1,,,,,,,1,,1,1,Kentucky,41001,1,Kentucky,Fort Thomas,2,0,5,5,4,3,,1,,,,,1,1,,1,,,1,,1,,
5be143cd4c397b0001ec61d3,8/2/25 11:37,664,,,1,,42,1,5,,1,0,,,,,,,,,7,1,,,1,1,5,1,1,5,5,5,5,1,1,1,3,1,1,1,2,3,3,3,1,0,1,0,0,1,20000,0,60000,80000,1,90000,60000,60000,,,,,6,1,0,0,2,0,0,0,5,2,1,4,3,5,5,5,1,4,1,4,4,2,5,5,1,,,1,,,0,0,,,,,,,1,,1,1,Texas,75092,2,Texas,Dallas,3,0,6,6,6,7,,,,,1,,3,3,1,,,1,,,,,
67505c42a18c872bab88ed42,8/2/25 11:37,710,,,1,,46,0,4,,1,1,,,,,1,,1,,7,,,1,1,4,4,4,5,1,5,4,4,5,5,1,2,2,2,2,3,3,3,3,2,1,0,61000,71000,1,91000,51000,,,,,,40000,,,,,1,6,0,0,2,0,0,0,4,1,5,2,3,4,4,2,4,2,4,3,3,2,2,4,1,,,,,1,1,1,,,,,,,1,,1,1,Illinois,60559,2,Illinois,Downers Grove,2,0,6,6,6,6,1,,,,,,1,1,,1,,,1,,,,"no issues, have a great weekend :)"
559c3e07fdf99b32b55f2d8d,8/2/25 11:37,713,,,1,,35,0,4,,1,4,,1,,,,,,,5,,,1,2,2,4,2,2,3,2,2,5,2,4,1,2,2,2,2,2,3,2,3,2,1,0,48000,70000,2,90000,60000,,,,,,45000,,,0,75000,1,2,2,2,2,0,2,2,2,1,2,3,5,4,5,1,4,2,3,2,2,1,1,4,1,,,,,1,0,0,,,,,,,1,,1,1,Massachusetts,01830,3,Massachusetts,Haverhill,3,0,6,6,5,4,1,,,,,,1,2,,1,,,1,,,,"The task was generally easy and well-paid. I felt slightly uncomfortable giving some personal information about pay/money/etc, but it was not excessive based on what I might expect from similar tasks. "
5f7529755aaa0e1a6e804640,8/2/25 11:37,752,,,1,,49,1,4,,1,4,,1,,,,,,,6,1,,,1,2,5,3,2,3,4,2,2,1,2,2,4,3,2,2,3,3,3,2,3,0,1,100000,140000,2,175000,75000,125000,180000,2,200000,100000,95000,,,,,2,5,2,2,2,0,0,0,4,2,1,3,5,4,2,2,2,3,2,4,2,2,2,1,1,,,1,,,2,2,,,,,,,1,,1,1,New Jersey,08085,2,New Jersey,"Hackettstown, NJ",1,0,6,6,6,6,1,,,,,,1,2,1,,,1,,,,,thank you
664b700b38e720bf4c02dfd7,8/2/25 11:37,505,,,1,,38,1,5,,1,5,,1,,,,,,,3,1,,,1,1,5,2,1,5,5,4,5,1,1,1,1,2,1,1,2,3,3,3,2,1,0,34000,50000,1,80000,40000,,,,,,45000,,,0,45000,5,4,0,0,2,0,0,0,4,1,2,4,5,3,5,5,2,4,3,2,4,2,4,5,,1,,,,1,0,0,,,,,,,1,,1,1,Iowa,50653,1,Wisconsin,Bladwin,2,0,4,4,5,5,1,,,,,,3,3,1,,,1,,,,,
665dd791e104ab913c99b685,8/2/25 11:37,1650,,,1,,34,0,3,,1,3,,,,,,,,,4,,,1,1,3,5,4,3,5,3,3,3,1,1,3,3,5,2,3,3,2,3,4,3,1,1,64000,500000,3,380000,120000,,700000,2,620000,480000,100000,,,1,160000,3,2,0,0,2,0,0,0,3,2,4,1,5,3,5,5,4,1,3,4,1,1,3,1,,1,,,,1,0,2,,,,,,,,1,1,0,Florida,33027,3,Florida,Miami,3,0,4,9,6,4,1,,,,,,1,1,,1,,,1,,,,
67828038b2e1f7607e817e11,8/2/25 11:37,869,,,1,,67,0,4,,1,4,,,1,,,,,,6,,1,,1,2,4,4,2,4,4,3,4,2,3,2,3,2,1,1,1,1,2,3,1,1,0,21000,22000,2,25000,21000,,,,,,25000,,,,,8,1,0,0,2,0,0,0,4,1,2,4,5,3,4,1,4,1,2,3,1,2,2,1,1,,,,,1,2,2,,,,,,,1,,1,1,Pennsylvania,15473,1,Pennsylvania,Belle Vernon,2,0,4,4,3,4,,,,,1,,2,1,,1,,1,,,1,,
63bce1f5fd754309a47160d8,8/2/25 11:37,765,,,1,,33,1,5,,1,5,,1,1,,,,,,7,,1,,1,1,5,1,1,5,5,5,5,3,5,1,2,1,1,2,1,3,3,2,3,0,1,120000,50000,1,120000,40000,120000,120000,2,150000,80000,140000,,,1,300000,2,2,0,0,0,0,0,0,2,1,3,2,5,4,4,3,4,4,1,1,2,3,4,5,,1,,1,,,2,2,,,,,,,1,,1,1,Oregon,97914,2,Idaho,Kooskia,1,0,5,6,2,3,,1,,,,,3,3,1,,,1,,,,,
66b033e4f3498b16894e4c3f,8/2/25 11:37,1819,,,1,,42,1,3,,1,5,,1,,,,,,,6,,1,,2,2,4,4,1,-1,4,4,5,4,1,2,2,1,2,2,2,3,3,3,3,0,1,47000,55000,2,65000,47000,103000,115000,2,130000,103000,100000,,,,,5,5,0,2,2,0,0,2,4,2,3,1,5,4,4,3,5,1,2,2,3,2,2,1,,1,,1,,,3,3,,,,,,,1,,1,1,Pennsylvania,19464,2,Pennsylvania,Pottstown,2,0,6,6,6,3,1,,,,,,2,2,,1,,,1,,,,
677c0682ec510c0693fc5790,8/2/25 11:37,888,,,1,,49,0,3,,1,3,,,,,,,,,4,,,1,1,1,3,4,4,2,1,3,-1,-1,5,3,3,1,1,1,1,3,3,3,3,0,1,50000,60000,2,70000,50000,56000,60000,2,80000,50000,50000,,,,,1,1,0,0,0,0,0,0,4,1,2,3,4,5,4,2,5,1,4,1,2,1,4,5,,1,,,1,,0,0,,,,,,,1,,1,1,Ohio,44107,2,Ohio,parma,2,0,3,3,3,3,1,,,,,,2,2,,,,,,,,,n/a
66ccbb7d4109382e498e3c82,8/2/25 11:38,1370,,,1,,48,1,5,,1,3,,,,,,,,,7,,1,,1,2,5,2,1,5,4,3,5,1,2,1,2,2,2,2,-1,3,4,3,2,0,1,34000,38000,1,40000,30000,68000,75000,1,80000,60000,70000,,,,,2,1,0,0,2,0,0,0,4,1,5,4,2,3,5,4,5,1,4,2,2,1,2,1,,1,,,1,,5,5,1,,,,,,1,,1,1,New York,13850,2,New Jersey,Bayonne,1,0,3,3,3,3,1,,,,,,3,3,1,,,1,,,,,The survey was a good length and everything was well organized and worked as it should as far as I can tell. 
59b9e2d3d9ebf90001840905,8/2/25 11:38,993,,,1,,48,1,5,,1,3,,,,,,,,,6,,,1,1,1,5,4,2,4,3,4,5,1,2,1,2,2,2,1,1,3,2,2,2,0,1,20000,20000,1,40000,15000,70000,75000,1,100000,40000,50000,,,,,1,1,0,2,2,0,0,2,2,2,1,5,4,3,4,2,4,2,3,4,4,2,3,1,,1,,1,,,3,3,,,,,,,1,,1,1,Ohio,45804,2,Ohio,Lima,2,0,4,4,4,5,,,1,,,,2,3,1,,,1,,,,,
664151371b8b34f967a026d1,8/2/25 11:38,432,,,1,,43,1,5,,1,5,,1,,,,,,,7,,1,,1,1,5,1,1,5,5,5,5,1,1,1,1,1,2,1,2,4,1,2,3,1,0,80000,120000,2,120000,90000,,,,,,160000,,,,,5,5,0,2,2,0,0,2,2,1,3,5,4,2,2,2,5,2,1,1,2,3,2,5,1,,,,,1,0,2,1,,,,,,1,,1,1,California,92115,2,California,Big Sur,1,0,7,7,7,3,1,,,,,,3,3,,,1,,,1,,,
5e7b6486b704ac034e3f01c8,8/2/25 11:38,1084,,,1,,38,1,5,,1,5,,1,,,,,,,7,,,1,1,1,5,5,1,5,5,5,5,1,1,2,2,1,3,3,3,2,2,2,4,1,1,110000,150000,2,200000,130000,,150000,2,140000,135000,100000,,,1,100000,1,10,2,2,2,0,2,2,1,1,5,3,4,2,5,5,5,1,5,4,2,1,1,1,1,,,1,,,2,2,,,,,,,1,,1,1,Rhode Island,02893,3,Rhode Island,Providence,3,0,6,6,3,3,1,,,,,,3,3,1,,,1,,,,,Thanks!
5d23cee7771223001647e8c7,8/2/25 11:38,1036,,,1,,36,1,5,,1,5,,1,,,,,,,7,,,1,1,1,5,1,1,5,5,5,5,1,1,3,2,1,1,1,1,2,2,2,2,0,1,40000,75000,2,75000,50000,40000,75000,2,75000,50000,75000,,,1,75000,1,1,0,0,0,0,0,0,4,1,2,4,5,3,4,3,2,4,4,1,3,2,1,1,,1,,1,,,0,2,,,,,,,1,,1,1,Washington,98133,3,Washington,Seattle,3,0,5,5,4,3,,,1,,,,3,3,,,,,,,,,I really enjoyed the study! 
67018ddda66fca6195d1070f,8/2/25 11:38,736,1,1,1,,49,1,5,,1,3,,,,,,,,,6,,1,,1,2,5,2,1,4,4,4,4,1,2,2,2,4,1,2,1,1,2,2,1,1,0,25000,35000,1,40000,20000,,,,,,50000,,,,,2,3,0,2,2,0,0,0,4,1,5,2,3,4,3,3,2,3,3,1,3,3,4,4,,1,,,,1,4,4,,,1,,,,,,1,1,Ohio,45229,3,Ohio,Cincinnati,3,0,5,6,2,2,,,1,,,,3,3,1,,,1,,,,,
55d35a33da14d7001295328c,8/2/25 11:38,559,,,1,,36,1,5,,1,5,,,1,,,,,,5,1,,,2,2,5,4,2,5,5,4,5,3,4,2,2,1,2,2,2,3,4,4,3,1,0,45000,80000,1,70000,60000,,,,,,60000,,,0,65000,2,3,0,0,2,0,0,0,4,2,4,5,1,3,4,3,4,2,2,2,2,2,2,4,1,,,,,1,0,0,,,,,,,1,,1,1,Wisconsin,53184,2,Wisconsin,Walworth,2,3,6,6,6,6,,1,,,,,2,2,,,,,,,,,No additional comments
64018f4d1a16dfe2b0f7c552,8/2/25 11:38,1017,,,.69999999,,37,1,5,,1,4,,,,1,,,,,2,,1,,1,2,5,5,2,5,4,4,5,5,5,3,3,1,1,2,1,3,3,3,1,1,1,15000,30000,1,20000,10000,,350000,2,250000,120000,80000,,,1,160000,1,3,2,0,0,2,1,0,4,1,2,5,4,3,4,3,1,4,1,1,5,1,2,4,,1,,,,,1,3,,,1,,,,1,,1,1,California,95827,3,California,Sacramento,3,0,4,4,5,,,,,,,1,2,1,,,,,1,,,,
5fcbe82a12a0c80009d6e9cf,8/2/25 11:38,926,,,.89999998,,31,1,5,,1,3,,,,,,,,,6,1,,,1,2,5,2,1,5,5,5,5,2,4,2,3,1,1,1,3,2,-1,2,2,1,0,25000,30000,1,35000,20000,,,,,,50000,,,0,55000,6,1,0,2,2,0,0,0,4,3,2,4,5,1,5,2,2,3,3,2,3,1,2,5,1,,,,,1,0,0,,,,,,,1,,1,1,Pennsylvania,15943,1,Pennsylvania,Nanty Glo,1,0,6,6,3,3,1,,,,,,3,3,1,,,1,,,1,,"I think in general, the idea of income redistribution is mostly left-leaning."
6697db687b72c375cbe3cf3f,8/2/25 11:38,575,,,1,,45,0,3,,1,3,,,,,,,,,3,,1,,2,2,4,4,4,1,2,1,2,1,3,2,3,3,3,3,3,2,2,2,4,0,1,0,50000,1,100000,20000,185000,225000,2,250000,100000,175000,,,,,10,1,1,2,2,0,0,2,2,3,1,5,4,2,2,2,5,2,3,2,2,1,2,1,,1,,1,,,3,3,,,,,,,1,,1,1,Missouri,63025,2,Texas,N/A,1,0,7,7,3,4,,,,,1,,1,1,,1,,,1,,,,
672658dbfc7d27cee21d040c,8/2/25 11:38,1146,,,1,,48,1,5,,1,3,,,,,,,,,7,,1,,3,1,5,1,1,5,5,5,5,1,1,1,1,1,2,2,2,-1,-1,-1,3,1,1,120000,150000,2,250000,120000,,220000,2,300000,200000,150000,,,,,3,2,0,0,2,0,0,2,2,1,2,5,3,4,2,3,5,1,4,2,2,1,1,1,,1,,,1,,2,2,,,,,,,1,,0,0,Colorado,80210,3,I did not reside in the United States,bucharest,3,6,8,8,6,6,1,,,,,,3,3,1,,,1,,,,,
65218b754dddc1ca107dd9c2,8/2/25 11:39,772,,,1,,47,1,4,,1,4,,1,,,,,,,5,,,1,1,2,5,3,2,4,5,2,4,2,4,1,2,1,1,1,1,2,3,2,2,1,0,62000,65000,2,70000,30000,,,,,,75000,,,,,6,10,0,0,0,0,0,0,4,1,3,2,5,4,1,2,3,4,2,1,2,2,3,5,,1,,,,1,1,1,,,,,,,1,,1,1,Texas,78258,2,Texas,Medina,1,0,6,6,3,3,1,,,,,,2,2,,,1,,,1,,,
57439a4354636a000d78639a,8/2/25 11:39,1351,,,1,,36,0,4,,1,4,,1,,,,,,,7,,,1,1,2,5,2,4,4,5,2,4,4,2,1,3,1,2,2,2,3,3,3,3,0,1,55000,70000,2,85000,55000,145000,170000,2,175000,150000,125000,,,1,150000,2,5,0,2,2,2,2,2,2,1,2,3,5,4,4,1,5,1,3,2,1,1,1,1,,1,,1,,,2,3,,,,,,,1,,1,1,Louisiana,70769,2,Louisiana,Laplace,2,0,7,7,6,6,1,,,,,,2,2,1,,,1,,,1,,None
62e97dfea1a1ef00cb9f0b10,8/2/25 11:39,418,1,1,1,,38,1,4,,1,3,,,,,,,,,3,1,,,4,2,5,4,4,3,3,5,4,4,3,2,2,3,2,2,2,4,4,3,4,0,1,130000,160000,3,160000,160000,130000,160000,2,175000,160000,100000,,,1,125000,2,2,0,0,2,0,0,0,4,2,5,1,3,4,4,3,4,2,1,4,3,2,2,1,1,,,1,,,2,2,,,,,,,1,,1,1,Ohio,45344,1,North Dakota,New Carlisle ,1,5,8,8,8,7,1,,,,,,1,1,,1,,,1,,,1,
66b3c6a051a31f79ebc660e4,8/2/25 11:39,699,,,1,,46,1,5,,1,4,,1,,,,,,,5,1,,,1,1,5,4,2,5,5,4,5,1,2,2,2,2,2,2,1,1,2,3,3,1,0,40000,75000,1,50000,35000,,,,,,45000,,,,,5,3,0,0,0,0,0,0,2,1,2,5,4,3,2,5,4,3,2,1,2,2,3,4,,1,,,1,,2,2,,,1,,,,,,1,1,Ohio,44301,2,Ohio,Parma,2,0,4,4,3,7,1,,,,,,3,3,1,,,1,,,,1,
612bb0204ad8e7e8bed041eb,8/2/25 11:39,1651,,,1,,40,0,3,,1,3,,,,,,,,,2,1,,,3,2,4,3,3,1,2,2,5,2,4,4,4,5,3,3,2,3,3,3,4,0,1,52000,56000,3,55000,52000,100000,104500,3,105500,101000,150000,,,,,1,3,2,2,2,0,1,2,4,5,4,3,2,1,2,3,5,3,2,3,3,2,2,1,1,,,1,,,1,1,,,,,,,1,,1,1,North Carolina,28658,2,Florida,Hollywood,2,0,4,4,3,3,1,,,,,,1,1,,1,,,1,,,,Thank You
669eb709554e753adddffe01,8/2/25 11:39,886,,,1,,40,1,5,,1,3,,,,,,,,,7,,1,,1,1,5,1,3,5,5,5,5,1,1,2,3,1,2,2,2,2,4,4,3,0,1,48750,49750,2,53500,45000,59860,60000,1,63500,55000,40000,,,,,5,5,0,0,0,0,0,0,3,3,5,2,4,1,5,2,5,1,3,4,1,2,3,3,1,,,,1,,1,1,,,,1,,,1,,1,0,Ohio,45750,2,Ohio,McConnelsville,1,0,6,6,5,6,1,,,,,,3,3,1,,,1,,,,,It was interesting!
671ab0904de8eb7273ae9d42,8/2/25 11:39,834,,,1,,54,0,5,,1,3,,,,,,,,,7,,1,,1,1,3,1,3,4,5,2,4,2,3,2,2,5,2,2,1,3,3,4,2,1,1,42000,52000,1,55000,50000,,53000,1,120000,115000,50000,,,,,1,1,0,2,2,0,0,0,3,1,3,5,4,2,4,2,4,2,3,2,2,2,2,5,,1,,,,1,1,1,,,1,,,,,,1,1,Connecticut,06042,2,Connecticut,Windsor,2,0,5,5,3,3,1,,,,,,3,3,1,,,1,,,1,,
67cf28a2280e7e75fbbacbff,8/2/25 11:39,930,,,1,,50,1,4,,1,4,,,1,,,,,,6,1,,,2,2,4,3,5,4,4,4,4,2,2,1,2,2,2,2,2,3,3,3,3,0,1,59000,120000,2,90000,60000,89000,200000,2,160000,120000,50000,,,,,5,4,0,0,0,0,0,0,4,1,4,2,5,3,1,5,5,1,5,4,2,3,2,1,1,,,1,,,2,2,,,,,,,1,,1,1,Illinois,62901,2,Illinois,carbondale,2,0,6,7,6,6,1,,,,,,3,3,1,,,1,,,1,,
5ab3fc4b5f01000001cb07e2,8/2/25 11:39,613,,,1,,44,1,5,,1,5,,,1,,,,,,7,,,1,1,1,5,1,1,5,5,5,5,1,1,1,2,1,2,2,3,3,3,3,3,1,0,160000,200000,2,250000,100000,,,,,,150000,,,,,10,10,0,2,0,0,0,2,1,5,4,3,1,2,4,3,4,2,3,3,2,2,2,1,1,,,,,1,0,0,,,,,,,1,,1,1,Michigan,49464,1,Michigan,Zeeland,1,0,8,8,3,3,1,,,,,,3,3,1,,,1,,,,,
636198b2cfdd80506b1c97a4,8/2/25 11:39,1318,1,1,.89999998,,50,1,5,,1,4,,1,,,,,,,6,,,1,2,2,5,4,4,4,4,4,5,4,5,1,1,1,2,1,1,2,1,2,1,0,1,30000,40000,1,40000,30000,30000,40000,1,40000,25000,80000,,,,,1,10,0,0,0,0,0,0,4,1,5,2,3,4,2,3,4,2,3,1,2,2,3,1,1,,,,,1,1,-1,,,,,,,1,,1,1,Arizona,85342,1,Alaska,Anchorage,3,0,2,2,4,4,,1,,,,,2,1,,1,,,1,,,,
66926bdaacd865fc152ef5ff,8/2/25 11:40,873,,,1,,51,1,4,,1,2,,,,,1,,,,6,1,,,2,2,5,4,2,5,4,4,5,2,5,2,2,3,1,1,2,3,3,3,3,0,0,95000,105000,2,110000,85000,195000,,,,,225000,,,,,1,1,0,0,2,0,0,0,2,2,3,5,4,1,2,2,4,1,2,4,1,1,2,1,,1,,1,,,3,3,,,,,,,1,,1,1,Ohio,44133,2,Ohio,north royalton,2,3,6,6,3,3,1,,,,,,2,2,,1,,,1,,,,
66293f085f53afede9219dc0,8/2/25 11:40,1784,,,1,,52,1,4,,1,3,,,,,,,,,5,,,1,2,2,5,4,2,4,2,3,5,2,2,2,3,5,2,1,3,3,4,5,3,0,1,60000,70000,2,80000,50000,65000,80000,2,100000,60000,75000,,,,,3,6,0,0,0,0,0,1,4,2,1,3,5,4,2,2,2,3,5,3,3,3,2,1,,1,,1,,,2,2,,,,,,,1,,1,1,North Carolina,27455,2,North Carolina,greensboro,3,0,6,6,7,9,,1,,,,,2,3,1,,,1,,,,,
5cbdc6f1214b1a0015ccfbab,8/2/25 11:40,2039,,,1,,34,0,4,,1,3,,,,,,,,,4,,1,,3,4,4,3,3,4,4,4,5,2,3,3,3,3,2,2,2,2,2,2,2,1,1,25000,900000000,2,500000,10000,,600000,2,400000,9000,500000,,,1,600000,2,1,0,0,0,0,0,0,3,2,5,1,3,4,4,5,3,2,4,1,4,2,4,5,,1,,,,1,1,-1,,,1,,,,,,1,1,Georgia,31501,1,Georgia,Waycross,1,0,6,8,4,3,,,1,,,,2,2,,,,,,,,,Thanks
62916bb383e38e21d42cef2b,8/2/25 11:40,692,,,1,,34,1,5,,1,5,,1,,,,,,,7,,1,,1,1,3,2,1,5,5,5,5,1,1,1,2,1,2,1,1,1,3,2,3,0,1,110000,120000,2,115000,110000,110000,120000,2,150000,110000,130000,,,1,150000,1,1,0,0,1,0,0,0,4,1,2,5,4,3,4,2,5,1,5,3,1,1,1,1,1,,,1,,,2,2,,,,,,,1,,1,1,Ohio,44515,2,Ohio,Youngstown,3,0,4,4,3,4,1,,,,,,2,2,1,,,,1,,,,None
610e97f2daaed7842b3c929f,8/2/25 11:40,468,,,1,,42,0,2,,1,3,,,,,,,,,4,,,1,4,4,4,5,4,2,2,4,5,4,5,3,4,2,2,3,3,3,3,4,2,0,1,52000,250000,2,500000,100000,52000,350000,2,600000,170000,100000,,,,,2,5,0,0,0,0,0,0,2,1,2,4,5,3,1,5,5,1,5,4,1,1,1,1,,1,,1,,,5,5,,,,,,,1,,1,1,North Carolina,27889,1,North Carolina,Edenton,1,2,4,6,5,6,1,,,,,,1,1,,1,,,1,,,,
615914a33224dc31f1045612,8/2/25 11:40,688,,,1,,65,0,4,,1,3,,,,,,,,,7,1,,,1,2,5,5,5,1,1,1,3,1,5,2,2,2,3,3,-1,3,3,3,2,1,1,49500,55000,2,65000,52000,,62000,2,75000,60000,55000,,,,,5,8,0,0,2,0,0,0,4,1,2,5,4,3,4,2,5,1,4,2,2,1,1,1,1,,,,1,,0,0,,,,,,,1,,1,1,Georgia,30707,1,New York,Suffern,2,0,3,3,3,3,1,,,,,,1,1,,1,,,1,,,,Thank you fou the opportunity to participate.
597fe89a1b41a20001749f57,8/2/25 11:40,492,,,1,,47,1,5,,1,3,,,,,,,,,7,,,1,1,1,5,1,1,5,5,4,4,1,1,1,2,1,2,2,2,2,2,2,3,1,0,115000,140000,1,135000,125000,,,,,,90000,,,,,1,10,2,2,2,0,2,2,3,1,3,2,5,4,3,1,4,2,3,2,2,1,2,1,,1,,,,1,1,1,,,,,,,1,,1,1,Indiana,46614,3,Indiana,south bend,3,0,7,7,3,3,1,,,,,,3,3,1,,,1,,,,,
57d6dd8d6598aa000199188b,8/2/25 11:40,878,,,1,,35,1,4,,1,4,,,1,,,,,,7,1,,,1,1,5,1,1,5,5,4,5,1,1,3,2,1,2,2,2,2,3,3,2,1,0,62000,90000,2,120000,70000,,,,,,80000,,,0,140000,1,1,2,2,2,0,2,2,1,3,2,4,1,5,2,5,2,1,3,3,2,2,4,5,,1,,,,1,0,0,,1,,,,,,,1,1,California,95124,2,California,San Jose,2,0,6,6,6,6,,,1,,,,3,3,1,,,1,,,,,
65771b60491a7f2586a8e76e,8/2/25 11:40,749,,,1,,50,0,5,,1,5,1,,,,,,,,7,,,1,1,1,5,5,3,5,5,4,5,1,3,1,3,1,2,2,2,3,2,3,3,1,1,110000,125000,2,120000,112000,,125000,2,500000,112000,45000,,,,,10,10,0,2,2,0,0,2,2,2,3,4,1,5,1,5,2,4,3,4,2,1,2,1,,1,,,,,1,1,,,,,,,1,,1,1,Florida,32092,2,Missouri,Whiteman AFB,1,0,6,6,5,6,1,,,,,,2,3,,1,,1,,,,,
5d7ff85ffec5620017b07c40,8/2/25 11:40,618,,,1,,47,1,5,,1,5,,1,,,,,,,7,,1,,1,1,5,1,2,5,5,5,5,1,1,1,1,1,1,1,1,1,1,1,2,0,1,15000,15000,2,30000,20000,26000,30000,2,60000,20000,35000,,,,,5,10,0,2,2,0,0,2,5,1,2,5,4,3,5,3,5,2,5,2,3,2,3,5,,1,,,1,,4,4,,,,1,,,1,,1,1,Ohio,43613,3,Ohio,Toledo,3,0,4,4,5,3,,,1,,,,3,3,1,,,1,,,,,Thank you!
672c1bfa1ae605ad8e6fd726,8/2/25 11:40,788,,,1,,43,0,1,,1,3,,,,,,,,,5,,1,,2,4,5,5,4,3,3,2,5,2,4,2,3,1,1,3,2,3,4,4,2,0,1,102000,204000,1,250000,80000,123000,250000,1,300000,100000,180000,,,,,1,1,0,2,2,0,0,0,4,1,3,5,2,4,5,2,4,3,3,1,4,1,2,5,,1,,1,,,3,3,,,,,,,1,,1,1,California,92010,2,California,"Carlsbad, CA",2,3,5,7,6,6,1,,,,,,2,2,,1,,,1,,1,,
6752f0bf89185ea06e300a69,8/2/25 11:40,2465,,,1,,44,1,4,,1,4,,,,1,,,,,5,,1,,2,3,4,2,2,4,4,3,-1,2,2,-1,3,-1,1,3,-1,1,2,2,1,1,0,9000,500000,1,500000,20000,,,,,,30000,,,,,1,1,0,0,0,0,0,0,3,3,2,5,1,4,2,4,1,2,4,1,2,3,3,4,,1,,,,1,0,0,,,,,,,1,,1,1,North Carolina,28150,3,New Jersey,Cedarville,1,0,3,4,1,3,,,1,,,,3,3,1,,,,,1,,,
641a43f78351cc4fefe31190,8/2/25 11:40,1680,,,1,,50,0,5,,1,3,,,,,,,,,6,1,,,1,1,5,5,1,5,3,4,4,1,5,3,3,1,1,1,1,3,3,3,2,0,1,20000,15000,1,20000,10000,49000,54000,2,56000,35000,65000,,,,,1,1,0,0,0,0,0,0,4,1,2,4,5,3,2,3,2,3,2,2,4,1,2,4,,1,,1,,,2,2,,,,,,,1,,1,1,Arizona,85711,2,Oregon,hermiston,2,0,5,5,7,6,,1,,,,,1,1,,1,,,1,,,,
66682265ff91ba159fc170e6,8/2/25 11:41,1428,,,.89999998,,33,1,4,,1,3,,,,,,,,,4,1,,,2,3,5,4,4,5,4,5,5,5,4,2,3,5,3,3,3,1,3,3,4,0,1,40000,75000,2,60000,40000,40000,80000,2,100000,45000,35000,,,1,76000,2,3,0,0,0,0,0,0,4,2,1,4,5,3,5,1,5,1,4,2,2,3,3,4,,1,,,,1,1,3,,,,,,,1,,1,1,Ohio,44667,1,Ohio,orrville ohio,1,4,7,7,1,3,1,,,,,,1,1,,,,,,,,,
606479c20b621e3a22d6c0d5,8/2/25 11:41,825,,,1,,60,0,2,,1,1,,,,,,,1,,1,1,,,5,5,4,5,4,1,1,2,4,5,5,4,5,5,3,3,2,2,1,2,4,0,0,161500,25000,2,35000,5000,175000,,,,,85000,,,,,2,10,2,2,2,0,0,0,4,1,2,3,4,5,3,3,4,2,4,3,2,1,2,1,1,,,1,,,3,3,,,,,,,1,,1,1,Kentucky,40065,1,Kentucky,Vanceburg,1,0,6,6,7,5,1,,,,,,1,1,,1,,,1,,,,Easy to understand and I felt like you looked at both sides of most of the issues.
66106cb0a3498a31bbf902c1,8/2/25 11:41,652,,,1,,56,1,5,,1,4,,,1,,,,,,6,,,1,1,1,5,1,1,5,4,4,5,3,2,2,2,1,2,1,2,2,4,3,3,0,1,30000,50000,2,30000,15000,63000,80000,2,75000,60000,60000,,,,,1,8,2,2,2,0,2,2,2,2,1,5,3,4,4,2,4,3,3,3,2,2,2,1,1,,,1,,,2,2,,,,,,,1,,1,1,Ohio,43607,3,Ohio,Toledo,3,0,6,6,3,7,,,,,,1,3,3,1,,,1,,,1,,I thought it was a perfectly timed survey with interesting questions.  Thank You!
5acbd1ecf69e940001d9cd4d,8/2/25 11:41,658,,,1,,42,1,5,,1,3,,,,,,,,,6,,,1,1,1,5,1,1,4,5,5,5,-1,2,1,3,1,1,1,1,4,4,4,2,1,0,31500,35000,1,40000,31500,,,,,,35000,,,,,1,1,0,2,2,0,0,0,4,2,1,3,4,5,4,2,5,1,2,1,2,2,5,5,1,,,,,,0,0,,,,,,,1,,1,1,North Carolina,27403,3,North Carolina,Eden,1,0,6,6,7,9,1,,,,,,2,2,1,,,,,1,,,I think most people will complete this survey in about 8-10 minutes instead of the estimated 15.
6722ceb13a02b06603b7b285,8/2/25 11:41,1183,,,.89999998,,44,1,5,,1,5,,,,1,,,,,3,1,,,1,1,5,1,1,4,5,3,5,1,1,1,2,1,2,3,2,2,1,1,4,1,0,94000,150000,1,140000,120000,,,,,,85000,,,,,10,10,0,0,0,0,0,0,2,1,2,3,4,5,1,5,5,1,5,3,2,2,1,3,,1,,,,,1,1,,,1,,,,,,1,1,California,92127,2,Georgia,Calhoun,1,0,6,7,5,5,1,,,,,,2,2,1,,,1,,,,,Excellent questions!
67291fecd7b792dbe483dc89,8/2/25 11:41,567,,,1,,41,1,4,,1,4,,,1,,,,,,7,1,,,1,2,5,3,3,5,5,4,5,1,3,3,4,1,2,3,2,2,2,2,5,0,0,400000,3000000,3,1500000,400000,500000,,,,,250000,,,,,10,10,0,0,0,0,0,0,5,3,1,4,5,2,3,4,5,1,3,4,1,2,2,1,1,,,1,,,3,3,,1,,,,,,,0,0,Virginia,20105,2,Maryland,Columbia,2,0,6,6,3,3,1,,,,,,1,3,,,,,,,,,
66f6e3a582de0614bd19b481,8/2/25 11:41,597,,,1,,30,1,5,,1,3,,,,,,,,,4,1,,,4,3,5,5,5,5,5,1,3,3,4,3,4,1,2,3,2,2,2,3,2,0,1,1000,20000,1,18000,200000,13000,30000,2,15000,25000,20000,,,1,30000,6,9,0,0,2,0,0,0,4,1,5,2,3,4,2,5,4,3,2,1,3,3,2,2,,1,,,1,,3,3,,,,,,,1,,1,1,Pennsylvania,19601,3,Pennsylvania,Hanover ,3,0,3,3,3,1,,,,,1,,3,3,,,,,,,,,Thank you 
5c3b70640eaa0100018ea877,8/2/25 11:41,597,,,.80000001,,60,1,4,,1,3,,,,,,,,,6,,,1,1,1,4,1,1,4,4,4,4,1,5,1,2,2,2,1,2,1,4,3,2,1,0,26000,23000,2,26000,20000,,,,,,18000,,,,,1,1,2,2,2,0,2,2,4,1,3,4,2,5,5,2,4,2,2,2,2,2,5,1,1,,,,,1,0,0,,,,,,,1,,1,1,West Virginia,25311,2,West Virginia,Charleston,2,0,6,6,2,3,,1,,,,,2,1,1,,,1,,,,,no problems nor suggestions
566a17d07da0350012b3e876,8/2/25 11:41,799,,,.69999999,,55,1,5,,1,4,,1,,,,,,,7,,,1,1,1,5,1,1,5,5,5,5,1,4,1,1,1,1,1,1,2,-1,2,2,0,1,26000,26000,1,45000,10000,32000,35000,1,50000,12000,25000,,,,,1,5,0,2,2,0,0,2,4,2,1,5,4,3,4,2,4,3,3,3,2,2,3,1,1,,,,1,,0,0,,,,,,,1,,1,1,California,92252,1,California,Escondido,2,0,3,3,2,,1,,,,,,3,3,1,,,1,,,,,Thank You.
66e828519d5acd4d33f1d17d,8/2/25 11:41,767,,,1,,40,1,5,,1,4,,1,,,,,,,5,,1,,1,2,5,2,1,5,5,4,5,5,4,2,2,2,2,1,1,1,2,3,3,0,1,36000,56000,2,56000,30000,30000,56000,2,60000,50000,60000,,,,,5,5,2,2,2,2,0,0,2,2,4,1,5,3,2,4,4,4,2,3,4,2,3,1,,1,,1,,,5,5,,,,,1,,,,1,0,California,95695,1,California,San Francisco ,1,3,5,6,1,2,,,,,1,,2,2,,,1,1,,,1,,
662e66138060bf4a9db8c159,8/2/25 11:41,1464,,,1,,51,1,5,,1,5,,,,1,,,,,6,,1,,1,2,5,2,1,5,2,4,4,2,2,1,2,1,1,1,2,4,2,4,1,1,0,5000,15000,1,30000,5000,,,,,,10000,,,,,1,1,0,2,2,0,0,2,4,5,2,3,1,4,5,2,2,1,1,4,1,2,3,1,1,,,,,,0,0,,,,,,,1,,1,1,North Carolina,28401,3,North Carolina,Raleigh,3,0,6,6,3,6,,,,,1,,2,2,1,,,1,,,,,I have been out of the labor force for 15 years. The questions on jobs should have an option that reflects unemployment or non-participating or both. 
583ec287ad2f4300014b355a,8/2/25 11:41,1478,,,1,,69,1,5,,1,5,,,1,,,,,,5,,1,,1,1,4,1,1,5,5,5,5,1,1,1,1,1,1,1,2,3,1,2,3,1,0,125000,75000,2,125000,60000,,,,,,90000,,,,,1,1,0,2,2,0,0,2,4,2,1,5,3,4,2,1,4,1,1,1,2,2,1,1,1,,,1,,,0,0,,,,,,,1,,1,1,New York,10706,2,New York,Williston Park,2,0,6,6,3,1,1,,,,,,3,3,1,,,1,,,,,
5dab6fb28a6fc50012dc42a8,8/2/25 11:41,992,,,1,,47,1,4,,1,5,,,,1,,,,,7,1,,,1,4,5,4,1,1,4,5,5,1,5,2,2,5,1,3,3,3,3,3,3,1,0,50000,1300000,1,720000,750000,,,,,,100000,,,,,10,10,0,0,2,0,0,0,5,2,5,4,3,1,4,5,4,1,3,4,1,4,4,5,1,,,,,1,1,0,,,1,,,,,,1,1,North Carolina,28054,2,North Carolina,new jersey,3,0,6,7,5,4,1,,,,,,1,1,1,,,,1,,,,
67463480327b48a3f1380669,8/2/25 11:41,974,,,1,,37,0,2,,1,3,,,,,,,,,4,,,1,2,2,2,1,4,4,4,3,3,3,1,2,2,1,1,1,1,4,4,3,3,0,1,9000,30000,2,50000,7000,49000,49000,2,60000,40000,60000,,,1,60000,1,1,0,0,0,0,0,0,3,2,3,4,5,1,3,4,3,1,2,1,3,1,2,3,,1,,1,,,4,4,,,,1,,,,,1,0,Massachusetts,02210,2,Massachusetts,Cambridge,2,0,4,4,4,2,,,,,1,,2,1,,,,,,,,,
57d5593f8dcd2c00014bc55b,8/2/25 11:41,1267,,,1,,44,0,4,,1,1,,,,,1,,,,6,,1,,1,5,4,1,3,5,1,4,5,4,5,3,4,2,2,2,2,3,3,3,3,1,0,119000,135000,2,13000,125000,,,,,,105000,,,,,1,6,0,2,2,0,0,0,2,1,3,4,2,5,1,1,4,2,2,3,2,2,2,1,1,,,,,1,0,0,,,,,,,1,,1,1,Ohio,45244,2,Ohio,Cincinnati,2,0,6,6,6,6,1,,,,,,3,3,1,,,1,,,,,
673d23b251f56d0010aa50ee,8/2/25 11:41,616,,,1,,60,1,5,,1,3,,,,,,,,,6,1,,,1,1,5,3,1,5,5,4,5,2,3,1,1,2,3,2,2,4,4,4,4,0,1,100000,125000,2,145000,85000,145000,165000,2,180000,110000,100000,,,,,3,3,2,2,2,0,2,2,2,3,1,4,5,2,2,4,5,1,4,3,2,3,1,1,1,,,,1,,0,0,,,,,,,1,,1,1,Utah,84102,3,Massachusetts,Boston ,3,0,6,6,6,6,1,,,,,,3,3,1,,,1,,,,,
6629515d8dd4df4d04ab8885,8/2/25 11:41,1167,,,1,,55,1,5,,1,4,,1,1,,,,,,6,,,1,2,1,5,1,2,5,5,4,5,1,2,2,3,1,2,2,2,2,3,3,3,0,1,40000,55000,2,50000,30000,80000,85000,2,90000,50000,40000,,,,,3,7,0,0,2,0,0,0,4,1,5,2,4,3,4,2,4,2,5,4,3,2,3,1,,1,,,1,,0,0,,,,,,,1,,1,1,Montana,59401,2,Montana,Valier,1,0,6,6,3,6,1,,,,,,3,3,1,,,1,,,,,
5ed0091bd374190b9b04045d,8/2/25 11:41,1662,,,.89999998,,33,1,4,,1,4,,1,,,,,,,7,1,,,1,2,4,5,2,5,5,5,5,4,4,1,1,2,1,1,-1,2,3,3,2,0,1,36000,40000,1,45000,35000,54000,60000,1,65000,50000,70000,,,1,85000,1,2,0,2,2,0,0,2,4,1,2,3,5,4,2,2,4,2,4,2,2,2,2,3,1,,,1,,,2,2,,,,,,,1,,1,1,Florida,32210,3,Florida,Tallahassee,3,0,3,3,3,6,1,,,,,,3,2,1,,,1,,,,,I have no feedback.
5acb7b0ae1099600016acdd6,8/2/25 11:41,575,,,1,,48,1,5,,1,4,,1,,,,,,,6,,,1,1,1,5,2,1,5,5,4,5,2,4,1,1,2,2,2,1,1,1,3,3,0,1,105000,150000,1,175000,50000,140000,200000,1,175000,75000,75000,,,,,2,1,2,2,2,0,0,2,2,1,2,4,5,3,2,3,4,2,4,4,2,2,2,1,1,,,1,,,1,1,,,,,,,1,,1,1,New York,11704,2,New York,Oceanside ,2,0,4,4,4,3,1,,,,,,2,2,1,,,1,,,1,,No comments 
657327316173c2bd86323378,8/2/25 11:42,926,1,,.1,,37,0,1,,1,3,,,,,,,,,4,,1,,4,-1,1,5,5,1,1,5,2,5,5,3,4,5,1,2,1,4,5,3,1,0,1,6000,75000,1,150000,1000,55000,75000,1,250000,5000,96000,,,0,170000,1,1,0,0,2,0,0,0,4,2,1,5,4,3,5,3,1,4,1,1,4,2,2,4,1,,,,,1,0,0,,,,,1,,1,,1,0,Texas,77095,2,Texas,Houston,2,0,3,3,4,7,,,,,1,,1,1,,,,,1,,1,,I believe in UBI more than taxing rich people a lot which just feels like an unrighteous punishment for success.
5e6bdd2a3ea572199bb7f6b6,8/2/25 11:42,1605,,,1,,64,1,4,,1,4,,,,1,,,,,7,,1,,1,1,5,5,1,5,5,3,5,2,4,1,1,2,2,-1,3,3,3,3,3,1,0,74000,40000,2,50000,35000,,,,,,45000,,,,,6,10,0,2,2,0,0,2,2,5,4,2,1,3,3,5,3,1,2,4,4,2,2,1,,1,,,,1,0,0,,,,,,,1,,1,1,California,95687,2,California,Redwood City,2,0,6,6,5,3,,,1,,,,3,3,1,,,1,,,,,I am semi-retired now (shut down my consulting firm during Covid) and did not see ANY of what is now occurring in our country happening.  But no questions were inappropriate and length was fine.
669aed56568d11bad784de3b,8/2/25 11:42,1064,,,1,,37,1,4,,1,3,,,,,,,,,6,1,,,1,2,5,3,2,5,3,3,4,2,2,3,3,4,2,3,-1,3,3,3,2,0,1,20000,40000,2,40000,20000,45000,80000,2,80000,40000,55000,,,1,55000,5,1,0,0,0,0,0,0,4,1,2,3,4,5,4,5,4,3,3,1,1,1,5,4,,1,,,1,,2,2,,,1,,,,,,1,1,Texas,75449,1,Texas,Abilene,2,0,3,3,3,3,,1,,,,,3,3,1,,,,,,,,
6691809035e52ca9b2b0f39a,8/2/25 11:42,918,,,1,,65,0,2,,1,3,,,,,,,,,5,,,1,2,3,3,4,4,2,2,3,4,2,5,1,2,1,2,2,1,3,3,2,2,1,0,44000,40000,1,40000,30000,,,,,,50000,,,,,10,3,0,2,2,0,0,2,4,3,2,5,4,1,5,5,2,2,2,2,4,2,2,1,,1,,,,,0,0,1,,,1,,,1,,1,1,Iowa,52336,1,Iowa,Petaluma,3,0,5,5,2,5,,,1,,,,2,2,,,,,,,,,
5dd371cada167d3773d4ee9e,8/2/25 11:42,887,,,1,,51,0,3,,1,3,,,,,,,,,5,,1,,2,1,4,4,3,2,1,1,3,2,5,3,3,5,3,3,2,2,2,2,4,0,1,57000,62000,3,62000,60000,195000,210000,3,240000,200000,100000,,,,,6,10,0,2,2,0,0,0,4,4,5,2,1,3,3,1,5,1,5,4,1,1,1,1,,1,,1,,,1,1,,,,,,,1,,1,1,Wisconsin,54241,2,Wisconsin,Manitowoc ,1,0,6,6,3,3,,1,,,,,1,1,,1,,,1,,,,
648a1d21a3372cbf1e7a499d,8/2/25 11:42,667,,,1,,52,1,5,,1,5,,,,1,,,,,7,1,,,1,1,5,1,1,5,5,5,5,5,1,1,1,2,1,1,1,1,-1,1,1,1,0,5000,5000,1,5000,0,,,,,,50000,,,,,1,1,0,0,0,0,0,0,5,1,2,5,3,4,5,1,1,1,1,1,1,1,4,5,1,,,,,1,3,3,,,,,,,1,,1,1,Ohio,45237,3,Maryland,Baltimore,3,0,3,3,3,3,,,,,1,,3,3,1,,,1,,,,,
63b0953847122ffebd8a5991,8/2/25 11:42,991,,,1,,61,1,5,,1,5,,,1,,,,,,7,,1,,1,1,4,1,1,5,5,3,5,2,2,2,2,1,2,1,2,3,3,3,4,1,0,104000,60000,1,75000,48000,,,,,,70000,,,,,5,10,0,2,2,0,0,2,3,2,5,4,1,3,4,1,5,3,2,4,3,2,2,1,,1,,,,1,0,0,,,,,,,1,,0,0,Virginia,22205,3,Virginia,Stuttgart,3,0,6,6,7,9,1,,,,,,3,3,1,,,1,,,,,Just wanted to mention that my ten-year income projections are based on my being retired by then.
6767263a128cc4c391677127,8/2/25 11:42,622,,,1,,62,0,3,,1,3,,,,,,,,,6,,1,,5,5,5,5,1,1,3,1,4,1,5,4,4,3,3,3,3,2,2,2,2,1,0,32000,34000,1,42000,30000,,,,,,32000,,,,,1,1,0,0,2,0,0,0,5,1,3,5,2,4,5,2,4,3,3,2,1,1,1,1,,1,,,,,0,0,,,,,,,1,,1,1,Michigan,48127,2,Michigan,Detroit,3,3,5,7,3,3,,1,,,,,1,1,,1,,,1,,,,Have a great day.
60a202f048762ada5381474a,8/2/25 11:42,1469,,,1,,54,0,4,,1,3,,,,,,,,,6,1,,,2,4,4,5,2,5,4,3,5,2,4,2,2,2,2,2,1,4,3,4,4,0,0,30000,30000,2,35000,20000,134000,,,,,100000,,,,,6,6,0,0,0,0,0,0,2,4,3,5,2,1,5,4,5,1,2,2,1,1,2,3,,1,,1,,,1,2,,,,1,,,,,1,0,Michigan,49908,1,Michigan,Lapeer,1,0,4,4,3,3,1,,,,,,2,2,,1,,1,,,,,
656a1cf88a3cf09f538c6f25,8/2/25 11:42,859,,,1,,57,1,4,,1,4,,1,,,,,,,6,1,,,1,1,4,2,2,4,4,2,5,3,4,1,2,3,2,2,2,2,2,2,3,1,1,54000,60000,1,65000,54000,,60000,1,65000,54000,54000,,,,,10,1,2,2,2,0,2,2,2,1,4,2,5,3,2,3,5,2,3,4,3,2,2,1,1,,,,,1,0,0,,,,1,,,1,,1,1,Florida,32257,2,New York,New York City,3,0,6,6,3,2,1,,,,,,2,2,1,,,1,,,1,,
67acbff5dba96bf42f4509a1,8/2/25 11:42,869,,,1,,59,1,5,,1,4,,,,1,,,,,5,,1,,1,1,5,2,1,5,5,5,5,1,1,2,3,2,2,1,2,2,1,1,3,1,0,94000,75000,2,100000,40000,,,,,,80000,,,,,6,3,0,2,2,0,0,2,4,4,1,5,3,2,4,2,4,3,1,3,3,2,2,1,,1,,,,1,0,0,,,,,,,1,,1,1,Minnesota,55406,3,Wisconsin,Hurley,1,0,6,6,3,2,1,,,,,,3,3,1,,,1,,,,,"It was long but not difficult and the compensation is fair. I was a little flumuxed by the graph since it only cut taxes for middle-income earners not the lowest earners, so I couldn't agree with it all."
67f052147bb0231d3bddc9df,8/2/25 11:42,881,,,1,,59,0,1,,1,5,,1,,,,,,,2,,,1,2,2,5,5,5,5,4,4,5,2,4,4,4,4,3,2,3,3,3,3,4,0,1,90000,100000,2,110000,90000,90000,100000,1,115000,90000,100000,,,,,5,6,0,0,0,0,0,0,4,2,5,1,3,4,4,3,4,2,3,4,3,2,2,1,1,,,1,,,2,2,,,,,,,1,,1,1,Texas,79412,1,Texas,lubbock,3,0,6,7,4,4,1,,,,,,1,1,,1,,,1,,,,it was somewhat all clear
66350a6a2e4e570ebbde861f,8/2/25 11:42,1417,,,1,,66,0,3,,1,3,,,,,,,,,6,,1,,2,3,4,5,5,2,2,5,5,3,4,2,2,1,1,1,-1,3,3,4,4,0,1,50000,55000,1,55000,40000,50000,55000,2,45000,40000,65000,,,,,3,3,0,0,0,0,0,0,4,3,1,2,5,4,3,3,5,1,2,2,2,2,1,2,,1,,,1,,2,2,,,1,,,,,,1,1,North Carolina,28213,2,New York,Hempstead,2,0,7,9,3,3,1,,,,,,1,1,,1,,1,,,,,
6653b7079f37e7ce5378b3dc,8/2/25 11:42,1142,,,1,,52,0,4,,1,3,,,,,,,,,4,1,,,2,3,4,4,2,4,4,4,4,4,4,2,3,2,2,2,1,3,3,3,3,1,0,22500,25000,2,30000,25000,,,,,,22500,,,,,5,5,0,0,0,0,0,0,4,1,2,4,5,3,5,1,5,1,5,2,1,1,1,5,1,,,,1,,3,3,,,,,,,1,,1,1,California,92201,2,California,hemet,2,0,4,4,3,4,,,,,1,,1,1,1,,,,1,,,,
65639bc09216e3f40fcd1d4b,8/2/25 11:42,982,,,1,,49,1,4,,1,4,,,,1,,,,,5,,1,,1,2,2,5,4,4,5,2,5,1,5,2,3,2,2,3,2,3,2,3,3,0,1,45000,60000,2,55000,45000,95000,115000,2,110000,85000,80000,,,,,5,10,0,2,2,0,0,2,4,2,4,5,3,1,2,4,5,1,4,3,2,2,5,2,,1,,1,,,4,4,,,,,,,1,,1,1,Tennessee,38477,1,Alabama,Athens,2,0,4,4,5,3,1,,,,,,1,1,,,,,,,,,Everything was clear and easy to interpret. Thanks for including me in your study. 
66c08c428977b7440967870d,8/2/25 11:42,1691,1,1,1,,54,1,4,,1,5,,1,1,,,,,,7,1,,,1,4,5,5,4,5,5,4,5,1,1,1,3,4,3,3,2,4,3,4,4,0,1,124800,180000,2,135000,110000,155000,210000,2,235000,200000,130000,,,,,2,2,0,0,0,0,0,0,4,1,3,2,5,4,2,4,5,2,3,3,2,1,2,3,1,,,1,,,4,4,,,1,,,,,,1,1,Maryland,21045,2,New York,Brooklyn,3,0,4,5,6,3,1,,,,,,2,2,1,,,1,,,,,
66e0ff9d08256be084cd8c81,8/2/25 11:42,1194,,,1,,34,1,5,,1,3,,,,,,,,,4,1,,,2,3,4,4,3,5,5,3,5,4,4,3,2,2,1,1,-1,3,3,4,3,0,1,45000,65000,2,50000,45000,124500,145000,2,135000,130000,120000,,,1,100000,3,6,0,0,0,0,0,0,3,2,3,1,5,4,4,1,5,2,3,2,2,3,3,1,,1,,1,,,3,3,,,,1,,,,,1,1,Texas,78410,2,Texas,Kingsville,2,0,5,5,3,3,1,,,,,,2,2,,1,,,,,,,N/A
674266199489985e76725087,8/2/25 11:42,997,,,1,,39,1,4,,1,3,,,,,,,,,5,,,1,2,3,4,3,2,4,4,2,3,3,2,2,3,2,2,2,2,3,3,3,3,0,1,36000,80000,2,90000,50000,115000,150000,3,180000,125000,125000,,,1,135000,2,1,0,0,2,0,0,0,4,1,2,5,4,3,4,1,5,1,4,1,2,1,2,1,,1,,1,,,3,-1,,,,,,,1,,1,1,Pennsylvania,19057,2,Pennsylvania,,2,0,7,7,5,4,,1,,,,,2,2,,1,,,1,,1,,N/A
67889970d9e479e200f43d14,8/2/25 11:42,1132,,,1,,48,0,3,,1,3,,,,,,,,,4,1,,,4,3,3,4,3,4,2,4,4,3,4,3,4,2,2,2,1,3,3,3,2,0,1,8000,10000,1,12000,4000,48000,49000,1,56000,49000,50000,,,,,5,5,0,0,0,0,0,0,4,1,2,5,4,3,5,3,4,3,2,3,2,1,4,5,,1,,1,,,2,2,,,,,,,1,,1,1,Indiana,46763,2,Indiana,Avilla,2,0,4,4,3,4,,,,,,1,1,1,,1,,,1,,,,
5596ab22fdf99b2d3a68c840,8/2/25 11:42,1554,,,.80000001,,57,1,4,,1,2,,,,,1,1,,,7,,1,,2,1,2,4,1,4,4,2,2,1,4,2,3,3,2,2,1,2,3,3,2,1,0,56900,65000,2,75000,55000,,,,,,75000,,,,,1,1,0,2,2,0,0,0,2,2,5,3,1,4,1,2,5,1,2,2,3,2,3,1,,1,,,,1,2,2,,,,,,,1,,1,1,Florida,34117,2,Illinois,Rochester,2,0,6,7,6,6,1,,,,,,1,3,1,,,1,,,,,Nothing was confusing.  All worked well. Thank you.
67c7e250b3d28dd21344b3ce,8/2/25 11:42,783,,,1,,73,1,5,,1,4,,1,1,,,,,,5,,1,,1,1,5,2,1,5,4,4,5,1,1,1,2,2,2,2,2,2,2,2,3,1,0,49000,55000,2,60000,30000,,,,,,40000,,,,,10,8,2,2,2,0,2,2,2,2,4,5,1,3,2,2,5,2,2,4,2,1,2,5,1,,,,,1,2,2,,,,,,,1,,1,1,Oregon,97701,2,Arizona,Phoenix,3,0,6,6,4,4,1,,,,,,2,2,1,,,1,,,,,
66045682d629a940764580ed,8/2/25 11:42,912,,,1,,49,1,5,,1,3,,,,,,,,,3,,1,,1,1,2,2,4,5,5,4,5,3,2,2,1,1,1,1,1,4,2,2,2,0,0,70000,10000,1,100000,75000,150000,,,,,175000,,,,,5,8,0,0,0,0,0,0,4,1,5,2,3,4,4,1,5,2,4,1,2,2,3,5,,1,,,,1,1,1,,,,1,,,,,1,1,New York,11953,2,New York,Rocky Point,2,0,3,3,4,1,1,,,,,,3,3,1,,,1,,,,,
5e34325430e5263f0bebb32d,8/2/25 11:43,904,,,1,,70,1,5,,1,5,,,1,,,,,,7,1,,,1,1,5,1,1,5,5,3,4,1,1,2,3,2,1,2,-1,2,2,2,2,1,0,35000,40000,1,40000,24000,,,,,,50000,,,,,2,2,2,2,2,0,0,2,2,4,3,5,1,2,4,2,5,1,1,2,1,2,2,5,1,,,,,1,2,2,,,,,,,1,,1,1,Illinois,60612,3,Delaware,Detroit,3,0,5,5,3,1,,,,,1,,3,3,1,,,1,,,,,none
628f572a2d1304a34b9e1a37,8/2/25 11:43,548,1,1,1,,76,1,5,,1,4,,1,,,,,,,7,,1,,1,1,5,3,1,5,5,2,4,4,2,2,3,2,3,-1,-1,2,2,3,3,0,1,65000,75000,2,80000,70000,65000,75000,2,80000,70000,65000,,,,,2,6,0,2,2,0,0,2,5,1,5,2,3,4,2,1,5,1,3,4,1,1,1,1,1,,,1,,,1,1,,,,,,,1,,1,1,Florida,32966,2,New York,New York,3,0,7,7,3,3,,,,,1,,3,3,1,,,1,,,1,,
5ed559e5afbd830e2117ed55,8/2/25 11:43,2151,,,1,,64,0,4,,1,4,,,1,,,,,,6,1,,,2,1,5,2,2,2,4,4,5,3,5,1,3,2,2,2,1,1,2,2,3,1,0,86000,48000,1,96000,24000,,,,,,72000,,,,,1,2,2,2,2,0,0,2,4,1,2,5,3,4,1,1,5,1,4,4,2,1,1,1,1,,,,,1,0,0,1,,,,,,1,,1,1,Illinois,60008,2,Illinois,Mount Prospect,2,0,7,7,3,5,1,,,,,,2,3,1,,,1,,,,,"No problems, no comments."
5dfe3e8b7adf4bade99190f0,8/2/25 11:43,499,,,1,,49,1,4,,1,3,,,,,,,,,5,,,1,1,1,5,2,1,5,4,3,4,1,1,3,3,1,3,2,3,2,1,1,4,0,1,215000,275000,1,300000,75000,235000,300000,1,350000,75000,140000,,,,,5,6,2,2,2,0,2,2,2,2,1,5,3,4,4,3,4,2,2,3,2,2,2,1,1,,,1,,,3,3,,,,1,,,1,,1,0,Wisconsin,53012,2,New Mexico,Albuquerque ,2,0,6,6,3,4,1,,,,,,3,3,1,,,1,,,,,
583b397f54686200010f1d20,8/2/25 11:43,1238,,,1,,53,1,4,,1,5,,1,1,,,,,,7,,1,,1,3,5,5,3,5,5,5,5,1,3,2,5,2,2,3,1,2,3,3,3,1,1,50000,42000,1,60000,35000,,95000,2,100000,60000,50000,,,,,1,1,2,2,2,0,2,2,2,1,3,2,5,4,3,2,3,3,2,4,3,2,4,5,,1,,,,1,4,4,,,1,,,,,,1,1,North Carolina,28212,3,Louisiana,Franklin,1,0,5,5,3,3,1,,,,,,3,1,1,,,,1,,,,
60a1ddf39ea00700d482889e,8/2/25 11:43,830,,,.89999998,,47,1,5,,1,5,,,,1,,,,,6,,1,,1,2,5,1,1,5,5,4,5,2,3,2,3,2,1,1,2,3,3,3,3,1,0,78000,85000,2,95000,70000,,,,,,70000,,,,,5,5,0,2,2,0,0,0,3,1,2,4,5,3,4,1,5,2,4,4,3,2,2,1,1,,,,,1,0,0,,,,,,,1,,1,1,Delaware,19805,2,New Jersey,Plainfield,2,0,7,7,6,4,1,,,,,,3,3,1,,,1,,,1,,Questions were clear and easy to understand. Survey covered a lot but didn't feel that long.
56797198c3041a0012b64b5e,8/2/25 11:43,831,,,.80000001,,72,1,4,,1,3,,,,,,,,,7,,,1,1,1,5,2,1,5,-1,1,2,1,1,2,3,1,3,1,2,2,3,3,3,1,0,40000,40000,2,45000,35000,,,,,,35000,,,,,1,1,1,2,2,0,2,2,1,3,4,5,1,2,2,1,5,2,3,3,2,1,2,1,,1,,,,1,0,0,,,,,,,1,,1,1,Ohio,43130,2,Ohio,Columbus,3,0,6,6,3,3,1,,,,,,3,3,1,,,1,,,,,
67f1921726bfac07aea277c3,8/2/25 11:43,869,,,1,,61,1,5,,1,5,,,1,,,,,,7,1,,,1,1,5,5,1,5,5,4,4,1,1,2,2,3,2,3,3,2,2,3,4,0,1,60000,100000,3,90000,50000,160000,300000,2,200000,100000,150000,,,,,10,10,0,2,2,0,0,2,2,1,2,5,4,3,4,4,5,2,5,3,2,4,2,2,,1,,1,,,3,3,,,,,,,1,,1,1,California,92220,2,California,Banning,2,0,8,8,6,6,1,,,,,,1,1,,1,,,1,,,,
67f361e969ffe051b94db294,8/2/25 11:43,1042,,,1,,54,1,5,,1,3,,,,,,,,,7,,,1,2,2,5,5,2,5,5,2,3,1,2,2,1,-1,1,2,1,2,3,1,1,0,1,25000,30000,1,35000,20000,27000,30000,1,35000,20000,50000,,,,,2,1,0,0,0,0,0,0,5,2,1,4,5,3,4,3,4,3,3,1,2,2,3,5,,1,,1,,,1,1,,,,,,,1,,1,0,Maryland,21117,2,New York,Buffalo,3,0,4,4,3,3,1,,,,,,3,3,1,,,1,,,,,
63b18d94775ad4aad221103c,8/2/25 11:43,1729,,,1,,58,1,2,,1,4,,1,,,,,,,7,,1,,1,4,4,5,5,4,5,2,4,-1,5,2,3,5,3,3,2,2,2,3,3,0,1,52000,60000,2,65000,45000,85000,90000,3,100000,70000,88000,,,,,3,5,0,0,0,0,0,0,5,1,3,4,5,2,4,5,4,2,4,4,2,1,3,1,1,,,1,,,2,2,,,,,,,1,,1,1,California,91351,2,California,Santa Clarita,3,0,6,7,5,6,1,,,,,,3,1,,1,,,,,,,I thank you for the opportunity to participate in the survey
66b3e1a7d4c519830e80bba1,8/2/25 11:43,1918,1,,.40000001,,32,1,3,,1,3,,,,,,,,,5,,1,,5,3,4,3,4,4,5,4,4,3,3,2,3,1,2,2,1,3,3,3,3,1,0,65000,85000,2,105000,85000,,,,,,105000,,,1,105000,2,9,0,2,2,0,0,2,3,1,2,3,5,4,3,3,4,2,3,3,3,3,3,4,1,,,,,1,0,1,,1,,,,,,,1,0,Pennsylvania,19341,2,Pennsylvania,Exton,2,0,8,8,4,4,1,,,,,,3,3,1,,,1,,,1,,
5c024be169406e00014e0b8e,8/2/25 11:43,936,,,.89999998,,30,1,5,,1,5,,1,,1,,,,,6,,,1,1,1,3,1,1,5,5,4,5,2,4,1,3,1,1,1,1,3,3,3,1,1,0,21500,35000,1,48000,21000,,,,,,75000,,,0,75000,1,1,2,2,2,0,0,0,3,1,2,4,3,5,5,1,1,4,3,4,2,2,4,5,1,,,,,1,0,0,,1,,1,,,,,1,0,California,95035,2,California,Milpitas,2,0,5,6,6,6,,,,,,1,3,3,,,,1,,,,,
5a6c8047e70ca900017acdae,8/2/25 11:43,629,,,1,,53,1,5,,1,5,,,,1,,,,,7,,,1,1,1,5,1,1,5,5,5,5,4,4,1,2,2,3,2,1,3,3,3,4,1,0,60000,30000,2,30000,10000,,,,,,35000,,,,,5,6,0,2,2,0,0,0,4,3,1,5,4,2,5,3,4,2,4,4,3,5,5,1,,1,,,,1,0,0,,,,,,,1,,1,1,Florida,32796,2,Florida,Titusville ,2,0,6,6,4,6,,1,,,,,2,3,1,,,1,,,1,,Impeach Trump! 
63852fbf95d78ba25b99005e,8/2/25 11:43,1019,,,1,,57,1,5,,1,4,,,1,,,,,,6,,1,,1,1,5,3,1,5,5,4,5,1,1,2,4,2,3,3,3,3,3,4,4,0,1,80000,95000,2,100000,85000,280000,200000,1,225000,150000,175000,,,,,1,1,2,2,2,2,2,2,2,2,3,5,1,4,1,1,5,1,1,2,2,2,2,1,,1,,1,,,4,4,,,,,,,1,,1,1,Iowa,50112,1,Virginia,Leesburg ,2,0,6,6,6,7,1,,,,,,3,3,1,,,1,,,,,Age is w/I 10 years of retirement.  That makes a difference in answering some of the Qs
653703627539f3a8b2ed4af3,8/2/25 11:43,1675,,,1,,45,1,5,,1,5,,1,1,,,,,,7,1,,,1,5,5,1,1,5,5,4,5,4,1,1,2,1,3,2,2,3,3,3,4,1,0,130000,180000,2,200000,140000,,,,,,100000,,,,,3,5,2,2,2,0,0,2,4,2,1,4,5,3,1,1,5,1,4,4,1,1,2,1,1,,,,,1,0,0,,,,,,,1,,1,1,Oregon,97225,2,Oregon,Portland,2,0,7,7,3,3,1,,,,,,3,3,1,,,1,,,,,
67a3d7630e4bb8e956829fca,8/2/25 11:43,542,,,1,,69,1,5,,1,4,,,,1,,,,,7,1,,,1,2,5,2,1,5,5,4,5,1,1,2,3,1,1,1,1,4,2,4,1,1,0,22500,20000,2,30000,10000,,,,,,25000,,,,,3,3,2,2,2,0,2,2,1,3,4,5,2,1,4,3,2,4,2,3,2,4,2,1,1,,,,,1,0,0,,,,,,,1,,1,1,Florida,33711,2,New York,Scarsdale NY,2,0,7,7,7,7,,,1,,,,3,3,1,,,1,,,,,Fascinating & thought-provoking! Good luck with it.
60ec601b8525af507f06373d,8/2/25 11:43,909,,,1,,44,1,5,,1,4,,,,1,,,,,6,,1,,1,1,5,3,4,5,4,3,4,3,4,2,3,2,2,2,-1,3,3,3,3,1,1,55000,100000,1,300000,30000,,200000,1,500000,70000,70000,,,,,2,3,2,2,2,0,0,0,2,2,1,4,5,3,3,3,3,3,2,3,3,3,3,1,1,,,,,1,0,-1,,,,,,,1,,1,1,Florida,33634,3,Florida,Tampa,3,0,6,6,3,3,1,,,,,,1,3,,,,1,,,,,
669036d23349747de1e78aba,8/2/25 11:43,1136,,,1,,60,1,5,,1,3,,,,,,,,,7,,,1,1,2,4,2,2,5,5,4,4,5,4,2,3,4,1,1,1,2,3,2,2,1,0,34000,25000,1,30000,20000,,,,,,40000,,,,,1,1,0,2,2,0,0,2,4,2,4,5,3,1,5,1,3,3,2,2,1,3,4,4,,1,,,,1,0,0,,,,,,,1,,1,0,Florida,32084,2,Florida,Hollywood,2,0,5,5,3,3,1,,,,,,3,3,1,,,1,,,,,Everything was fine and I think the study leaned left but was not really biased.
6462217d7bd09447661ed6a4,8/2/25 11:43,820,,,1,,36,1,5,,1,4,,1,1,,,,,,7,,,1,1,2,5,2,1,5,4,3,5,2,3,2,3,1,2,1,2,3,3,3,2,1,0,24000,50000,1,150000,40000,,,,,,40000,,,0,45000,10,1,1,2,2,0,0,0,3,4,1,2,5,3,5,5,1,4,4,4,2,2,3,5,1,,,,,1,0,0,,,,,,,1,,1,1,Wisconsin,53703,3,Massachusetts,Boston,3,0,8,8,6,6,,1,,,,,3,3,1,,,1,,,,,"I did not find any of the questions confusing, and if anything, the survey seems a little short for the 15 minutes you planned. Good luck with your study!"
640d43c9451ce148162a7643,8/2/25 11:43,516,1,1,1,,50,0,4,,1,2,,,,,,,1,,2,,1,,2,1,5,5,2,4,4,4,5,2,2,2,3,1,2,2,1,4,2,2,3,1,0,75000,90000,1,110000,60000,,,,,,50000,,,,,2,5,0,2,2,0,0,0,2,1,3,4,5,2,4,4,4,2,3,3,2,2,3,4,1,,,,,1,0,0,,,,,,,1,,1,1,Massachusetts,02645,1,Massachusetts,Harwich,2,0,3,3,4,4,1,,,,,,2,3,,1,,,1,,,,thanks....good luck 
650072ae8de93bfe76ee318d,8/2/25 11:43,805,,,1,,73,1,5,,1,5,,,,1,,,,,7,1,,,1,1,5,1,1,5,5,5,5,1,1,2,3,1,2,2,2,3,2,3,2,0,0,55000,60000,2,65000,45000,68000,,,,,63000,,,,,8,10,2,2,2,0,2,2,4,1,4,5,2,3,2,1,5,2,2,4,2,2,2,1,1,,,1,,,2,2,,,,,,,1,,1,1,California,94070,2,California,San Mateo,2,0,7,7,3,5,,,,,1,,3,3,1,,,1,,,,,
5ea5d2b8d2bc3308f7af06d5,8/2/25 11:43,1092,,,.89999998,,74,1,5,,1,5,,1,,,,,,,2,,,1,1,1,5,2,1,4,5,5,5,2,4,2,1,1,2,2,2,2,3,3,3,1,0,78000,87000,1,84000,34000,,,,,,62000,,,,,3,8,0,2,2,0,0,0,1,2,1,5,4,3,2,3,5,2,2,4,2,2,2,1,,1,,,,,2,2,,,,1,,,1,,1,1,California,94930,2,Nevada,Las Vegas,3,0,6,6,5,6,1,,,,,,2,3,1,,,1,,,,,
5d982c7ef65bb80019cc6731,8/2/25 11:43,922,,,1,,56,1,5,,1,5,,1,,,,,,,2,,1,,1,1,4,2,2,4,5,4,5,2,2,1,3,1,1,1,1,3,2,4,1,1,0,30000,35000,2,38000,32000,,,,,,50000,,,,,2,1,0,2,2,0,0,0,2,1,4,2,5,3,5,2,4,1,2,1,2,2,3,1,,1,,1,,,2,2,,,,,,,1,,1,1,Indiana,46534,1,Indiana,Crown Point,2,0,6,6,3,6,,,,,1,,3,3,1,,,1,,,,,
6726c70622b97e6722fa53d8,8/2/25 11:43,677,,,1,,66,0,3,,1,1,,,,,1,,,,3,1,,,1,4,4,4,4,1,5,4,4,1,2,3,3,2,2,3,2,5,2,3,3,0,1,35000,37000,2,37000,35000,74000,85000,2,95000,80000,55000,,,,,5,5,0,0,0,0,0,0,3,1,4,5,3,2,4,3,4,1,4,4,2,2,2,2,,1,,,,1,2,2,,,,,,,1,,1,1,Florida,33511,2,Illinois,Kankakee,2,0,5,5,6,3,,1,,,,,2,2,,1,,,1,,1,,thank you
66ea245a0dcc3d4695c49d9a,8/2/25 11:44,847,,,.80000001,,52,0,4,,1,4,,,,1,,,,,6,1,,,1,4,4,2,4,4,-1,4,5,-1,5,1,3,5,2,2,2,3,3,3,4,0,0,101000,135000,2,150000,120000,235000,,,,,150000,,,,,4,10,2,2,2,0,0,2,2,3,1,4,5,2,2,1,4,1,4,4,2,1,2,1,1,,,1,,,3,3,,,,,,,1,,1,1,New York,13036,1,New York,Central Square,1,0,7,7,3,3,1,,,,,,1,1,,1,,,1,,1,,
67aa41db438f1945df04bb2c,8/2/25 11:44,1508,,,.60000002,,55,1,5,,1,5,,,1,,,,,,7,,1,,1,1,5,4,1,5,5,4,5,1,1,2,3,2,2,2,2,2,2,3,4,0,1,120000,160000,2,200000,120000,220000,270000,2,300000,200000,300000,,,,,7,9,0,2,2,0,2,2,2,2,3,5,4,1,5,4,4,2,4,3,2,3,2,1,,1,,1,,,1,1,,,,,,,1,,1,1,Michigan,48867,2,Michigan,Owosso,2,0,6,7,3,4,1,,,,,,3,3,1,,,1,,,,,The study was great 
63ea974c81ff0fffe7fb8613,8/2/25 11:44,850,1,,.30000001,,61,0,4,,1,1,,,,,,,1,,5,,,1,2,2,3,5,5,2,1,2,4,4,5,3,2,1,2,2,2,4,2,3,3,0,0,35000,50000,2,75000,35000,69000,,,,,40000,,,,,1,1,0,0,0,0,0,0,2,1,2,4,3,5,3,5,4,2,3,2,2,1,5,3,,1,,,,1,0,0,,,,1,,,1,,1,1,Arizona,85737,2,California,Glendale,2,0,6,6,3,1,1,,,,,,1,1,,1,,,1,,1,,
6310d1ed7f4d3049ba540f3c,8/2/25 11:44,743,,,.89999998,,41,1,5,,1,4,,,1,1,,,,,7,,1,,1,1,4,1,1,5,5,5,5,1,4,1,2,1,1,1,1,3,3,2,3,0,1,24000,30000,1,45000,12000,65000,75000,1,90000,25000,45000,,,,,1,2,2,2,2,0,2,2,1,3,1,5,4,2,5,2,3,2,2,1,2,2,3,1,,1,,1,,,0,0,,,,,,,1,,1,1,Arkansas,72801,3,Arkansas,Mountain View ,1,0,4,4,6,2,1,,,,,,3,3,1,,,1,,,,,Thank you for letting me participate!
5f8f05773fdd230f04057241,8/2/25 11:44,1004,,,1,,52,1,5,,1,3,,,,,,,,,6,,,1,1,3,5,-1,-1,5,5,3,-1,-1,1,2,2,1,1,-1,1,3,3,3,2,0,1,31000,35000,2,36000,33000,45000,49999,1,52000,50000,52000,,,,,2,1,0,0,0,0,0,0,5,3,1,5,4,2,5,1,5,3,2,2,2,1,2,5,,1,,,1,,5,5,,,,,,,1,,1,1,New York,10591,2,New York,Sleepy Hollow,2,0,3,3,2,3,1,,,,,,3,3,1,,,1,,,,,Thank you for allowing me to take part in your study.  Have a great rest of your day!
5dd352c51c219b35931aefd1,8/2/25 11:44,1786,,,1,,61,0,3,,1,3,,,,,,,,,5,,1,,1,2,5,4,2,2,2,2,4,1,4,1,2,3,3,3,3,4,3,4,2,1,0,33000,30000,1,30000,20000,,,,,,36000,,,,,1,1,0,2,2,0,0,0,2,2,1,5,4,3,4,2,4,3,3,2,3,1,2,1,,1,,,,1,2,2,,,,,,,1,,1,1,Georgia,31313,3,Washington,Puyallup,2,0,6,6,4,7,,,1,,,,1,1,,1,,,1,,,,I need darker font. 
6712ca8249c869f048adeb8a,8/2/25 11:44,711,,,1,,56,1,5,,1,5,,1,1,,,,,,7,,1,,2,1,5,2,4,4,5,5,5,2,2,1,1,1,2,2,1,1,1,3,4,1,0,99000,95000,2,98000,95000,,,,,,95000,,,,,4,4,0,2,2,0,0,0,3,1,2,5,4,3,4,1,4,2,4,4,1,1,1,1,1,,,1,,,1,1,,,,,,,1,,1,1,North Carolina,28739,1,South Carolina,Columbia,1,0,5,5,3,2,,1,,,,,1,3,1,,,1,,,,,thought provoking 
66a8f82143da40a6b126975e,8/2/25 11:44,754,,,1,,48,1,3,,1,3,,,,,,,,,6,1,,,2,4,5,2,3,2,4,2,2,2,4,2,3,5,2,2,3,2,2,2,4,0,1,68000,88000,2,100000,68000,125000,150000,2,180000,125000,130000,,,,,3,5,2,2,2,0,2,2,2,1,5,2,4,3,4,2,4,3,3,3,2,2,1,2,1,,,1,,,2,2,,1,,,,,,,0,0,Maryland,20814,2,Maryland,"Wuhan, China",3,0,8,8,6,6,1,,,,,,3,2,1,,,1,,,,,
6372d1f14a6bd3713c1c0acf,8/2/25 11:44,1210,,,1,,67,1,4,,1,3,,,,,,,,,6,,1,,2,4,4,4,4,4,4,2,5,2,2,2,2,2,2,2,2,-1,4,4,2,0,0,30000,30000,2,30000,25000,63000,,,,,75000,,,,,1,1,0,0,0,0,0,0,4,1,4,5,2,3,4,1,4,1,3,1,1,1,1,1,,1,,1,,,0,0,,,,,,,1,,1,1,Wisconsin,54613,1,Wisconsin,,3,0,6,6,6,9,,,,,1,,2,2,1,,,1,,,,,
660f113063fb52251a432e53,8/2/25 11:44,961,,,1,,53,0,3,,1,3,,,,,,,,,3,1,,,3,4,3,5,3,5,2,4,5,1,4,2,3,1,1,2,1,3,3,3,3,1,0,30000,100000,2,80000,30000,,,,,,100000,,,,,1,4,0,0,0,0,0,0,5,3,1,5,4,2,2,4,1,2,2,2,2,1,5,4,1,,,,,1,2,3,,,,1,,,,,1,0,Colorado,80224,3,Texas,"El Paso, TX",3,0,4,4,1,1,,1,,,,,2,2,,,,,1,,,,
6290c65ed46e5dce4f16bb92,8/2/25 11:44,759,,,1,,40,1,5,,1,4,,,1,,,,,,5,1,,,1,1,5,2,-1,5,5,5,5,1,1,1,1,2,1,2,1,2,2,2,2,0,1,25000,40000,1,50000,20000,65000,75000,1,85000,60000,100000,,,,,8,5,0,2,2,0,0,0,4,1,2,5,4,3,4,3,2,3,2,2,4,2,3,1,1,,,,,1,0,2,,,1,,,,,,1,1,Indiana,46226,3,Indiana,indianapolis,3,0,3,4,4,3,,1,,,,,3,3,1,,,1,,,,,
66ee1b8ee4da3710c1695515,8/2/25 11:44,1360,,,1,,58,0,5,,1,4,,,,1,,,,,3,,1,,1,1,5,2,1,5,5,3,5,1,1,2,2,1,2,-1,2,2,5,4,3,0,1,1000,24000,2,36000,15000,129000,98000,2,145000,70000,75000,,,,,5,4,0,0,2,0,0,0,5,1,3,5,4,2,4,2,3,3,2,3,2,2,2,1,,1,,1,,,1,1,,,,,,,1,,1,1,North Carolina,28739,2,South Carolina,Columbia,3,0,6,6,7,9,,,,,1,,2,2,1,,,1,,,,,
66858b5a1c5862a09fdeff4a,8/2/25 11:44,394,1,1,.89999998,,46,0,4,,1,3,,,,,,,,,6,,,1,1,1,5,3,1,4,3,3,5,5,4,1,1,1,2,2,1,3,4,4,3,0,1,110000,150000,3,200000,100000,250000,500000,2,800000,300000,200000,,,,,1,1,0,0,2,0,0,0,3,3,2,4,1,5,2,1,4,2,2,2,2,1,1,1,,1,,1,,,3,3,,,,1,,,1,,1,0,Virginia,23455,2,Virginia,Virginia Beach,2,0,7,7,7,8,1,,,,,,2,3,1,,,1,,,,,
6776f1e4b568c14c86e66cd9,8/2/25 11:44,761,,,1,,63,0,4,,1,2,,,,,,,,1,6,1,,,1,2,4,2,3,2,2,2,2,2,2,2,3,2,3,2,2,3,3,3,4,0,0,90000,50000,2,60000,60000,185000,,,,,100000,,,,,2,3,0,2,2,0,0,2,2,2,5,4,1,3,2,1,5,1,3,4,1,1,2,1,,1,,1,,,0,0,,,,,,,1,,1,0,Pennsylvania,19403,2,New York,Flushing,3,0,7,7,7,2,,,,,1,,1,2,1,,,1,,,,,Thank you for such a thoughtful survey. 
67ea8e9f51f8c1e6ffbb8f3b,8/2/25 11:44,3080,,,.69999999,,52,1,5,,1,5,,1,,,,,,,7,,1,,1,1,5,5,1,5,4,5,1,1,1,5,5,2,3,3,3,3,3,3,3,0,1,75000,75000,3,80000,5000,75000,80000,3,80000,5000,100000,,,,,10,10,0,0,0,0,0,0,4,1,2,3,4,5,5,4,5,1,5,4,2,2,3,2,1,,,1,,,4,4,,,1,,,,,,1,1,California,95991,2,California,Yuba,2,5,7,9,6,6,1,,,,,,1,1,,1,,,1,,,1,No  feedback!
65d62743dfcd203fc76596e3,8/2/25 11:45,654,,,1,,50,0,3,,1,3,,,,,,,,,3,,,1,1,1,5,5,2,2,1,1,4,1,5,3,4,4,2,3,1,2,3,3,2,1,0,22000,200000,2,250000,40000,,,,,,50000,,,,,2,1,0,0,0,0,0,0,4,1,2,3,5,4,4,2,2,3,3,2,2,1,2,3,1,,,,,1,0,0,,1,,,,,1,,0,0,Texas,76543,2,Texas,Killeen,2,0,6,6,3,3,,,1,,,,1,1,,,,,,,,,
6407946a4bb4212372843398,8/2/25 11:45,1116,,,1,,38,1,4,,1,4,,1,1,,,,,,6,,,1,4,4,5,4,1,5,4,3,4,1,4,1,3,1,1,2,1,1,3,5,1,1,1,12000,70000,1,100000,15000,,70000,1,100000,15000,60000,,,0,120000,1,1,0,2,2,0,0,0,1,1,3,4,5,2,5,3,2,2,3,3,4,2,4,5,1,,,,,1,0,3,,,1,,,,1,,1,1,Pennsylvania,19096,2,Pennsylvania,Philadelphia,3,0,7,7,4,7,1,,,,,,3,3,,,,,,,,,"This survey was unbiased becasue it didn't really lead too heavily with influence, but if anyting it was more left-wing biased than right-wing biased. The survey was the right lenght for the amount of pay and time."
6609a35ed745fef53c0c1034,8/2/25 11:45,2516,,,1,,35,1,4,1,,4,,1,1,,,,,,2,,1,,1,4,5,4,2,4,5,2,5,2,4,1,1,1,1,2,2,2,2,4,2,0,1,12000,80000,1,70000,55000,78000,150000,1,95000,85000,85000,,,0,120000,3,1,0,0,2,0,0,0,4,2,3,5,4,1,4,1,1,3,3,1,2,2,5,4,,1,,,1,,2,2,,,,,,,1,,1,1,Missouri,64119,2,Illinois,Springfield,3,0,4,5,3,4,,,,,1,,1,2,,1,,,,,,,
63a519bb6eeff2ad74314b53,8/2/25 11:45,1206,,,.89999998,,62,0,4,,1,3,,,,,,,,,2,,,1,1,1,5,3,1,5,4,4,5,5,1,3,3,5,2,1,1,3,1,2,4,1,0,187000,5000000,3,3000000,2000000,,,,,,100000,,,,,10,1,0,2,2,0,0,0,3,3,5,2,1,4,1,5,4,1,2,4,3,4,4,1,,1,,,,1,2,2,,,1,,,,,,1,1,Georgia,30309,3,Georgia,Columbus,1,0,6,6,5,8,1,,,,,,3,3,1,,,1,,,,,"I thought the survey was interesting and thought provoking. I think people need to think in the future as much as they think of the present. Retirement at 65 is and always has been a scam. Having multiple streams of income should be normalized. Taxes should be limited. Low to middle class people work hard for their money and don't deserve to be taxed over and over again. Corporate CEO's should not be paid high 7-8 figure salaries, while their employees are homeless. Thank you for having me, Carpe Diem!"
5a8b61fcf1408d000176b02f,8/2/25 11:45,934,,,1,,67,0,3,,1,3,,,,,,,,,4,,,1,1,1,4,5,2,1,1,1,3,1,5,3,3,2,2,2,1,3,2,3,2,0,1,24000,24000,2,30000,24000,59000,62000,1,62000,59000,65000,,,,,5,10,0,0,2,0,0,0,3,2,3,5,4,1,5,2,5,1,4,3,1,1,1,1,,1,,1,,,3,3,,,,,,,1,,1,1,Texas,76522,3,Ohio,dayton,2,0,3,3,6,1,1,,,,,,1,1,,1,,,1,,,,it was all good.  thank you
64a2be5c2053c3002cf8bbfc,8/2/25 11:45,1114,,,1,,70,0,1,,1,0,,,,,,,,,1,,,1,1,1,5,4,4,1,1,1,1,1,5,2,3,1,2,2,2,2,3,3,2,1,0,39000,39000,2,39000,39000,,,,,,30000,,,,,5,5,0,0,0,0,0,0,2,2,5,3,4,1,4,1,5,1,1,3,1,1,1,1,,1,,1,,,4,4,,,,,,,1,,1,1,Virginia,23462,3,Virginia,Virginia Beach,3,0,5,5,3,3,,,,,1,,1,1,,1,,,1,,,,"I enjoyed participating in your study. I stated the study was unbiased as I was able to give my answers , however some of the questions were rather progressive !   Some of my answers reflect my age which is 70.  I am retired , my income will not really increase . I sincerely hope my responses   help with your research. Thank you and have a nice weekend !"
66293ce3dba0764775195e58,8/2/25 11:45,756,,,1,,50,0,3,,1,3,,,,,,,,,5,1,,,3,3,3,4,3,3,4,2,4,2,3,2,3,3,2,2,2,3,3,3,2,0,0,10000,15000,1,20000,0,59000,,,,,60000,,,,,3,6,2,2,2,0,2,2,4,2,1,5,4,3,5,3,2,3,2,2,2,1,4,1,,1,,1,,,5,5,,,,,,,1,,1,1,Ohio,43067,2,Ohio,Marysville,2,0,4,4,5,6,,,1,,,,1,1,,1,,,,,,,"The study was clear, worked without any glitches. Thank You"
63fad8b20e532757a496f7f5,8/2/25 11:45,381,,,1,,56,1,5,,1,4,,,1,,,,,,5,1,,,1,3,5,2,2,4,2,3,5,2,2,3,4,2,1,2,2,2,2,3,2,1,0,55000,65000,2,85000,35000,,,,,,80000,,,,,2,2,0,2,2,0,2,2,4,2,1,4,5,3,2,2,3,3,3,2,3,2,4,1,1,,,,,1,0,0,,1,,,,,,,1,0,California,92083,2,California,Orange,2,0,6,6,3,3,1,,,,,,2,3,1,,,1,,,1,,
615dd0b0a024ba4f4b4f7c24,8/2/25 11:45,847,,,.89999998,,46,1,4,,1,5,,,1,,,,,,6,,,1,1,2,4,5,1,5,5,4,4,1,4,1,1,4,2,2,2,2,2,4,3,0,1,29000,40000,3,45000,35000,49000,49000,3,69000,49000,49000,,,,,10,10,0,2,2,0,2,2,5,5,4,2,3,1,4,1,4,3,3,2,3,2,3,4,,1,,,1,,2,3,,,,,,,1,,1,1,Georgia,30747,2,Alabama,Fort Payne,2,0,6,6,6,6,1,,,,,,3,3,1,,,1,,,,,
5dceca2541afe801a32e27ac,8/2/25 11:45,973,,,.89999998,,80,1,5,,1,3,,,,,,,,,7,,1,,1,1,5,2,1,5,5,4,4,1,1,1,2,5,1,3,2,5,2,5,2,1,0,12000,14000,2,15000,13000,,,,,,25000,,,,,3,5,0,2,2,0,0,2,4,3,2,5,4,1,4,1,5,1,1,1,1,1,2,5,,1,,,,1,1,1,,,1,,,,,,1,1,Ohio,45202,3,Missouri,Columbia,2,0,7,7,2,3,,,,,1,,3,3,1,,,1,,,,,
666b68ba62cb93ed734157c1,8/2/25 11:45,1014,,,1,,61,0,5,,1,5,,1,,,,,,,7,1,,,1,1,5,1,1,5,5,3,5,1,2,3,4,1,1,1,1,4,2,4,1,0,0,5000,35000,1,100000,5000,150000,,,,,100000,,,,,1,5,2,2,2,0,0,2,3,1,2,4,3,5,3,5,3,2,2,2,2,2,2,1,1,,,,,,0,0,,,,,,,1,,1,1,California,92009,2,California,norwalk,2,0,7,7,6,6,,,,,1,,3,3,1,,,1,,,,,
676191c90a2f4ed117de625d,8/2/25 11:45,640,,,.69999999,,42,1,4,,1,4,,1,,,,,,,7,1,,,2,2,4,5,4,5,5,5,5,3,5,3,1,1,2,2,1,3,1,3,2,0,1,40000,50000,3,52000,35000,45000,55000,2,65000,40000,32000,,,,,4,2,0,2,2,0,0,0,3,2,1,3,4,5,5,1,4,2,4,4,2,2,4,1,1,,,1,,,0,0,,,,,,1,1,,1,1,Virginia,24112,1,Hawaii,Waikiki ,3,0,3,3,4,7,1,,,,,,1,1,,1,,,1,,,,No issues 
5fb2041681fe9376804e1249,8/2/25 11:45,555,,,1,,43,1,5,,1,3,,,,,,,,,7,1,,,1,3,5,3,1,5,5,5,5,1,1,1,2,1,2,2,2,1,1,1,3,0,1,72000,70000,2,75000,60000,115000,105000,1,130000,100000,150000,,,,,2,5,0,2,2,0,0,0,3,1,2,4,5,3,3,2,4,3,3,4,2,2,2,4,,1,,1,,,0,0,,1,,,,,,,1,0,New York,11385,3,New York,Queens,3,0,6,6,3,3,1,,,,,,3,3,1,,,1,,,,,N/A
678b09ceb478d5c669bb0355,8/2/25 11:46,1259,,,.89999998,,70,1,4,,1,5,,1,1,,,,,,7,1,,,2,2,5,4,2,5,5,2,5,1,2,2,4,2,2,3,3,2,3,2,3,1,0,15000,30000,1,30000,20000,,,,,,2500,,,,,5,5,0,0,1,0,0,0,3,2,3,1,4,5,4,2,5,1,3,3,2,1,1,4,,1,,,,1,1,1,,,,,,,1,,1,1,Ohio,44460,1,Ohio,North Salem,1,0,7,7,6,7,,1,,,,,1,2,,1,,,1,,,1,
661db80aebfb3f4250cf72e5,8/2/25 11:46,1697,,,1,,75,0,5,,1,4,,,,1,,,,,7,1,,,1,1,5,3,2,5,5,4,4,1,1,2,3,1,2,1,1,2,1,3,2,0,0,24000,24000,1,28000,24000,50000,,,,,58000,,,,,1,1,0,2,2,0,0,0,4,4,3,5,1,2,2,1,4,2,2,4,2,1,2,1,,1,,1,,,3,3,,,,,,,1,,1,1,Indiana,46226,2,Indiana,INDIANAPOLIS,3,0,5,5,3,1,,,,,1,,2,2,1,,,1,,,,,
56942483e0c800000c5969d0,8/2/25 11:46,556,,,1,,33,1,5,,1,4,,,1,,,,,,7,,1,,2,1,5,4,4,5,5,4,5,2,4,1,1,1,2,2,2,3,1,2,2,1,1,40000,80000,2,60000,40000,,80000,2,60000,40000,35000,,,1,60000,2,3,0,0,2,0,0,0,2,2,1,3,5,4,4,3,4,2,3,2,3,3,3,4,1,,,,1,,1,2,,,,,,,1,,1,1,Colorado,81501,1,Alabama,Robertsdale,1,0,4,6,1,2,1,,,,,,3,3,1,,,1,,,,,
5bf4afe0b8e9f800014c9c0b,8/2/25 11:46,551,,,1,,50,1,5,,1,5,,,1,,,,,,2,1,,,1,1,4,2,4,5,5,2,5,2,2,1,2,2,2,2,2,3,2,3,3,0,1,55000,70000,2,100000,50000,100000,130000,2,200000,90000,90000,,,,,1,5,2,2,2,0,2,2,2,2,1,5,4,3,5,2,3,3,3,3,3,2,2,1,1,,,1,,,2,2,,,,,,,1,,1,1,Wisconsin,53714,3,Wisconsin,Madison,3,0,6,6,3,3,1,,,,,,3,3,1,,,1,,,,,
5c695a065416680001bef3c0,8/2/25 11:46,679,,,1,,38,1,5,,1,5,,1,1,,,,,,6,,1,,1,1,5,2,1,5,4,5,4,1,2,2,3,1,2,2,2,2,1,2,2,0,1,20000,60000,1,100000,35000,40000,100000,1,150000,35000,35000,,,0,50000,2,2,0,0,0,0,0,0,4,2,3,4,5,1,4,3,3,2,3,2,2,2,5,1,,1,,,,1,0,-1,,,,,,,1,,1,1,South Carolina,29440,1,South Carolina,Georgetown,1,0,4,5,3,3,,1,,,,,2,3,1,,,1,,,,,
680ec630bc2232d82dc78119,8/2/25 11:46,1957,,,1,,62,1,4,,1,4,,1,,,,,,,5,,1,,2,4,5,4,5,4,4,1,2,1,1,4,4,4,3,3,3,2,2,2,4,0,0,120000,180000,2,200000,150000,200000,,,,,250000,,,,,3,5,2,2,2,0,2,2,2,3,4,1,5,2,3,4,4,2,3,4,3,2,1,1,1,,,1,,,2,2,,,,,,,1,,1,1,North Carolina,27830,2,North Carolina,Charlotte,2,0,8,8,6,6,1,,,,,,1,1,,1,,,1,,,,None
6483f9ebf7986bdbdbc0598c,8/2/25 11:46,672,,,1,,60,1,4,,1,4,1,,,,,,,,7,1,,,1,3,5,2,1,5,4,3,5,1,2,3,3,1,1,1,1,4,2,3,2,0,0,65000,24000,2,24000,24000,65000,,,,,75000,,,,,2,5,0,2,2,0,0,2,4,3,4,5,2,1,2,5,4,2,2,2,2,3,3,3,,1,,,,1,3,3,,,,,,,1,,1,0,Florida,33908,2,New Jersey,Paramus,2,0,6,6,3,3,,,1,,,,2,3,1,,,1,,,,,The study was clearly communicated. Thank you
67a60aab3179b5e743db2a2b,8/2/25 11:46,814,,,1,,67,1,4,1,,4,,,1,,,,,,6,,,1,2,3,4,3,1,5,4,3,4,2,2,2,3,2,1,1,-1,4,4,4,2,1,0,75000,50000,2,55000,45000,,,,,,75000,,,,,5,10,0,0,0,0,0,0,4,1,3,4,2,5,4,1,4,2,2,1,2,2,2,1,1,,,1,,,0,0,,,,,,,1,,1,1,Ohio,45331,2,Pennsylvania,Norristown,2,0,6,6,6,6,1,,,,,,3,3,1,,,1,,,,,
604bd44cb5668ba12cc9376e,8/2/25 11:46,1221,1,1,1,,76,1,5,,1,5,,,1,,,,,,7,,1,,1,1,5,1,1,5,5,5,5,1,1,1,2,4,3,2,1,4,3,2,4,1,0,185000,190000,3,190000,190000,,,,,,160000,,,,,5,10,0,2,2,0,0,0,4,4,3,5,1,2,2,5,5,1,2,4,1,1,1,1,,1,,,,,5,5,,,,,,,1,,1,1,Iowa,50401,1,Iowa,Northwood,1,0,5,5,6,5,,,1,,,,3,3,1,,,1,,,,,interesting study
673feeafa80a279f5cc63e33,8/2/25 11:46,1320,,,.80000001,,62,0,5,,1,3,,,,,,,,,1,,1,,2,2,4,5,3,5,5,5,4,3,5,3,3,2,2,2,1,3,3,2,2,1,0,33000,30000,1,40000,25000,,,,,,70000,,,,,3,1,0,0,0,0,0,0,4,1,3,5,2,4,4,1,2,2,4,3,2,2,5,1,,1,,1,,,2,2,,,,,,,1,,1,1,Connecticut,06354,1,Connecticut,Plainfield ,1,0,3,3,3,1,1,,,,,,1,1,,1,,,1,,,,All clear😊
66647dac6b4645950f758d55,8/2/25 11:46,694,,,1,,74,1,1,,1,3,,,,,,,,,7,,,1,1,1,5,-1,1,5,5,5,5,5,1,2,2,1,1,1,1,3,3,2,3,1,0,79000,30000,3,30000,18000,,,,,,30000,,,,,10,10,0,0,0,0,0,0,4,1,3,5,2,4,4,5,4,3,2,4,1,2,2,4,,1,,,,,4,4,,,,,,,1,,1,1,Maryland,21078,1,Arizona,Tucson,3,0,6,6,3,7,1,,,,,,3,3,1,,,1,,,,,
67dc849f4725aad5978b9eb1,8/2/25 11:46,1519,,,1,,58,1,4,1,,3,,,,,,,,,4,,1,,2,4,5,3,1,5,4,4,4,2,4,5,4,5,3,3,3,2,2,3,3,0,1,150000,250000,2,280000,120000,150000,250000,3,280000,120000,250000,,,,,2,1,0,0,0,0,0,0,2,1,3,2,5,4,5,4,5,2,3,3,3,2,3,1,1,,,1,,,3,3,,1,,,,,,,1,1,New Jersey,07094,3,New Jersey,ridgewood,2,0,7,8,6,6,1,,,,,,1,1,,1,,,1,,,1,the survey went well
6612b3449105fbfa6c67d9c1,8/2/25 11:46,735,,,.80000001,,55,1,5,,1,5,,1,,,,,,,7,,1,,1,1,4,1,1,5,5,4,5,4,1,2,2,4,2,2,2,2,3,3,2,1,0,40000,50000,2,52000,50000,,,,,,50000,,,,,2,1,0,0,0,0,0,0,4,1,2,3,5,4,1,2,5,1,3,1,1,2,2,5,,1,,,,1,2,2,,,,1,,,,,1,1,Nevada,89123,3,Florida,Deltona,1,0,5,5,3,5,1,,,,,,3,3,1,,,1,,,,,
6745f7d120eb01a053e32691,8/2/25 11:46,838,,,1,,47,1,5,,1,5,,,,1,,,,,3,,1,,1,1,5,2,2,5,5,5,5,1,1,2,4,1,2,2,3,1,1,1,2,1,1,69000,90000,1,90000,75000,,100000,1,90000,75000,100000,,,,,1,2,0,2,2,0,0,0,5,1,2,5,3,4,2,4,4,3,2,1,2,2,2,1,,1,,,,,1,1,,1,,,,,,,0,0,Pennsylvania,17110,2,Pennsylvania,Etters,1,0,6,6,1,2,1,,,,,,2,3,1,,,1,,,1,,No comments
66f878234e0e0f8629c315c0,8/2/25 11:46,1335,,,1,,30,1,4,,1,3,,,,,,,,,6,1,,,2,2,5,3,2,4,4,3,4,-1,4,2,1,3,1,-1,1,2,-1,3,3,0,1,65000,79000,2,90000,50000,150000,175000,2,180000,120000,175000,,,1,200000,1,2,0,0,0,0,0,0,4,1,2,4,5,3,3,4,4,2,4,1,2,2,2,3,,1,,1,,,1,3,,,,,,,1,,1,0,Illinois,60541,2,California,Carmichael ,2,0,3,4,7,,1,,,,,,2,2,,1,,,1,,,,
63ed1fa5c88ecae92bf0c920,8/2/25 11:46,702,,,.89999998,,41,0,3,,1,2,,,,,,1,,,5,,1,,1,4,5,5,3,5,1,1,4,3,4,1,2,5,3,3,3,3,2,3,2,1,1,39500,250000,2,2500000,50000,,5000000,1,5000000,100000,200000,,,,,2,2,0,2,2,0,0,2,2,1,2,4,5,3,2,5,2,2,4,2,2,2,2,3,1,,,,,1,0,2,,,1,,,,,,1,1,New York,14621,2,New York,Rochester,3,0,4,4,3,3,1,,,,,,3,3,1,,,1,,,,,No issues.
66799662d6513151e840c6af,8/2/25 11:46,561,,,1,,33,1,5,,1,4,,1,,,,,,,5,,1,,1,1,4,5,2,5,5,4,5,2,5,3,4,1,1,2,1,1,2,4,1,1,0,6000,40000,1,30000,10000,,,,,,12000,,,1,50000,1,1,0,0,0,0,0,0,5,2,3,4,5,1,5,3,2,4,4,1,2,1,5,1,1,,,,,1,0,2,,,,,,,1,,1,1,Georgia,30528,2,Georgia,Atlanta,3,0,3,3,3,4,,,,,,1,2,2,,,,,,,1,,Very interesting survey. Thank you so much for the opportunity!
63e5dea962e51a42174210da,8/2/25 11:47,716,,,1,,50,1,5,,1,3,,,,,,,,,7,1,,,1,1,5,4,2,5,5,5,5,1,1,1,2,2,1,2,1,4,2,3,4,1,1,96000,200000,2,150000,100000,,325000,2,400000,275000,85000,,,,,3,5,0,2,2,0,0,0,5,1,3,4,5,2,4,3,5,2,3,3,2,2,2,2,1,,,,,1,0,-1,,,1,,,,,,1,1,Wisconsin,53214,3,Wisconsin,Milwaukee,3,0,6,6,5,3,1,,,,,,2,2,,,,1,,,1,,
672725b2b7c4533a62aabc07,8/2/25 11:47,896,,,1,,37,1,5,1,,4,,1,1,,,,,,7,1,,,1,1,5,1,1,5,5,4,5,1,1,1,2,1,1,1,1,2,2,1,2,0,1,23000,20000,1,60000,0,60000,60000,1,150000,0,100000,,,0,100000,5,1,0,0,2,0,0,0,3,3,1,5,4,2,5,4,5,3,4,2,3,4,5,4,1,,,1,,,0,0,,,,,,,1,,1,1,California,95482,1,California,Potter Valley,1,0,4,4,1,3,,1,,,,,3,3,1,,,1,,,,,All good.
5dc12689c0621a0910906454,8/2/25 11:47,1027,,,1,,66,0,3,,1,1,,,,,,1,,,2,,1,,2,1,4,2,1,4,3,1,1,1,1,2,2,5,2,3,2,3,3,3,3,1,0,40000,65000,2,80000,45000,,,,,,40000,,,,,10,10,0,0,2,0,0,0,2,2,3,4,5,1,5,5,5,2,3,4,2,2,1,1,,1,,,,1,1,1,,,,,,,1,,1,0,Illinois,60610,3,Illinois,Chicago,3,0,5,5,3,5,1,,,,,,3,3,,,,1,,,,,
6369700320bc7dd22e733009,8/2/25 11:47,841,,,1,,66,1,5,,1,4,,,,1,,,,,7,,,1,1,1,5,2,1,4,5,3,4,1,3,2,3,3,3,2,1,2,1,2,3,0,1,30000,37000,2,40000,36000,79000,90000,1,95000,86000,65000,,,,,2,1,2,2,2,0,0,2,2,1,3,5,4,2,4,1,4,2,3,4,2,3,2,1,,1,,1,,,4,4,,,,,,,1,,1,1,Florida,32765,2,New York,Brooklyn,3,0,6,6,3,3,,,,,1,,2,3,1,,,1,,,,,
644bc265cb8a19eab3311bab,8/2/25 11:47,922,,,1,,52,1,4,1,,5,1,,,,,,,,6,1,,,1,1,5,4,3,5,4,2,4,1,4,2,3,1,2,2,2,1,1,1,3,1,0,98000,115000,2,250000,60000,,,,,,95000,,,,,5,10,0,2,2,0,0,0,3,1,5,3,4,2,3,3,3,3,3,2,3,2,3,4,,1,,,,1,0,0,,,,,,,1,,1,1,Nevada,89146,3,Illinois,Chicago,3,0,7,7,1,1,1,,,,,,3,3,,,,,,,1,,
674bea1eb044fbe75795fef1,8/2/25 11:47,705,,,1,,47,0,5,,1,0,,,,,,,,,7,,1,,1,1,4,3,2,4,5,4,5,1,4,1,1,1,2,2,2,4,4,3,4,0,1,105000,170000,2,350000,60000,224000,300000,2,700000,200000,120000,,,,,4,2,0,0,0,0,0,0,2,1,3,5,4,2,3,3,4,2,4,3,2,2,2,1,,1,,,,1,1,2,,,,,,,1,,1,1,Maryland,20814,2,Maine,Li,1,4,6,7,7,9,1,,,,,,2,2,1,,,,,1,,,
63a9a8f2f098b7e45bd03721,8/2/25 11:47,734,,,1,,71,1,5,1,,5,,1,,,,,,,2,,1,,1,3,5,5,3,4,5,4,4,2,5,1,4,1,3,3,-1,2,3,2,5,1,0,225000,20000,1,200000,0,,,,,,150000,,,,,10,10,0,2,2,0,0,2,2,4,1,5,3,2,5,2,2,1,2,4,2,1,1,1,1,,,1,,,2,2,,,,,,,1,,1,1,North Carolina,27455,2,New York,Levittown,2,0,9,9,9,3,1,,,,,,2,2,,1,,,1,,,,Interesting survey
5e1510a1c76aa6b119558fd6,8/2/25 11:47,553,,,.89999998,,35,1,5,,1,3,,,,,,,,,7,,,1,1,1,5,1,1,5,5,5,5,1,1,1,1,1,2,2,2,2,2,3,3,1,1,52000,68000,1,66000,58000,,82000,1,86000,72000,60000,,,0,72000,1,1,2,2,2,0,0,0,3,1,2,4,5,3,4,1,5,1,4,4,2,1,1,1,1,,,1,,,1,1,,,,1,,,,,1,0,California,90038,3,California,Los Angeles,3,0,6,6,4,3,1,,,,,,3,3,1,,,1,,,,,
614e0f70c4f1690a32f4b1a4,8/2/25 11:47,971,,,1,,41,1,4,,1,4,,,1,,,,,,5,,1,,1,2,5,2,1,4,5,3,4,2,2,1,2,2,2,2,2,3,3,3,3,0,1,100000,160000,1,200000,140000,160000,260000,1,300000,220000,140000,,,,,1,2,0,2,2,0,0,2,3,2,1,5,4,3,4,2,4,3,2,3,2,2,2,1,1,,,1,,,2,2,,,,,,,1,,1,1,Maryland,21158,2,Maryland,Baltimore ,2,0,6,6,6,5,1,,,,,,2,3,1,,,1,,,,,
6770573e562e37a89d525a87,8/2/25 11:47,915,,,1,,42,0,3,1,,3,,,,,,,,,7,,1,,1,1,5,2,2,4,4,4,5,1,4,1,2,1,1,1,1,1,1,2,2,0,1,5000,15000,1,25000,5000,70000,100000,1,130000,80000,125000,,,,,1,3,0,2,2,0,0,2,4,3,1,5,4,2,4,2,5,3,2,1,4,3,5,1,,1,,1,,,2,2,,,,,,,1,,1,1,Texas,77372,2,New Mexico,Carlsbad,1,0,6,6,2,3,,,,,1,,1,1,,,,,,1,,,
6526c3297277ece1f3273549,8/2/25 11:47,819,,,1,,75,0,3,,1,3,,,,,,,,,3,,,1,2,2,4,5,2,4,3,4,3,1,4,1,3,2,2,2,2,3,3,3,2,1,0,38000,38000,2,38000,25000,,,,,,45000,,,,,1,2,0,2,2,0,0,0,3,2,4,5,1,3,4,5,4,2,2,3,1,2,2,5,1,,,,,1,0,0,,,,,,,1,,1,1,Arizona,85705,3,Illinois,Villa Park,2,0,5,5,3,3,,,1,,,,1,1,,1,,,1,,,,All good here.
667ac1cdd237965bb30cb00a,8/2/25 11:47,611,,,1,,36,1,4,1,,5,,1,,,,,,,6,,,1,1,2,4,2,1,4,5,3,4,1,1,2,3,2,1,2,1,4,3,3,2,0,0,35000,45000,2,50000,38000,60000,,,,,75000,,,1,75000,3,4,0,0,2,0,0,0,2,1,4,3,5,2,4,3,4,2,2,1,2,1,3,4,,1,,,1,,3,3,1,1,,,,,1,,1,1,Washington,99026,1,Washington,Nine Mile Falls,1,0,5,5,3,4,1,,,,,,3,3,1,,,1,,,,,This survey was very clear and intuitive thank you!
5596a991fdf99b2d1e834690,8/2/25 11:47,1568,,,1,,33,1,5,1,,3,,,,,,,,,5,1,,,1,1,5,2,1,5,5,5,5,1,1,1,1,1,1,1,1,3,3,3,2,0,1,28000,30000,1,32000,29000,50000,52000,1,54000,50000,50000,,,0,54000,1,1,0,2,2,0,0,0,3,2,4,5,3,1,5,1,4,2,4,3,2,1,2,1,1,,,,1,,0,0,,,,,,,1,,1,1,Michigan,48708,2,Georgia,Elbert,1,0,3,3,5,3,1,,,,,,3,3,1,,,1,,,,,
66f823877596b277dd11eeea,8/2/25 11:47,1237,,,1,,60,1,5,,1,3,,,,,,,,,5,1,,,1,1,1,1,1,5,5,5,5,1,1,1,1,1,1,1,1,1,1,1,1,1,0,10000,10000,3,10000,10000,,,,,,50000,,,,,3,5,0,0,2,0,0,0,3,1,2,4,5,3,5,5,3,4,1,1,4,4,4,5,1,,,,,1,0,0,,,,,,,1,,1,1,North Carolina,27946,1,Virginia,Norfolk,3,0,4,4,2,1,,,,,1,,2,3,1,,,1,,,,1,
65f362ffea415d878f1f4f1d,8/2/25 11:48,857,,,1,,58,0,1,,1,1,,,,,,,1,,1,1,,,5,4,1,5,5,1,2,1,2,2,5,3,3,4,2,2,1,3,1,2,3,0,1,62000,90000,2,90000,55000,135000,175000,2,185000,100000,125000,,,,,5,10,0,2,2,0,0,2,2,1,2,4,5,3,4,1,4,2,1,3,4,1,2,1,,1,,1,,,2,2,,,,1,,,1,,1,0,North Carolina,27215,2,Florida,Winter Park,3,0,5,5,3,3,1,,,,,,1,1,,1,,,1,,1,,
67ea38f2f2477e3cbdb8202a,8/2/25 11:48,1192,1,1,.89999998,,53,1,2,1,,2,,,,,,1,,,6,1,,,4,4,4,5,5,5,4,5,4,4,4,1,3,1,2,2,2,-1,-1,-1,-1,0,1,149999,149999,3,149999,0,150000,149999,3,149999,0,149999,,,,,4,5,2,2,2,2,2,2,4,3,5,1,4,2,4,3,5,4,3,2,1,1,1,2,1,,,1,,,3,3,,,,,,,1,,1,1,Arizona,86406,1,Arizona,united state,1,3,6,6,6,6,1,,,,,,1,1,,1,,,1,,,1,
60f838095603e27ca51820a7,8/2/25 11:48,787,,,1,,68,1,5,1,,5,,,1,1,,,,,7,,,1,1,1,5,1,1,5,5,4,5,1,2,2,4,2,2,2,3,2,2,3,4,0,0,6000,8000,1,10000,6000,98000,,,,,85000,,,,,1,5,1,2,2,0,0,0,4,2,4,3,1,5,4,1,5,1,4,3,2,2,2,1,1,,,,1,,0,0,,,,,,,1,,1,1,California,94301,2,California,Carmichael,2,0,6,6,6,6,,,,,1,,3,3,1,,,1,,,,,
5d8a1d20d1afcb0019d7390b,8/2/25 11:48,897,,,1,,74,0,3,1,,1,,,,,,,1,,2,,1,,2,2,4,5,4,1,2,2,2,2,4,2,1,5,2,2,2,1,1,1,3,1,0,69000,72000,2,80000,74000,,,,,,72000,,,,,3,5,0,2,2,0,0,0,4,1,4,2,3,5,4,1,4,1,1,4,1,1,1,1,1,,,1,,,0,0,,,,,,,1,,1,1,Florida,32082,2,Massachusetts,Whitinsville,1,0,7,7,3,3,,,,,1,,1,1,,1,,,1,,,,Very good study on a Saturday afternoon.
6151f8d17451289b4a59a6a8,8/2/25 11:48,1273,1,1,1,,84,1,5,1,,3,,,,,,,,,6,1,,,2,2,5,2,1,5,5,4,4,2,3,2,2,3,-1,1,1,2,2,2,2,1,0,16000,17000,1,17000,16000,,,,,,18000,,,,,4,4,0,0,2,0,0,0,4,2,4,5,1,3,2,1,4,1,1,2,1,1,1,1,1,,,,,1,1,1,,,,,,,1,,1,1,Louisiana,70806,3,Louisiana,BATON ROUGE,3,0,7,7,2,4,,,,,1,,3,3,1,,,1,,,,,
5cbcfce214b3cb0015f03471,8/2/25 11:48,1681,,,1,,46,0,5,,1,3,,,,,,,,,7,,,1,1,5,5,5,1,4,5,3,5,1,5,1,1,4,3,3,3,1,2,1,3,1,1,39500,60000,2,70000,50000,,60000,2,45000,45000,40000,,,,,1,10,0,2,2,0,0,2,2,1,3,5,2,4,3,5,5,1,3,3,3,1,3,1,1,,,,,1,0,1,,,,,,,1,,1,1,Tennessee,38111,3,Tennessee,Memphis,3,3,6,6,3,4,,,1,,,,1,1,,1,,,,,1,,"When I think ""redistribution"" I don't think of it in terms of taxes, but more or less confiscation of goods. That is why I answered the way I did at the start of the study."
66491e9882aaa64c5d0911d5,8/2/25 11:48,1111,,,1,,53,0,2,1,,3,,,,,,,,,5,1,,,1,2,4,3,1,4,4,4,4,2,2,2,3,2,3,3,3,3,4,3,3,0,1,96900,100000,1,150000,50000,96900,150000,1,150000,50000,125000,,,,,1,2,0,2,2,0,0,0,4,1,2,4,5,3,4,5,4,2,3,2,2,2,2,2,,1,,1,,,1,1,,,1,,,,,,1,0,Georgia,30168,2,District of Columbia,Washington,3,0,6,6,3,3,,,1,,,,2,2,,1,,,1,,,,Thank you for the study! Everything went very well - no issues!
611bed11fa6a3b35c9226c29,8/2/25 11:48,847,,,1,,70,1,5,1,,3,,,,,,,,,7,,1,,1,2,5,2,1,5,5,5,5,1,2,2,3,1,2,2,1,1,3,4,3,0,0,19000,21000,1,25000,18000,33000,,,,,33000,,,,,6,7,0,2,2,0,0,0,4,2,3,5,1,4,3,1,5,1,1,2,1,3,2,5,1,,,1,,,3,3,,,,,,,1,,1,1,Nevada,89104,3,Nevada,Las Vegas,3,0,4,4,5,5,,,,,1,,3,3,1,,,1,,,,,
66e0813b79955faf3b6017c3,8/2/25 11:48,468,,,.89999998,,50,0,1,,1,3,,,,,,,,,2,,1,,3,4,3,4,5,1,1,3,4,-1,5,3,3,-1,1,1,1,-1,-1,3,1,0,0,10000,40000,1,40000,0,44000,,,,,50000,,,,,1,1,0,0,0,0,0,0,3,1,2,4,5,3,4,3,1,4,3,3,3,1,5,5,1,,,,,1,0,0,,,,,,1,1,,1,1,Massachusetts,,3,Massachusetts,Springfield,3,0,3,3,4,3,,,,,,1,1,1,,1,,,1,,,,
66bfd4b46a7e9cec65d88461,8/2/25 11:49,1001,,,.80000001,,58,1,5,,1,5,,1,,,,,,,7,1,,,1,1,4,1,1,5,5,4,5,1,1,1,2,1,1,2,1,3,4,2,1,1,0,29000,50000,1,120000,15000,,,,,,60000,,,,,3,5,0,2,2,0,0,2,2,3,5,4,1,2,5,5,2,4,1,1,2,3,3,1,,1,,,,,0,0,,,,,,,1,,1,1,California,95918,1,Iowa,Des Moines,3,0,4,4,4,6,1,,,,,,3,3,1,,,1,,,,,Thank you for the opportunity to participate. It was a bit long and I am rather uncomfortable with the home town questions.
67558204d75dd7351fe9d17e,8/2/25 11:49,2234,,,1,,62,1,5,1,,4,,,,1,,,,,3,,1,,3,2,5,2,1,4,4,4,5,1,2,4,4,1,1,-1,-1,2,3,3,1,1,0,19000,35000,1,25000,17000,,,,,,45000,,,,,3,1,2,2,2,0,0,0,2,1,5,4,3,2,2,2,2,3,3,1,4,2,3,1,,1,,,,1,0,0,,,,1,,,,,1,1,California,90066,3,California,Los Angeles,3,0,6,6,1,4,,1,,,,,2,2,,,,,,,,,"Survey length seemed appropriate as did the questions on financial circumstances.  The projections now seem more variable to random withthe new olicies taking effect and esp in the strong support allowing AI companies to have full reign to build and erode human labor positions in any sectors.  The outlook for creative people in film and games is dim.  The sense that large corporations, entertainment studios, federal dept, policy makers have no interest in creating loyalty and treating their employees fairly is becoming clearer and clearer.  May lay-offs occuer because companies look at their bottom line - how to save money for the company and investors.  Workers are basically expendable.  So predicting future income stability for the majority of people, who are NOT from wealthy families or enjoy inherited wealth, is difficult."
662bf98a6f25e5ccdce46ebc,8/2/25 11:49,930,,,1,,72,1,5,,1,4,,,1,,,,,,5,,1,,2,2,4,5,1,5,5,4,5,5,1,2,1,2,2,2,2,3,3,3,3,1,0,35000,1,2,30000,24000,,,,,,24000,,,,,3,5,0,2,2,0,0,2,5,1,2,5,3,4,4,1,4,2,2,4,1,1,2,1,,1,,,,1,2,2,,,,,,,1,,1,0,Ohio,44406,2,Ohio,Youngstown,2,0,6,6,3,3,,,,,1,,2,2,1,,,1,,,,,
658ea5a4017996f2dc550d43,8/2/25 11:49,1457,,,.89999998,,63,0,4,1,,4,,,1,,,,,,5,1,,,1,2,5,2,4,5,4,5,4,4,3,1,2,2,2,3,3,2,3,3,4,0,1,70000,100000,1,80000,60000,110000,140000,1,140000,120000,100000,,,,,5,6,0,0,2,0,0,2,2,5,3,2,4,1,4,4,5,1,4,4,1,2,1,1,1,,,1,,,2,2,,,,,,,1,,1,1,Florida,33072,2,Florida,,3,0,7,7,6,7,,1,,,,,1,3,1,,,1,,,,,
67ffe7ee37d3872d3a58e34c,8/2/25 11:49,1241,,,1,,61,1,5,,1,4,,1,,,,,,,6,,1,,2,2,4,3,2,4,5,3,5,2,3,2,1,1,2,2,1,3,2,3,3,1,0,68000,80000,2,90000,45000,,,,,,40000,,,,,3,4,0,0,2,0,0,0,4,4,3,5,2,1,4,5,3,2,3,3,2,2,2,1,,1,,,,1,0,0,,,,,,,1,,1,1,Arizona,85017,3,Arizona,"Phoenix, AZ",3,0,4,4,4,3,,,1,,,,3,3,1,,,1,,,,,no comment
67e17102592c90e6799dae33,8/2/25 11:50,1861,,,.80000001,,31,0,4,1,,4,,1,,,,,,,6,,,1,2,4,5,4,1,4,4,4,4,4,5,2,2,2,2,2,2,3,3,3,3,0,1,54000,74000,2,60000,70000,50000,74000,2,50000,60000,74000,,,1,80000,10,10,0,0,2,0,0,0,2,1,2,3,5,4,5,5,4,2,4,4,1,3,3,3,,1,,1,,,2,4,,,1,,,,,,1,1,California,93505,3,California,San Francisco,3,0,8,9,6,6,1,,,,,,3,3,1,,,1,,,1,,
677d33c2805ec3754568878a,8/2/25 11:50,969,,,1,,78,0,4,1,,3,,,,,,,,,7,1,,,1,3,4,1,2,4,4,1,4,3,5,3,4,2,3,3,3,2,2,3,4,0,1,350000,350000,2,400000,300000,350000,350000,2,400000,300000,200000,,,,,10,10,2,2,2,0,2,2,2,2,3,5,1,4,2,5,5,1,5,4,2,1,1,1,1,,,1,,,2,2,,,,,,,1,,1,1,Georgia,30622,1,Florida,Jacksonville,3,0,6,6,1,1,,,1,,,,2,2,1,,,1,,,,,
60bd28cc95ab27d4f4f6ada3,8/2/25 11:50,663,,,.80000001,,57,0,1,,1,3,,,,,,,,,1,,,1,4,5,4,5,5,1,1,1,2,2,5,3,4,5,3,3,3,4,4,4,4,0,1,165000,200000,2,200000,180000,180000,215000,2,215000,195000,60000,,,,,1,1,2,2,2,0,2,2,1,5,3,4,1,2,5,1,5,1,5,4,1,1,2,1,1,,,,1,,0,0,,,,,,,1,,1,1,Delaware,19805,2,Pennsylvania,Spring City,1,0,8,8,3,7,1,,,,,,1,1,,1,,,1,,,,
56494d5b6902220012c4acb7,8/2/25 11:50,989,,,.80000001,,64,0,5,1,,3,,,,,,,,,7,1,,,1,1,4,5,2,1,3,3,5,4,5,3,3,-1,2,2,2,3,3,3,1,0,1,1500,30000,1,50000,5000,35000,45000,1,55000,35000,45000,,,,,1,10,0,0,0,0,0,0,4,4,3,5,2,1,2,2,4,2,4,2,2,1,2,5,,1,,1,,,3,3,,,,,,,1,,1,1,Indiana,47341,1,Missouri,St. Joseph,3,0,6,6,7,4,,1,,,,,1,1,,1,,,1,,,,No issues. Thank you
675d960e0a56f4fd3189d1b3,8/2/25 11:50,899,,,1,,39,1,5,,1,4,,1,,,,,,,7,,1,,1,1,5,4,2,5,4,4,4,2,4,4,5,2,1,2,2,3,4,4,4,0,1,110000,160000,2,250000,100000,210000,340000,2,500000,200000,100000,,,1,120000,10,10,2,2,2,0,0,2,4,2,1,3,5,4,4,3,4,3,4,4,2,2,2,1,,1,,,1,,0,2,,,,,,,1,,1,1,Ohio,45011,2,Ohio,Findlay,3,0,6,8,7,6,1,,,,,,3,3,1,,,1,,,,,Some of my projected income in the next 10 years is possibly higher as me and. my partner are inheriting assets of parents and plan to keep those as investments generating income yearly.
65c10fc4bfa12f9fbcfda656,8/2/25 11:50,1213,1,1,.89999998,,51,0,4,,1,3,,,,,,,,,6,,1,,2,4,4,5,5,5,3,4,4,4,4,2,4,5,2,3,2,3,3,4,3,0,1,450000,90000,3,120000,60000,85000,180000,3,240000,120000,70000,,,,,6,6,0,2,2,0,0,2,2,2,5,3,4,1,4,5,4,2,3,4,2,2,3,4,,1,,1,,,2,2,,,1,,,,,,1,1,Virginia,23669,3,Virginia,Hampton,2,4,7,9,4,6,1,,,,,,1,1,,1,,1,,,,1,The study was amazing.
60e755dd08b47aac26807cd9,8/2/25 11:50,605,,,1,,41,1,5,1,,3,,,,,,,,,6,,,1,1,1,5,1,2,5,5,4,5,1,1,1,1,1,2,2,1,3,3,3,1,0,1,8000,10000,1,20000,1000,90000,110000,1,125000,100000,80000,,,,,10,6,0,2,2,0,0,2,5,1,2,4,5,3,4,1,1,3,1,4,3,1,2,1,,1,,1,,,2,2,,,,,,,1,,1,1,Michigan,48872,1,Michigan,Bancroft,1,0,6,6,5,5,,,,,1,,3,3,1,,,1,,,,,
59c0782e5364260001dc4740,8/2/25 11:51,983,,,1,,61,1,4,,1,3,,,,,,,,,6,1,,,1,4,5,5,3,5,3,4,5,1,4,2,2,3,1,1,1,1,1,1,1,1,1,20000,30000,1,30000,20000,,20000,3,30000,20000,50000,,,,,1,1,0,0,0,0,0,0,4,1,2,3,5,4,5,1,5,1,4,1,1,1,1,5,,1,,,,1,3,3,,,1,,,,,,1,1,Mississippi,39039,1,Mississippi,Benton,1,0,4,6,3,2,,,,,1,,3,3,1,,,1,,,,,
67611f8fd06bcb2fd3c6f901,8/2/25 11:51,1017,,,1,,39,1,4,1,,3,,,,,,,,,5,1,,,3,3,5,4,3,5,4,3,4,4,2,3,3,2,-1,2,2,3,3,3,2,0,1,10500,20000,1,20000,10000,12000,25000,2,20000,10000,18000,,,1,25000,2,7,0,2,2,0,1,0,5,1,3,2,5,4,4,3,2,3,4,1,3,1,2,4,,1,,,1,,4,4,,,1,,,,,,1,1,Georgia,30291,2,Kansas,Wichita,2,0,6,7,5,,,1,,,,,3,3,1,,,1,,,,,
663a94c4f1f80e7c9c8a2d19,8/2/25 11:51,869,,,1,,32,1,5,,1,5,,,,1,,,,,5,,,1,2,2,4,3,4,5,4,4,5,2,3,2,3,5,2,2,2,2,2,2,3,0,1,48000,100000,1,100000,49000,70000,600000,2,80000,200000,140000,,,0,250000,1,2,0,2,2,0,0,0,4,1,2,3,5,4,2,3,4,2,3,1,3,3,3,5,,1,,,1,,0,0,,,,1,,,,,1,1,Hawaii,96813,3,Florida,Tampa,2,0,7,9,3,3,1,,,,,,3,3,1,,,1,,,,,"My partner is a lawyer, so their income could go up significantly "
58db227dc207720001e2f63a,8/2/25 11:51,756,,,1,,60,1,4,1,,3,,,,,,,,,6,,1,,1,2,3,4,1,5,4,2,2,3,4,2,3,4,2,2,2,2,3,3,3,1,0,80000,50000,1,75000,45000,,,,,,60000,,,,,4,1,2,2,2,0,2,2,2,1,5,4,3,2,3,2,5,2,3,4,2,1,2,1,1,,,,,1,3,3,,,,,,,1,,1,1,Massachusetts,02148,2,Massachusetts,Malden,2,0,7,7,3,3,1,,,,,,2,3,1,,,1,,,,,
6650a822a7a14d7179997510,8/2/25 11:51,920,,,1,,44,1,5,,1,3,,,,,,,,,5,1,,,1,1,5,3,2,5,5,4,5,1,1,2,2,5,2,-1,1,1,2,3,1,0,1,15000,30000,2,30000,20000,76000,50000,1,80000,40000,77000,,,,,5,6,0,0,2,0,0,0,4,1,2,3,5,4,4,2,2,4,2,2,4,3,4,5,,1,,,,1,0,0,,,1,,,,,,1,1,Tennessee,38115,3,Tennessee,Memphis,3,0,4,4,5,3,,,,,,1,3,3,1,,,1,,,,,
63d7fedf024ffe049bf8e3b6,8/2/25 11:51,2164,,,1,,71,1,5,1,,5,,,,1,,,,,6,,,1,1,2,5,2,1,4,4,3,4,1,2,2,2,2,2,-1,2,2,2,3,2,1,0,32000,32000,2,40000,32000,,,,,,32000,,,,,3,2,0,2,2,0,0,0,2,4,3,5,2,1,4,3,4,1,3,3,1,2,2,1,1,,,,,,2,2,,,,,,,1,,1,1,Ohio,45044,2,Illinois,Bloomington,3,0,4,4,3,4,,,,,1,,3,3,1,,,1,,,,,
633d785ff76adb41addde965,8/2/25 11:51,772,,,1,,41,1,5,,1,4,,1,,,,,,,5,1,,,1,2,5,2,2,5,4,2,5,1,1,2,4,2,3,3,3,-1,-1,3,3,0,1,100000,150000,2,170000,125000,260000,325000,1,350000,290000,165000,,,,,10,1,2,2,2,0,0,2,3,2,3,4,1,5,4,1,5,2,3,3,3,1,1,1,1,,,1,,,3,3,,,,,,,1,,1,1,Utah,84088,2,Utah,West Jordan,2,0,7,7,5,5,1,,,,,,2,2,1,,,,,1,,,No comment.
67a588fc73476d11c7db25ff,8/2/25 11:52,1174,,,1,,62,1,4,1,,4,,,,1,,,,,6,,,1,1,3,5,2,1,5,4,4,4,2,2,3,3,2,2,2,2,1,1,2,4,0,1,120000,50000,3,70000,25000,140000,60000,3,80000,40000,70000,,,,,10,1,0,2,2,0,0,0,2,3,2,5,1,4,5,2,5,1,2,3,3,3,3,3,,1,,1,,,0,0,,1,,,,,,,1,1,Florida,33513,2,Hawaii,Honolulu,3,0,6,6,3,3,1,,,,,,3,3,1,,,1,,,,,"You should know that I am planning to retire in the next couple of years. That influenced my responses regarding timing for earnings and risk for certain events (being without health insurance, etc.). Good luck with your research!"
60ba366b3792b3b40b6716bc,8/2/25 11:52,1351,,,.89999998,,37,1,5,,1,4,,,1,,,,,,7,,,1,1,1,5,2,1,5,5,5,5,5,1,1,2,1,1,1,1,4,2,3,2,0,1,50000,80000,1,120000,0,80000,150000,1,200000,70000,80000,,,1,120000,1,2,2,2,2,0,2,2,1,3,1,5,4,2,5,2,4,3,2,3,4,4,2,4,,,,1,,,0,1,,,,,,,1,,1,0,California,94115,3,California,Oakland,3,0,8,8,7,8,1,,,,,,3,3,1,,,1,,,,,
608437f0b139060610c9f0c1,8/2/25 11:52,981,,,1,,72,0,3,,1,3,,,,,,,,,6,,1,,2,2,3,2,4,1,4,1,2,1,1,3,4,4,1,2,1,1,2,2,2,1,0,40000,40000,2,40500,40000,,,,,,45000,,,,,4,4,0,0,2,0,0,2,4,1,5,4,3,2,4,1,4,1,2,4,1,1,1,1,,1,,,,1,2,2,,,,,,,1,,1,1,South Carolina,29649,2,North Carolina,Windsor,1,0,7,7,3,4,,,,,1,,1,1,,1,,,1,,,1,
5d5497857aff650001a18c3c,8/2/25 11:52,618,,,1,,55,0,4,,1,2,,,,,,,1,,6,,1,,1,4,4,5,4,4,5,4,5,3,5,3,3,1,1,1,2,3,3,4,2,1,0,73000,80000,2,80000,75000,,,,,,120000,,,,,1,6,0,2,2,0,0,2,2,2,1,5,4,3,4,2,4,3,2,3,2,3,2,1,,1,,,,1,1,1,,,,,,,1,,1,1,Florida,33763,2,Virginia,Centreville,2,0,6,6,6,6,1,,,,,,1,1,,1,,,1,,,,
60038fcb3919e748155efc28,8/2/25 11:53,1231,1,1,.89999998,,50,1,4,,1,3,,,,,,,,,7,,1,,1,2,5,2,1,5,5,4,4,4,2,2,3,3,2,2,2,1,1,2,4,0,1,100000,150000,1,200000,100000,200000,250000,1,300000,150000,250000,,,,,5,6,0,2,2,0,1,2,2,2,3,5,4,1,3,3,4,3,3,4,2,2,3,4,,1,,1,,,2,2,,1,,,,,,,0,0,California,92602,2,California,Riverside,2,0,6,6,1,1,1,,,,,,3,3,1,,,1,,,,,No feedback
60c770aa2d2928bfda4c7cd4,8/2/25 11:53,464,,,1,,64,1,5,,1,5,,,1,,,,,,7,1,,,1,1,5,1,1,5,5,5,5,5,1,1,1,1,1,1,2,1,2,2,4,1,0,95000,75000,3,75000,0,,,,,,55000,,,,,10,10,2,2,2,2,2,2,1,1,4,5,2,3,5,1,4,1,1,4,1,4,1,1,1,,,,,1,1,1,,,,,,,1,,1,1,Kentucky,42701,2,Alabama,Fort Payne,2,0,6,6,3,3,1,,,,,,3,3,1,,,1,,,,,
5e2f5b28129198070e2996db,8/2/25 11:53,1029,,,1,,81,0,1,,1,3,,,,,,,,,2,1,,,4,3,4,4,2,4,2,2,3,2,4,1,3,2,2,-1,1,3,3,3,3,1,0,39000,39000,1,39000,39000,,,,,,39000,,,,,10,5,0,2,2,0,0,2,2,1,2,5,4,3,5,1,5,1,3,4,1,1,1,1,,1,,,,,2,2,,,,,,,1,,1,0,Tennessee,37918,2,New Jersey,"Rochester, MN",3,0,6,6,3,3,,,,,1,,1,1,,1,,,1,,1,,
62926b2bba027005e0a84475,8/2/25 11:53,511,,,1,,72,1,5,1,,5,,,1,,,,,,6,,1,,1,2,5,1,1,5,5,5,5,1,1,1,1,1,1,1,1,1,1,2,1,0,0,25000,30000,1,40000,5000,38000,,,,,45000,,,,,1,1,2,2,2,0,0,0,4,1,3,5,4,2,4,2,4,3,2,1,2,3,2,3,1,,,1,,,1,1,,,,,,,1,,1,1,California,95446,1,Minnesota,St . Paul,3,0,6,6,4,5,1,,,,,,3,3,1,,,1,,,,,
647dde92d730823a9e5c7f0f,8/2/25 11:53,1161,,,1,,60,1,5,1,,5,,,,1,,,,,7,1,,,1,1,5,1,1,5,5,4,5,1,1,3,3,1,2,3,3,3,3,3,4,1,0,60000,60000,2,120000,50000,,,,,,30000,,,,,10,6,0,0,2,0,0,0,4,1,3,4,5,2,3,4,4,2,3,4,3,2,2,1,,1,,,,,1,1,,,1,,,,1,,1,0,New York,10552,2,New York,Bronx,3,0,6,6,7,8,1,,,,,,2,2,1,,,1,,,,,"Thanks so much, guys! The fascist takeover of the country has been brewing for a long time but to live through it is astronomically depressing. The people are being fleeced as their economic situation continues to deteriorate due to the huge income inequality but because they only understand rage-bait and sound bites, they could never possibly understand that the great scammer continues to scam them. The whites in this country believe that it is evil to pursue an education when you can watch WWE instead with a six pack while your Orange Leader kicks you off your healthcare plan. We live among the dumb fcks of the universe."
66fbf7c64e20a027558cfa99,8/2/25 11:54,791,,,1,,59,1,4,,1,3,,,,,,,,,4,,1,,3,2,4,4,2,4,5,3,4,2,4,2,2,2,2,2,1,1,3,3,1,0,1,1000,10000,2,15000,1000,20000,30000,2,35000,15000,50000,,,,,1,3,0,0,0,0,0,0,4,3,1,5,4,2,4,1,1,3,2,1,1,2,2,2,,1,,,,1,3,3,,1,,,,,1,,1,1,Pennsylvania,19081,2,Pennsylvania,Swarthmore,2,0,3,3,2,6,,,,,1,,1,1,,1,,,1,,,,none
6612bf98687129c04038e292,8/2/25 11:54,852,,,1,,73,0,3,,1,3,,,,,,,,,6,,,1,2,2,4,4,4,2,3,2,4,3,5,5,4,2,2,-1,1,2,2,3,2,1,0,37000,39000,1,39000,37000,,,,,,50000,,,,,10,10,0,2,2,0,0,2,3,1,3,5,2,4,4,3,4,1,3,3,2,1,1,1,1,,,,,1,1,1,,,,,,,1,,1,1,Florida,32656,1,Florida,"Glen St Mary, Fl",1,0,4,4,3,1,,,,,1,,1,1,,1,,,1,,,,none
63b7992d848592c307fe1e49,8/2/25 11:54,968,,,.89999998,,61,1,2,1,,2,,,,,1,1,1,,2,,1,,5,4,5,2,1,5,1,2,2,1,4,1,3,2,3,3,3,3,3,3,4,1,0,85000,90000,2,110000,60000,,,,,,60000,,,,,1,4,0,0,2,0,0,0,4,2,1,5,4,3,2,3,5,2,3,3,2,1,2,4,,1,,,,1,1,1,,,,,,,1,,0,0,New York,10301,3,I did not reside in the United States,USSR,3,0,7,7,7,7,1,,,,,,1,2,1,,,,1,,,,
631a68ee10ec68377cb03457,8/2/25 11:54,826,,,1,,38,0,1,1,,3,,,,,,,,,1,1,,,5,5,1,3,5,1,1,1,1,5,5,3,3,1,2,2,1,1,1,3,3,0,1,48000,50000,1,50000,48000,99000,105000,1,110000,99000,99000,,,0,99000,1,1,1,2,2,0,2,2,2,2,4,1,3,5,4,3,4,2,3,3,4,1,5,5,1,,,,,1,0,0,,,,,,,1,,1,1,Texas,76063,2,California,Long Beach,2,0,3,3,3,3,1,,,,,,1,1,,1,,,,,1,,n/a
5e1ded90e47974143a8d81da,8/2/25 11:54,1119,,,.89999998,,70,1,5,1,,3,,,,,,,,,4,,1,,1,1,5,1,1,5,5,4,4,1,1,2,2,3,2,2,2,1,1,1,2,1,0,49999,49999,2,49999,49999,,,,,,90000,,,,,3,3,0,0,2,0,0,2,4,1,4,2,5,3,5,1,5,1,4,3,1,1,3,3,,1,,,,1,1,1,,,1,,,,,,1,1,Georgia,31061,1,Georgia,Milledgeville,1,0,6,6,1,1,,,,,1,,3,3,1,,,1,,,,,No issues
6313a3d93104022e9b8a7318,8/2/25 11:55,1417,,,1,,40,0,5,1,,3,,,,,,,,,7,,,1,1,5,5,5,1,5,5,5,5,1,3,3,3,1,2,-1,2,5,5,5,3,0,1,85500,250000,1,200000,150000,122500,250000,1,200000,150000,150000,,,,,1,1,0,2,2,0,0,0,1,2,1,3,5,4,5,3,3,4,1,2,3,2,2,1,1,,,1,,,0,2,,,,1,,,1,,0,0,Florida,33545,2,I did not reside in the United States,"Maracaibo, Zulia, Venezuela",3,0,6,7,6,7,1,,,,,,1,1,,1,,,,,,1,Thank you for the opportunity. 
6653ae434d386b6218f51efb,8/2/25 11:56,838,,,1,,76,1,5,,1,5,,,1,,,,,,2,,1,,1,1,5,1,1,5,5,4,5,1,3,1,1,1,1,1,1,5,5,3,1,1,0,13000,17000,1,20000,15000,,,,,,30000,,,,,5,1,0,0,2,0,0,0,4,3,4,5,1,2,4,1,3,4,1,3,3,3,4,5,,1,,,,1,0,0,,,,,,,1,,1,1,Missouri,63119,2,Massachusetts,Russell,1,0,6,6,6,9,,1,,,,,3,3,1,,,1,,,,,Everything was fine!
60bc8860d04f4ac80d319a5c,8/2/25 11:56,806,,,1,,75,1,4,1,,2,,,,,,1,1,,7,,,1,1,1,4,1,1,5,2,1,3,1,1,1,3,2,2,1,2,2,3,2,2,0,1,40000,45000,2,50000,35000,49000,45000,2,53000,39000,57500,,,,,2,1,2,2,2,0,2,2,2,3,1,5,4,2,3,2,4,2,2,2,2,2,1,1,1,,,1,,,3,3,,,,,,,1,,1,1,Indiana,47374,2,Ohio,Fayetteville,1,0,6,6,3,6,,,,,1,,2,3,1,,,1,,,,,The time felt very appropriate and the questions were straight forward
6516fc85c3f5d2912d6518f6,8/2/25 11:56,520,,,1,,54,1,5,,1,5,,1,,1,,,,,7,,,1,1,1,5,-1,1,5,5,5,5,1,1,1,1,1,1,-1,2,4,-1,3,2,1,0,70000,100000,2,110000,60000,,,,,,60000,,,,,6,4,1,1,2,0,0,0,4,1,3,5,4,2,3,1,4,2,3,2,2,3,2,4,1,,,,,1,0,0,,,,,,,1,,1,1,Nevada,89501,3,Arizona,Phoenix,3,0,6,6,4,4,1,,,,,,3,3,1,,,1,,,,,
6831dd634fd3c9734a773cd6,8/2/25 11:56,1236,1,1,1,,45,1,4,1,,4,,1,,,,,,,7,,,1,1,3,4,5,2,5,3,3,3,3,4,3,4,1,2,3,3,4,4,3,3,1,1,100000,200000,2,250000,150000,,150000,2,200000,150000,140000,,,,,10,1,0,0,0,0,0,0,5,2,4,5,1,3,4,4,5,1,5,4,2,2,2,3,1,,,1,,,3,5,,,,,,,1,,0,0,Florida,33033,2,I did not reside in the United States,Medea,3,0,7,8,6,7,1,,,,,,2,2,,1,,,1,,,,Good survey!
656de95d96d9c1b0bfa2ba83,8/2/25 11:56,1276,,,1,,72,1,5,1,,3,,,,,,,,,5,,1,,2,3,4,4,2,5,4,4,4,3,4,-1,-1,2,2,2,2,2,2,2,2,1,1,16000,25000,1,23000,20000,,18000,1,25000,20000,65000,,,,,2,3,0,0,0,0,0,0,4,2,3,1,5,4,4,2,4,2,2,1,2,2,3,4,,1,,,,,4,4,,,1,,,,,,1,1,Alabama,35126,2,Alabama,Birmingham,3,0,6,6,5,1,,,,,1,,1,1,,1,,,,,,,
62fbeca46caf4abaaf74b5f1,8/2/25 11:57,471,1,1,1,,66,0,1,,1,1,,,,,1,1,,,1,,1,,3,4,5,5,3,1,1,1,3,1,5,2,3,3,3,3,2,3,3,3,3,0,1,30000,35000,1,35000,35000,56000,60000,1,65000,58000,50000,,,,,3,4,0,0,2,0,0,0,4,1,2,5,4,3,3,1,4,1,3,4,3,1,1,1,1,,,1,,,2,2,,,,,,,1,,1,1,Michigan,48186,2,Michigan,Westland,2,0,5,5,2,2,,,,,1,,1,2,,1,,,1,,,,
60a7c4434b322876925afaa3,8/2/25 11:57,1091,,,1,,76,1,4,1,,4,,1,,,,,,,6,1,,,1,1,4,3,2,4,4,4,4,1,4,2,2,1,1,1,2,3,3,3,3,1,0,56300,65000,1,65000,62000,,,,,,60000,,,,,5,3,0,2,2,0,0,0,2,2,1,5,4,3,2,2,4,2,2,2,2,1,2,1,,1,,,,,2,2,,,,,,,1,,1,1,Tennessee,38052,1,Tennessee,Sparta,1,0,6,6,5,4,,1,,,,,2,3,,1,,,,,,,
5bd4c1d09afb5b00015c5bdd,8/2/25 11:57,975,,,1,,76,0,4,1,,2,,,,,,,1,,2,,,1,4,1,5,4,2,2,1,1,1,1,4,3,4,2,2,1,1,3,3,3,2,1,0,33500,28000,2,37500,24000,,,,,,29000,,,,,1,2,0,2,2,0,0,0,4,2,1,3,4,5,2,1,5,3,2,3,3,1,1,5,1,,,,,1,2,2,,,,,,,1,,1,1,Michigan,48340,2,Michigan,Detroit,3,0,6,6,3,4,,,1,,,,1,2,,1,,,1,,,,I had no problems
663765ad2bdf17e0c60a3637,8/2/25 11:57,862,1,1,1,,65,0,2,,1,4,,,1,,,,,,3,1,,,2,3,5,4,3,5,2,2,3,2,2,3,3,5,2,3,2,4,4,4,5,0,1,170000,100000,1,60000,30000,220000,160000,1,140000,10000,35000,,,,,6,5,0,0,0,0,0,0,3,1,4,2,5,3,4,5,5,2,3,4,2,2,1,1,1,,,1,,,3,3,,,,,,,1,,1,1,New York,13850,2,New York,Manhattan,3,0,7,7,6,6,1,,,,,,3,3,1,,,1,,,,1,N/A
63480954af4c7db036aa6595,8/2/25 11:58,1204,,,1,,73,1,4,1,,4,,1,,,,,,,5,1,,,2,2,5,4,4,5,3,2,4,3,4,3,3,5,2,2,3,2,1,3,3,0,1,76000,90000,2,90000,82000,76000,97000,1,98000,92000,79000,,,,,9,7,0,2,2,0,0,0,4,1,4,3,2,5,4,1,4,1,3,4,2,1,2,2,,1,,1,,,2,2,,,,,,,1,,1,1,New York,14424,2,New York,Syracuse ,2,0,3,3,3,3,,,,,1,,1,1,,1,,,1,,,,
638b951008b4843ccdbc4e15,8/2/25 11:58,1207,,,1,,74,1,5,,1,3,,,,,,,,,5,,1,,1,3,3,5,5,1,5,4,5,4,5,2,1,1,-1,2,3,3,3,3,3,1,0,39000,50000,2,50000,40000,,,,,,125000,,,,,2,2,2,2,2,2,2,2,5,1,4,3,5,2,4,1,5,1,4,3,4,1,4,1,1,,,,,1,0,0,,,,,,,1,,1,1,Michigan,49802,2,Michigan,KINGSFORD,2,0,4,4,3,3,,1,,,,,1,1,,1,,,1,,,,NONE
6791a8549ed23cc3997dd33a,8/2/25 11:59,1625,,,1,,34,1,4,,1,5,,1,1,,,,,,6,,,1,1,4,5,4,4,3,4,4,4,4,4,2,2,2,2,2,2,2,2,2,4,1,1,118000,250000,2,170000,150000,,250000,2,250000,150000,350000,,,1,350000,7,5,0,0,0,0,0,0,4,1,5,2,4,3,2,4,4,2,3,3,2,2,2,1,1,,,1,,,3,3,,,1,,,,,,1,1,Massachusetts,01854,3,Massachusetts,springfield,3,0,6,8,6,7,1,,,,,,3,3,1,,,1,,,,,Every question was well thought out.I enjoyed taking part in the survey
6669f4d73f6ea3be1d2b7eae,8/2/25 11:59,691,,,1,,62,1,4,,1,2,,,,,,,1,,5,1,,,2,2,4,1,2,4,4,2,2,2,2,2,3,1,2,2,2,2,2,3,2,1,0,60000,100000,2,100000,75000,,,,,,60000,,,,,1,1,2,2,2,0,2,2,1,1,2,5,4,3,1,2,4,2,3,4,2,2,2,1,1,,,,,1,0,0,,1,,,,,,,1,1,Washington,98119,3,Washington,Seattle,3,0,9,9,3,3,,,,,1,,1,3,1,,,1,,,,,Interesting study 
66187caf2a94f9051c85c431,8/2/25 11:59,1966,1,1,1,,35,1,5,,1,4,,,1,,,,,,6,,1,,1,1,5,1,1,5,5,3,5,2,4,2,3,2,2,3,2,2,3,3,1,1,0,16000,50000,1,60000,20000,,,,,,35000,,,0,55000,2,1,0,2,2,0,0,2,4,3,2,5,4,1,4,4,4,2,3,2,3,2,4,5,1,,,,,1,0,-1,,,,,,,1,,1,1,Wisconsin,53215,3,Wisconsin,Milwaukee,3,0,3,3,3,6,1,,,,,,3,3,1,,,1,,,,,Thank you!!!! 🙂🙏🏻
653b07dc6d0abbc519239d1c,8/2/25 11:59,1212,,,1,,65,0,1,,1,3,,,,,,,,,1,,,1,5,3,3,4,4,1,1,2,2,-1,5,3,4,-1,2,2,2,3,3,3,2,1,0,19360,30000,1,35000,21000,,,,,,25000,,,,,1,1,2,2,2,0,2,2,2,2,1,5,3,4,5,5,3,3,3,1,4,1,2,5,,1,,,,1,0,0,,,1,,,,,,1,1,Ohio,45013,2,Ohio,Lima,2,0,6,6,6,8,,,1,,,,1,1,,1,,,1,,1,,"This was a very interesting and thought-provoking survey and I think that the length was appropriate. I didn't find any questions confusing. I think the question format gave me the proper options so as to express my views about income redistribution -- I am vehemently opposed to it and I am opposed to it on principle, and absolutely regardless of my own personal income. Thank you for the opportunity to participate; I greatly appreciate it!"
638476f72ab8021be345e3ac,8/2/25 12:00,594,,,.89999998,,70,1,5,1,,5,,1,,,,,,,7,1,,,1,1,4,1,1,5,5,4,5,1,1,4,3,2,2,2,2,2,-1,2,2,1,0,24000,26000,1,28000,22000,,,,,,30000,,,,,6,1,0,0,0,0,0,0,4,2,5,4,1,3,3,1,5,1,5,1,1,1,1,1,,1,,,,1,0,0,,,,,,,1,,1,1,Kansas,67505,1,Kansas,Hutchinson,2,0,5,5,5,3,,,,,1,,3,3,1,,,1,,,1,,
65ee8cf661281c8eccd37fd0,8/2/25 12:01,2302,,,1,,32,1,4,,1,4,,,,1,,,,,4,,,1,1,1,5,5,4,4,5,5,5,5,1,3,2,1,-1,-1,-1,5,2,5,4,0,1,78000,125000,1,150000,120000,180000,275000,2,260000,240000,200000,,,0,250000,3,6,2,2,2,0,1,1,2,1,3,2,5,4,3,2,4,3,3,4,2,2,2,3,,1,,1,,,0,0,,,,,1,,1,,1,0,Missouri,64108,3,Indiana,carmel-Indianapolis,2,0,7,7,7,7,1,,,,,,2,3,1,,,1,,,,,n/a
66cf958a28d904cf6acd0f1c,8/2/25 12:01,1172,,,1,,67,1,5,1,,5,,,,1,,,,,6,,1,,1,1,5,1,1,5,-1,4,5,1,1,3,3,1,3,3,2,4,4,4,3,1,1,51000,60000,3,80000,36000,,100000,1,110000,44000,75000,,,,,2,5,2,2,2,0,2,2,2,4,2,5,1,3,2,5,5,2,3,3,2,3,1,1,,1,,,,,1,1,,,,,,,1,,1,1,Florida,33460,3,Michigan,Grand Rapids (Cascade),2,0,5,5,4,4,,,1,,,,3,3,1,,,1,,,,,"Not too short, not too long! "
5f4e52a627d2a0000a8ed0c5,8/2/25 12:01,1130,,,1,,45,1,4,,1,3,,,,,,,,,6,,,1,2,2,5,4,2,5,5,4,5,2,1,2,3,2,2,2,3,3,3,3,4,0,1,110000,135000,2,160000,100000,183000,210000,2,250000,140000,210000,,,,,3,6,0,0,0,0,0,0,2,3,2,5,4,1,1,5,5,1,4,4,3,2,3,1,1,,,1,,,3,3,,,,,,,1,,1,1,Maryland,20745,2,Maryland,20745,2,0,7,7,6,5,1,,,,,,2,2,1,,,,1,,,,
66041eef8bb7bb7f12624252,8/2/25 12:02,730,,,1,,53,0,5,1,,3,,,,,,,,,6,,1,,1,1,5,2,2,5,4,2,2,2,4,4,4,5,2,3,2,2,2,3,2,1,0,69000,200000,2,350000,100000,,,,,,50000,,,,,10,1,0,2,2,0,0,0,2,1,5,3,2,4,1,5,2,1,4,3,2,2,2,4,1,,,,,1,0,0,,,1,,,,,,1,1,South Carolina,29801,1,South Carolina,Aiken,1,0,9,9,3,3,,,1,,,,2,2,1,,,1,,,1,,I have no feedback. Thanks for letting me participate.
66f5d2424e2c1948e2b8f020,8/2/25 12:02,992,,,1,,79,1,4,,1,4,,,1,,,,,,6,,1,,1,3,4,1,1,5,4,2,4,1,4,3,3,5,2,2,-1,3,4,5,2,0,1,40000,43000,2,45000,40000,70000,50000,1,55000,53000,75000,,,,,10,10,0,0,2,0,0,0,4,1,4,5,2,3,1,1,4,1,2,2,1,3,2,1,1,,,1,,,3,3,,,,,,,1,,1,1,California,92595,2,Connecticut,Milford Ct.,2,0,5,5,3,4,,,,,1,,2,2,1,,,1,,,,,
5ecf40ccb218ec372490e3ea,8/2/25 12:02,646,,,1,,35,1,4,1,,3,,,,,,,,,6,,1,,2,2,1,3,2,5,5,2,4,1,3,2,3,2,1,1,1,1,1,2,1,1,0,0,0,1,0,0,,,,,,100000,,,0,200000,1,1,2,2,2,0,2,2,5,1,2,5,4,3,2,1,1,4,1,1,4,4,4,5,,,,,,1,0,0,,1,,,,,,,0,0,Virginia,20147,2,Virginia,"I don't have a home town, moved around too much",2,0,6,6,7,8,,,,,1,,3,3,1,,,1,,,1,,
5e914ee346d11b48197172c2,8/2/25 12:02,852,,,1,,32,1,5,,1,3,,,,,,,,,5,,,1,1,1,5,3,2,4,4,4,4,1,1,1,2,2,2,2,3,2,2,3,3,0,1,60000,75000,2,90000,65000,120000,150000,1,160000,90000,115000,,,1,120000,6,9,0,0,2,0,0,0,2,1,4,3,5,2,4,4,5,2,3,3,2,1,2,4,1,,,,,1,0,2,,,,1,,,,,1,0,California,92084,2,California,Oceanside,2,0,3,3,3,3,1,,,,,,3,3,1,,,1,,,,,
571bdf806b0894001262df5b,8/2/25 12:03,734,,,1,,73,1,5,1,,5,1,,,,,,,,5,,,1,1,4,5,2,1,5,5,4,4,1,2,1,3,2,1,2,1,1,1,2,2,1,0,51000,45000,2,40000,30000,,,,,,75000,,,,,1,1,0,0,0,0,0,0,5,1,3,5,2,4,1,5,3,3,2,1,4,4,4,5,,1,,,,1,2,2,,,1,,,,,,1,1,Texas,77498,3,New York,Brooklyn,3,0,6,6,5,1,,,1,,,,3,3,1,,,1,,,1,,
66ea6bd034571ff4a00f2171,8/2/25 12:03,840,,,1,,50,1,5,1,,5,1,,,,,,,,7,,,1,2,1,5,2,2,5,5,2,5,3,4,4,5,2,2,1,2,1,1,1,4,1,1,225000,275000,2,300000,260000,,500000,1,500000,400000,350000,,,,,3,5,2,2,2,0,2,2,2,1,2,3,4,5,2,3,4,2,1,4,2,1,2,1,1,,,,,1,0,0,,1,,,,,,,0,0,Oregon,97220,3,I did not reside in the United States,Hong Kong,3,0,6,6,2,2,1,,,,,,3,3,1,,,1,,,1,,
5e064785e297d502d4f2b15f,8/2/25 12:03,1044,,,1,,48,0,2,1,,2,,,,,1,1,,,5,,1,,1,3,4,4,4,2,2,2,3,2,3,1,2,1,1,1,1,3,3,2,2,0,1,20000,30000,1,40000,15000,62000,70000,1,80000,50000,60000,,,,,6,3,0,2,2,0,0,0,3,3,1,5,4,2,4,5,4,3,3,3,4,1,5,5,,1,,1,,,1,1,,,,,,,1,,1,1,Nevada,89144,2,California,Fallbrook,2,0,6,6,3,4,1,,,,,,2,2,,,,,,,,,
646f8a859c69c3cb1d5f08c8,8/2/25 12:04,238,,,1,,60,1,4,,1,2,,,,,,1,,,4,1,,,2,2,4,2,3,3,3,4,4,2,3,4,4,5,2,2,2,2,2,2,4,1,0,106000,130000,3,150000,100000,,,,,,130000,,,,,2,2,0,0,0,0,0,0,5,1,3,2,5,4,4,4,4,2,2,2,4,4,4,4,1,,,1,,,1,1,,,1,,,,,,1,1,Georgia,30274,2,Connecticut,New Britain,2,3,6,6,6,6,1,,,,,,3,3,1,,,1,,,,,no comment
63ea4730d677f800a8887ad6,8/2/25 12:07,1087,,,1,,43,1,5,,1,3,,,,,,,,,7,1,,,1,1,5,1,1,5,5,5,5,1,1,1,3,1,1,2,2,2,1,2,2,1,1,60000,100000,2,150000,52000,,220000,1,250000,90000,30000,,,,,10,10,0,0,0,0,0,0,4,3,2,5,4,1,5,5,5,1,3,3,2,2,1,5,1,,,,,1,2,1,1,,,,,,,,1,0,Montana,59601,3,Montana,Helena,3,0,6,7,7,4,,,1,,,,3,3,1,,,1,,,,,
669a92a7634bd2faf6fec077,8/2/25 12:08,1382,,,.60000002,,62,0,3,1,,3,,,,,,,,,5,,1,,4,4,4,4,4,3,4,4,4,2,4,3,2,5,2,2,2,2,2,3,2,0,1,16000,16000,3,16000,16000,25000,25000,2,25000,25000,40000,,,,,7,7,0,2,2,0,0,0,4,2,5,3,4,1,5,1,4,1,1,1,1,2,2,4,,1,,,,1,3,3,,,,,,,1,,1,1,Illinois,62650,2,Illinois,Jacksonville,2,0,3,3,3,1,,,,,1,,1,1,,1,,,1,,,,
670f9fd0a399d73d5af41902,8/2/25 12:09,1285,,,1,,54,0,5,1,,4,,,1,,,,,,6,,,1,2,2,5,2,5,5,5,5,5,2,4,1,3,2,3,3,2,3,3,4,3,0,1,34000,30000,1,45000,27000,53000,45000,2,57000,40000,50000,,,,,5,5,0,2,2,0,0,2,4,1,2,3,5,4,4,3,4,3,3,2,4,3,2,1,1,,,1,,,0,0,,,,,,,1,,1,1,Texas,77043,2,Texas,Houston,2,0,4,4,4,4,,1,,,,,2,1,,1,,,,,,,
67db5621ad4dfa3eeb264e18,8/2/25 12:09,1581,,,1,,75,1,4,,1,4,,1,1,,,,,,6,,1,,2,4,5,3,2,5,5,2,4,2,3,2,3,2,2,2,2,2,3,3,3,0,1,35000,35000,3,40000,25000,35000,35000,3,45000,25000,35000,,,,,4,6,0,2,2,0,0,0,4,1,2,3,4,5,4,3,3,1,1,2,1,2,3,5,,1,,1,,,3,3,,,,,,,1,,1,1,New York,78542,2,Texas,edinburg,2,0,6,6,4,4,,,,,1,,1,1,,1,,,1,,,,
66e4c4358de330a06b4d33f1,8/2/25 12:10,804,,,.89999998,,80,1,5,1,,3,,,,,,,,,5,,1,,1,1,5,2,1,5,4,1,4,1,1,2,3,2,2,2,2,2,2,2,3,0,1,24000,28000,2,28000,28000,122000,122000,2,122000,110000,85000,,,,,6,1,0,0,2,0,0,0,2,1,3,5,2,4,2,2,5,1,5,4,1,1,1,1,1,,,,,1,3,3,,,,,,,1,,1,1,Washington,98229,3,Washington,"Fairbanks, Ak",1,0,5,5,2,2,,,,,1,,3,3,1,,,1,,,,,
66e0779ca33300c6c88370a7,8/2/25 12:11,958,,,1,,70,1,5,,1,5,,1,1,,,,,,7,1,,,1,2,5,1,1,5,4,4,5,2,2,1,1,1,3,2,2,2,4,3,4,1,1,48965,51650,2,51650,49865,,64500,2,62500,59850,32500,,,,,10,10,0,2,2,0,0,2,2,3,1,5,4,2,5,1,5,1,5,4,1,2,2,1,,1,,,,1,1,1,,,,,,,1,,1,1,Tennessee,38242,1,Pennsylvania,Boyertown,1,0,5,5,3,4,,,,,1,,2,3,1,,,1,,,,,"survey length was excellent as well as the survey being completely unbiased, compensation was very much appreciated, I wish you the very best of success with all you pursue in your life, 🤗"
664b9dec0a754d3f2914a3af,8/2/25 12:17,928,,,1,,72,0,4,1,,3,,,,,,,,,5,,1,,2,4,5,5,3,5,4,2,4,1,3,2,3,5,3,3,3,3,3,3,4,0,1,100000,150000,3,160000,130000,200000,250000,3,260000,230000,100000,,,,,10,6,0,0,2,0,0,0,2,1,2,5,3,4,2,5,4,2,3,4,2,2,2,1,,1,,1,,,3,3,,,,,,,1,,1,1,New York,11510,2,New York,East Meadow,2,0,7,7,3,3,,,1,,,,3,3,1,,,1,,,,,
607a7b7d300ce256f51706bd,8/2/25 12:22,969,,,1,,36,1,4,1,,4,,1,1,,,,,,6,1,,,1,3,5,4,3,4,5,5,5,1,1,3,3,3,3,3,3,1,1,2,4,1,0,105000,125000,2,126000,108000,,,,,,75000,,,1,95000,10,10,0,0,2,0,0,2,4,3,4,1,5,2,5,3,5,1,4,4,3,2,1,1,1,,,1,,,2,-1,1,,,,,,,,1,1,Texas,75060,2,California,Los Angeles ,3,0,7,7,3,3,1,,,,,,1,2,1,,,1,,,,,
6132542039ead71f30971bd6,8/2/25 12:32,672,,,1,,72,0,1,,1,1,,,,,,1,1,,1,,1,,5,1,5,5,5,1,1,1,5,1,5,2,2,5,3,1,3,1,3,5,5,0,0,148000,90000,2,100000,75000,148000,,,,,95000,,,,,1,1,0,0,2,0,0,0,4,1,4,2,3,5,1,5,5,2,4,4,2,2,2,1,1,,,1,,,1,1,,,,,,,1,,1,0,Connecticut,06382,2,New York,pelham,2,0,6,7,1,2,1,,,,,,1,1,,1,,,1,,,,Enjoyed the survey!
673a107473bf93fdec63a382,8/2/25 12:40,1043,,,1,,51,1,4,1,,4,,,,1,,,,,6,,1,,1,1,5,2,1,3,5,2,5,5,2,2,2,1,2,1,3,2,2,3,4,0,1,110000,150000,1,150000,60000,200000,200000,2,120000,80000,500000,,,,,8,5,2,2,2,2,2,2,4,1,3,5,4,2,5,1,4,2,3,3,3,2,2,3,,1,,1,,,2,2,,,,1,,,,,0,0,New York,10463,3,New York,new york,3,0,7,8,3,,1,,,,,,2,2,1,,,1,,,,,
67f1f1da7bcf771d82870233,8/2/25 12:43,1411,,,.60000002,,37,1,4,,1,5,,1,,,,,,,5,1,,,4,5,4,3,3,4,2,3,-1,4,4,2,3,2,3,3,2,3,3,4,3,1,1,90000,150000,3,150000,70000,,300000,2,400000,1700000,300000,,,1,340000,8,6,0,0,0,0,0,0,3,4,2,5,1,3,5,4,3,3,4,3,4,3,3,3,1,,,1,,,2,3,,,1,,,,,,1,1,California,25801,3,Texas,Austin,3,0,7,8,3,6,1,,,,,,1,1,1,,,,1,,,1,
651090beae417ded35c4ef2f,8/2/25 12:45,1320,,,1,,73,0,3,1,,2,,,,,,1,,,5,,,1,2,2,5,4,1,4,2,1,3,2,4,1,2,1,2,-1,2,3,3,4,2,1,1,50000,53000,1,52000,40000,,53000,1,53000,40000,57000,,,,,3,6,0,0,2,0,0,0,4,1,3,5,2,4,5,2,4,2,1,2,2,2,2,1,,1,,,,1,2,2,,,,,,,1,,1,1,Rhode Island,02818,2,Rhode Island,Cranston,2,0,5,5,7,7,,,,,1,,1,1,,1,,,1,,,,All was clear and consecutively structured excellently.  Thank you!
675277b425b0e2bd34db1ada,8/2/25 12:45,1223,,,1,,65,1,4,1,,3,,,,,,,,,6,,,1,1,2,4,4,1,2,2,2,5,1,2,3,3,5,3,3,3,1,1,2,4,0,1,36000,50000,3,50000,48000,75000,95000,2,100000,85000,75000,,,,,1,5,0,2,2,0,0,2,2,2,1,5,4,3,3,1,5,1,3,2,1,1,1,1,,1,,1,,,2,2,,1,,,,1,1,,1,1,Hawaii,96744,2,Hawaii,Guam,1,0,7,7,3,2,,,,,1,,2,2,1,,,1,,,,,
678338d2e064e20d43afcfdc,8/2/25 12:47,736,,,1,,54,1,5,,1,4,,1,,,,,,,3,1,,,2,2,5,4,4,4,5,4,5,4,5,3,4,2,2,2,1,1,2,1,2,1,0,78000,85000,2,95000,85000,,,,,,100000,,,,,5,5,0,2,2,0,0,0,2,1,4,5,3,2,3,2,5,2,3,2,2,2,1,4,,1,,1,,,0,0,,,,,,1,,,1,1,Hawaii,96701,3,Hawaii,Pearl City,2,0,4,4,3,3,1,,,,,,2,2,,,,,,,,,
66df47a9c26ea6aa4a71fc0f,8/2/25 13:01,1138,,,1,,64,1,5,1,,5,1,1,,,,,,,6,1,,,1,1,5,5,1,5,5,5,5,3,4,2,3,1,1,1,1,3,3,3,2,0,1,69000,75000,1,75000,70000,69000,75000,1,75000,70000,65000,,,,,5,1,2,2,2,0,0,2,4,1,5,2,4,3,4,1,5,1,4,3,1,1,1,1,1,,,1,,,2,2,,1,,,,,,,0,0,California,95624,2,California,ELK GROVE,2,3,6,6,3,4,,,,,1,,2,2,1,,,1,,,,,
67682f6c22691dbfb82ae15d,8/2/25 13:12,1491,,,1,,68,0,4,,1,4,1,1,,,,,,,1,1,,,5,5,5,1,1,4,4,1,5,1,4,1,3,5,2,3,3,2,3,2,2,0,0,60000,500000,3,700000,900000,80000,,,,,80000,,,,,2,4,0,0,2,0,0,0,5,3,2,4,5,1,5,5,5,4,2,3,4,4,5,3,1,,,1,,,2,5,,,,,,,1,,1,1,Texas,77071,2,Texas,Houston,2,0,6,6,5,5,1,,,,,,1,1,,1,,,1,,1,,NICE STUDY
62a74fec726aac54b9e43d75,8/2/25 13:18,1163,,,1,,67,0,5,1,,4,,,1,,,,,,4,,1,,1,1,1,4,5,4,2,4,5,1,4,2,3,1,3,2,2,2,3,3,2,1,0,45999,47999,3,48000,47000,,,,,,60000,,,,,1,5,0,2,2,0,0,0,4,1,3,5,2,4,4,1,4,2,3,4,4,3,2,1,1,,,,,1,1,1,,,,1,,,1,,1,1,Texas,77386,2,New York,New York City,3,0,6,6,3,3,,,,,1,,2,2,,1,,,1,,,,
63fb73b8e64f455117b045b9,8/2/25 13:21,1047,,,1,,51,1,5,,1,4,,,1,,,,,,7,,1,,1,1,4,1,1,5,5,4,5,1,1,2,3,2,3,2,3,2,3,3,4,1,0,105000,121500,2,127500,90000,,,,,,90000,,,,,4,1,0,0,2,0,0,0,2,1,5,3,4,2,2,3,5,1,4,4,1,1,2,1,1,,,,,,0,0,,,,1,,,,,1,0,California,90602,2,California,Santa Monica,3,0,6,6,4,6,1,,,,,,3,3,1,,,1,,,,,Questions were well written and none of them were confusing. Everything ran smoothly with the study with no technical issues.  The length and payment were fair.  I appreciate the opportunity to participate.  
669eb1b6dc497b39d6ad103f,8/2/25 13:22,1272,,,.89999998,,65,1,5,1,,5,,1,1,1,,,,,7,,,1,1,1,4,4,1,1,5,4,5,1,4,2,2,2,1,1,1,-1,-1,4,3,0,0,50000,0,2,35000,0,75000,,,,,55000,,,,,1,1,0,0,0,0,0,0,5,1,2,5,4,3,5,1,5,1,1,2,2,1,1,1,1,,,,1,,2,2,,,1,,,,,,1,1,Pennsylvania,19134,3,Pennsylvania,. Philadelphia ,3,0,3,3,3,3,1,,,,,,1,1,1,,,,1,,,,
672eda41e28ba46f845249df,8/2/25 13:29,1126,,,1,,67,0,5,,1,3,,,,,,,,,6,1,,,1,1,5,3,5,5,5,4,3,4,5,2,3,2,2,2,3,2,2,2,3,0,1,53000,30000,3,32000,25000,59000,48000,2,48000,38000,45000,,,,,3,7,0,0,2,0,0,0,3,1,2,3,5,4,4,2,4,3,4,2,1,2,1,1,,1,,1,,,2,0,,1,,,,,,,1,1,Texas,77080,2,Texas,Houston,2,0,4,4,4,,1,,,,,,2,2,,,,,,,,,
673f944357ae127e26c9fd93,8/2/25 13:36,765,,,1,,60,1,4,,1,3,,,,,,,,,7,,,1,2,2,3,2,2,4,5,4,4,2,3,2,3,1,2,1,2,2,2,2,3,0,0,124000,130000,2,130000,124000,124000,,,,,160000,,,,,2,4,0,2,2,0,0,0,3,1,2,5,4,3,2,1,4,1,2,2,1,2,2,1,1,,,,1,,3,3,,,,1,,,,,1,1,New York,10707,2,New York,New York city,3,0,6,6,5,3,,,,,1,,3,3,1,,,1,,,,,
6671bcef7ab0a97950b67ed7,8/2/25 14:16,736,,,1,,70,1,5,1,,3,,,,,,,,,7,1,,,1,1,5,3,2,5,5,5,5,1,1,3,4,1,3,3,3,1,1,1,5,0,1,113000,10000,3,60000,54000,150000,90000,3,90000,50000,50000,,,,,10,10,2,2,2,1,2,2,5,1,2,4,3,5,5,3,5,1,5,4,1,1,1,1,1,,,1,,,4,5,,,1,,,,,,0,0,Virginia,23233,2,I did not reside in the United States,"Kumasi, Ghana",2,0,7,7,,,1,,,,,,3,3,1,,,1,,,,,
6668a638ee51b4f1656862e8,8/2/25 15:02,934,,,1,,66,0,1,,1,3,,,,,,,,,1,,,1,2,3,1,4,5,1,1,1,2,2,5,3,5,3,2,3,1,-1,-1,3,3,0,1,69000,40000,1,50000,40000,69000,60000,1,70000,40000,70000,,,,,1,1,0,1,2,0,0,0,2,1,2,4,5,3,4,2,4,2,4,1,1,1,2,1,1,,,1,,,3,-1,1,,,,,,1,,1,1,Ohio,,2,Ohio,,3,0,6,6,,,1,,,,,,1,1,,1,,,1,,,,
6598ad7d742e25b376094227,8/2/25 15:32,1388,,,1,,66,1,5,1,,5,,,,1,,,,,6,1,,,1,2,4,1,1,4,5,5,5,4,1,2,2,4,1,2,2,3,3,2,1,1,0,15900,29000,2,38000,17500,,,,,,30000,,,,,2,1,0,0,0,0,0,0,4,3,2,5,4,1,4,5,4,3,3,1,5,4,3,4,1,,,,,1,0,1,,,,1,,,,,1,0,California,96001,3,California,San Francisco,3,0,5,6,3,2,,,1,,,,2,2,1,,,1,,,,,
6757a575fbfbaadb71be93a1,8/2/25 19:01,1627,,,1,,76,1,4,,1,3,,,,,,,,,6,,,1,1,1,5,1,2,5,5,3,4,1,1,2,4,-1,3,2,3,-1,-1,4,3,0,1,50000,35000,2,35000,35000,124000,65000,2,65000,35000,54000,,,,,6,10,0,2,2,0,0,0,4,2,3,5,1,4,4,5,4,2,5,4,2,1,3,1,,1,,1,,,1,1,,,,1,,,,,0,0,New York,10589,2,New Jersey,Carteret,2,0,8,8,9,9,,,1,,,,3,3,1,,,1,,,,,
6393762f53bfb428985673db,8/3/25 10:00,721,,,.89999998,,71,0,5,1,,5,,,1,,,,,,7,1,,,1,2,5,5,2,4,5,4,4,1,4,1,2,1,3,1,2,1,4,2,2,1,0,25000,26000,2,26000,25000,,,,,,35000,,,,,2,4,0,0,2,0,0,0,4,2,1,5,3,4,4,1,4,2,4,1,3,2,1,1,1,,,1,,,2,2,,,,,,,1,,1,1,Illinois,62206,2,Connecticut,Woodstock,1,0,6,6,1,6,,,,,1,,1,1,,,,1,,,,,clear and concise
5c1976c90d57c30001b4162c,8/3/25 10:00,1396,,,1,,73,0,3,1,,3,,,,,,,,,1,,,1,3,5,5,5,1,1,1,1,3,1,4,3,4,3,3,3,3,3,3,3,2,1,0,23000,36000,1,50000,20000,,,,,,23000,,,,,1,1,2,2,2,0,0,2,4,3,2,4,1,5,3,3,4,1,3,2,2,1,2,1,,1,,,,1,0,0,,,,,,,1,,1,1,Tennessee,37042,2,Tennessee,Nashville,2,0,8,8,3,3,,,,,1,,1,2,,1,,,1,,,,"I don't have an employer, but I do find work to do online. I think the risk is low that I will lose all opportunity to find work online. I don't think there should be any federal income tax for any income group. Survey length was appropriate. Questions were not confusing."
6150520d0e7c916e822a0021,8/3/25 10:01,883,,,.89999998,,73,1,5,1,,3,,,,,,,,,7,,,1,1,1,5,1,1,5,5,4,5,1,2,2,3,1,3,3,3,1,5,2,4,0,1,40000,50000,1,60000,40000,99000,110000,1,120000,100000,80000,,,,,6,6,2,2,2,0,2,2,2,5,2,4,1,3,5,1,4,1,2,4,3,1,2,1,1,,,1,,,0,0,,,,,,,1,,1,1,New York,12865,1,New Jersey,Atlantic City,3,0,8,8,3,4,,,1,,,,3,3,1,,,1,,,,,
678c3a22ed2e5d21f977e011,8/3/25 10:01,1076,,,1,,70,0,1,1,,2,,,,,,,1,,5,,1,,4,2,5,4,1,5,-1,2,2,1,2,3,3,2,2,-1,-1,3,2,4,1,1,0,19000,19000,2,20000,20000,,,,,,35000,,,,,8,6,1,1,2,0,0,0,5,4,5,1,2,3,4,5,3,1,1,4,1,1,1,1,,1,,,,1,1,1,,,,,,,1,,1,1,Arizona,85712,3,Florida,Jacksonville,3,0,4,4,2,9,,,1,,,,3,3,1,,,1,,,,,I have many thoughts and regrets about my past work choices. I truelly believe that anyone can reach their economic goals with  perseverance and determination. I only wish I had used those 2 tools to do better in my life.
672ce4b6444bb28ed1573e5a,8/3/25 10:02,873,,,1,,41,1,5,1,,3,,,,,,,,,7,,,1,1,1,5,4,3,5,5,4,5,2,2,1,2,1,1,2,1,2,2,2,3,0,1,63000,100000,3,120000,78000,110000,150000,2,170000,120000,100000,,,,,10,1,0,0,0,0,0,0,2,1,4,3,2,5,4,4,5,2,4,4,1,2,1,3,1,,,1,,,2,2,,,1,,,,1,,1,1,New York,10550,3,New York,New Rochelle,3,0,5,6,5,3,1,,,,,,1,2,,1,,1,,,1,,n/a
677b03282a32bc17e223ca06,8/3/25 10:04,1277,,,1,,70,0,5,1,,3,,,,,,,,,1,,1,,1,3,3,2,2,5,5,4,5,1,1,3,3,2,2,2,-1,3,4,4,3,1,0,22000,26000,1,28000,22000,,,,,,50000,,,,,3,5,0,2,2,0,0,0,4,1,2,5,4,3,4,1,5,1,5,1,1,1,1,1,,1,,1,,,2,2,,,,,,,1,,1,1,Tennessee,37686,1,Michigan,Dearborn,3,0,4,4,3,6,,1,,,,,2,2,1,,,1,,,,,
67ed7515c3602df172cbddbc,8/3/25 10:04,679,,,1,,72,1,5,1,,4,,1,1,,,,,,5,1,,,1,1,5,2,1,5,5,1,4,1,2,1,1,1,2,1,1,2,4,3,3,0,1,35000,38000,2,39000,35000,95000,105000,2,110000,95000,65000,,,,,5,5,0,0,2,0,0,2,2,2,1,5,4,3,4,1,5,1,2,3,1,2,2,1,,1,,1,,,1,1,,,,,,,1,,1,1,Arizona,85032,2,California,San Diego,3,0,6,6,2,4,,,,,1,,3,3,1,,,1,,,,,
5f4f9bc1f7598f06b2dc816f,8/3/25 10:05,587,,,.60000002,,72,0,3,1,,3,,,,,,,,,5,,1,,2,2,5,2,2,4,4,2,5,5,4,3,4,5,3,1,3,2,2,2,4,0,1,120000,130000,2,130000,122000,120000,130000,2,130000,122000,100000,,,,,4,1,2,2,2,0,0,0,4,1,5,2,4,3,1,1,5,1,2,4,1,1,2,1,1,,,1,,,2,2,,,,,,,1,,1,1,New Jersey,07052,2,New Jersey,"Passaic, nj",2,0,7,7,3,3,,,,,1,,3,3,1,,,1,,,,,
6612e46c8c6aa66c76c47451,8/3/25 10:06,790,,,1,,68,1,5,1,,5,,1,,,,,,,7,1,,,1,1,5,1,1,4,5,3,5,1,1,2,2,1,1,3,2,1,1,2,1,0,1,12000,40000,2,70000,30000,39000,75000,2,80000,40000,60000,,,,,10,1,0,0,1,0,0,0,2,2,5,4,1,3,1,5,2,3,4,2,1,3,3,1,1,,,1,,,0,0,,1,1,,,,1,,1,1,Indiana,46410,2,New York,Brocton,1,0,9,9,4,3,,,1,,,,3,3,1,,,1,,,,,
57ab346e21e5a50001562cb8,8/3/25 10:06,1580,,,1,,63,1,5,1,,5,,1,,,,,,,6,,1,,1,2,4,1,1,5,5,4,5,1,1,3,4,1,2,2,2,5,2,4,2,0,1,24000,40000,2,37000,30000,69000,100000,2,89000,83000,75000,,,,,5,5,0,2,2,0,0,0,4,4,3,5,2,1,4,3,4,2,3,1,3,3,4,4,,1,,,,1,5,5,,1,,1,,,1,,1,0,Ohio,43209,2,Hawaii,Aiea,2,0,5,5,6,8,,1,,,,,2,2,1,,,1,,,,1,
60c969c12749ced10866921d,8/3/25 10:06,590,1,,.1,,63,0,3,1,,3,,,,,,,,,2,,,1,4,3,5,5,4,2,1,2,4,2,5,3,4,2,3,2,2,2,2,2,4,0,1,50000,55000,2,80000,40000,105000,90000,2,120000,80000,60000,,,,,2,5,2,2,2,0,0,2,5,1,3,5,2,4,4,5,4,2,4,4,2,2,5,1,1,,,1,,,1,1,,,,,,,1,,1,1,Texas,76712,2,Texas,Cameron,1,0,6,6,3,3,1,,,,,,1,1,,1,,,1,,,,Everything was clear and easy to follow.
5bf349126f97050001e6a6e6,8/3/25 10:07,3842,,,1,,71,1,4,1,,4,,,1,,,,,,2,1,,,2,3,3,-1,2,4,5,2,4,3,-1,2,2,-1,2,-1,-1,-1,3,3,3,0,1,40000,30000,1,30000,25000,85000,60000,1,72000,60000,75000,,,,,5,6,0,2,2,0,0,0,4,4,3,5,1,2,4,1,4,2,3,3,2,2,2,1,,1,,1,,,2,2,,,,,,,1,,1,1,Arizona,85308,3,New York,Hartsdale NY,3,0,5,5,3,3,,,,,1,,3,3,1,,,1,,,1,,
67d6ffe7dad4354b208e186d,8/3/25 10:07,1397,,,.89999998,,69,1,5,1,,4,,1,,,,,,,6,,,1,2,4,5,4,5,5,4,5,5,3,4,2,2,5,2,3,2,3,3,3,4,0,1,50000,32000,1,20000,12000,48000,30000,1,30000,28000,20000,,,,,10,5,0,2,2,0,0,0,2,1,4,5,3,2,4,2,4,2,4,4,3,2,3,3,1,,,1,,,3,3,,,1,,,,,,0,0,California,94546,2,I did not reside in the United States,nairobi,1,0,7,7,1,4,,1,,,,,1,1,1,,,1,,,,,
66a4085b8500773057c30a02,8/3/25 10:10,585,,,1,,70,0,4,1,,4,,1,,,,,,,6,,,1,2,3,4,5,2,3,3,4,5,2,4,2,3,1,3,2,2,3,3,3,3,1,0,60000,65000,2,65000,50000,,,,,,60000,,,,,1,6,0,2,2,0,0,2,4,2,4,5,1,3,2,1,4,2,1,3,1,1,2,1,,1,,,,1,2,2,,,,,,,1,,1,1,Delaware,19977,2,Pennsylvania,Ambler,2,0,5,5,3,2,1,,,,,,2,2,1,,,1,,,,,
676cf85a261dedbddea3e240,8/3/25 10:20,1056,,,1,,51,0,4,1,,3,,,,,,,,,5,,,1,1,2,4,4,3,4,4,2,5,3,5,3,2,4,2,2,2,2,3,4,3,0,1,69000,89000,2,90000,80000,69000,89000,2,88000,80000,65000,,,,,10,10,0,0,0,0,0,0,4,1,2,5,3,4,4,1,5,1,4,4,2,2,2,3,,1,,,,1,3,3,,,,1,,,,,1,1,Texas,79936,3,Texas,El Paso,3,0,7,7,2,6,1,,,,,,1,1,,1,,,1,,,,
60493e65aba91587246602a2,8/3/25 10:23,844,,,.89999998,,71,1,5,1,,3,,,,,,,,,6,,,1,1,1,5,1,1,5,5,4,5,1,2,2,2,1,3,2,2,4,2,4,2,0,1,43000,48000,2,50000,45000,260000,150000,2,180000,100000,180000,,,,,5,6,1,2,2,0,1,2,2,2,3,5,1,4,3,2,4,1,1,4,2,2,2,1,1,,,1,,,3,3,,,,1,,,1,,1,0,California,91202,3,Texas,Houston,3,0,6,6,6,9,,,,,1,,3,3,1,,,1,,,,,
60c76fb5887b0728245b0695,8/3/25 10:24,782,,,1,,73,1,5,1,,5,,1,,,,,,,5,,1,,1,1,5,4,1,5,5,4,5,1,1,3,2,1,1,1,1,2,2,2,2,1,0,19999,25000,1,25000,19999,,,,,,30000,,,,,2,2,0,0,2,0,0,0,5,1,2,5,3,4,4,2,4,2,1,2,3,3,3,1,,1,,,,1,0,0,,,,,,,1,,1,1,Kentucky,40515,2,Kentucky,Louisville,3,0,7,7,3,2,,,,,1,,3,3,1,,,1,,,,,
5ddcd77f23f9f1c2c45d6c18,8/3/25 10:25,1175,,,1,,70,1,5,1,,3,,,,,,,,,6,,,1,1,1,5,2,1,5,5,4,5,1,1,1,2,3,2,-1,2,3,2,2,1,0,1,14000,14000,3,14000,14000,54000,54000,2,54000,54000,50000,,,,,5,10,2,2,2,0,2,2,4,3,2,5,4,1,4,1,5,1,1,4,1,1,1,1,1,,,1,,,0,0,,,,,,,1,,1,0,Florida,33406,2,Florida,West Palm Beach,2,0,5,5,3,3,,,,,1,,3,3,1,,,1,,,,,There were current working questions that gave no option to state that one was retired.
608f2bae0ee0a74455533e4c,8/3/25 10:32,790,,,1,,61,1,4,1,,4,,,1,,,,,,2,,1,,1,1,5,2,1,5,5,1,5,1,1,3,3,2,3,2,3,2,2,2,4,0,1,10000,10000,1,15000,0,255000,65000,1,255000,35000,65000,,,,,5,10,0,2,2,0,0,0,4,1,4,5,2,3,4,2,5,1,3,4,1,1,2,1,,1,,1,,,3,3,,1,,,,,,,1,0,California,95377,1,California,Oxnard,1,0,6,6,3,3,,,,,1,,2,3,1,,,1,,,,,
651d7d5936110a3a7dbf8f0c,8/3/25 10:33,934,,,1,,76,0,1,1,,3,,,,,,,,,3,1,,,3,2,4,4,3,1,1,1,2,2,5,1,2,2,3,1,2,2,2,2,2,1,0,30000,33000,1,33000,30000,,,,,,29000,,,,,1,1,2,2,2,0,2,2,4,2,1,4,3,5,2,1,4,1,1,4,1,1,2,1,1,,,,,1,0,0,,,,,,,1,,1,1,Wisconsin,53818,3,Illinois,Chicago ,3,0,6,7,1,1,,,,,1,,1,1,,1,,,1,,,,
6776cdf98d57e424a247e48a,8/3/25 10:41,576,,,1,,41,1,4,1,,4,,1,1,,,,,,7,,,1,1,1,4,2,2,5,5,2,4,2,5,2,4,2,3,3,2,4,3,4,4,1,0,105000,150000,2,175000,140000,,,,,,80000,,,,,1,1,2,2,2,0,0,0,2,1,2,5,3,4,4,2,5,1,4,4,2,1,2,1,1,,,,,1,0,2,,,,,,,1,,1,0,Colorado,80218,3,Indiana,Indianapolis,2,0,6,6,6,9,1,,,,,,2,3,1,,,1,,,,,"I'm pretty liberal, but do feel that some progressive policies (like the University of Michigan spending $250 million on DEI in less than a decade) have gone too far and alienated voters who just wanted a nice middle class life and vote for their concrete interests."
681147d617bd20de1eb18284,8/3/25 10:42,756,,,1,,54,0,3,1,,3,,,,,,,,,4,,1,,1,1,5,5,5,2,2,4,4,1,1,1,1,1,1,1,1,1,1,1,2,0,1,48000,55000,2,60000,50000,50000,60000,2,60000,50000,80000,,,,,10,10,0,0,0,0,0,0,5,1,3,4,5,2,5,5,4,4,1,1,3,4,3,4,1,,,,1,,1,2,,,,,,,,1,0,0,Louisiana,70127,2,Louisiana,New Orleans,2,0,7,7,4,4,1,,,,,,1,1,,1,,,1,,,,
6068bf5914131f3a1a80a413,8/3/25 10:57,1258,,,1,,70,1,5,1,,5,,1,,,,,,,7,1,,,1,1,5,2,1,5,5,4,5,4,4,1,2,1,2,2,2,3,2,4,4,0,1,66000,70000,2,75000,50000,98000,105000,2,120000,80000,60000,,,,,1,2,0,2,2,0,0,0,2,2,1,4,5,3,2,1,5,1,5,4,1,2,1,1,1,,,1,,,3,3,,,,,,,1,,1,1,Illinois,60014,2,Illinois,Springfield,2,0,9,9,4,6,,,,,1,,3,2,1,,,1,,,,,I am retired and feel secure that social security/medicare will help plus significant investment income
663913a30dfec86f2b19cd9b,8/3/25 11:16,1306,,,1,,62,0,2,1,,2,,,,,,1,,,5,1,,,1,2,5,2,1,5,2,5,5,2,3,3,4,1,3,3,1,3,3,3,4,1,1,42000,250000,3,150000,30000,,250000,2,250000,30000,100000,,,,,1,3,0,0,0,0,0,0,4,2,4,3,5,1,4,4,4,3,3,2,2,1,2,1,1,,,,,1,0,0,,,1,,,,1,,1,1,Virginia,20186,1,Virginia,WARRENTON,1,0,6,6,6,3,1,,,,,,2,2,,1,,,,,,,"no feedback, thank you"
6792b6471c254ba88bc8db34,8/3/25 11:30,818,,,1,,65,1,5,1,,5,,1,,,,,,,7,,1,,1,3,5,1,1,4,4,4,4,2,1,3,4,2,2,3,3,2,2,3,3,0,1,100000,250000,2,500000,50000,200000,600000,2,750000,250000,150000,,,,,5,5,0,0,2,0,0,0,4,3,4,5,2,1,1,5,5,2,4,2,3,3,3,3,1,,,,1,,2,2,,,1,,,,,,1,1,Connecticut,06850,2,Kentucky,Oakdale,1,0,6,7,6,3,,,1,,,,1,3,1,,,1,,,,,
6726d16c98d4b6498e4f2a69,8/3/25 11:38,2786,,,1,,59,1,5,1,,3,,,,,,,,,3,1,,,1,1,5,2,2,5,5,5,5,4,5,1,1,1,1,1,1,1,1,1,3,0,1,1800,200000,2,140000,65000,119000,350000,2,210000,140000,350000,,,,,1,5,0,0,2,0,0,0,1,1,3,4,5,2,1,3,1,1,1,1,1,1,3,1,1,,,1,,,4,4,,,1,,,,,,1,1,Michigan,48864,2,Michigan,Flint,3,0,7,7,1,1,,,,,,1,1,1,,,,,,1,,,Thank you for the opportunity to participate in this survey.
665660045a9a7fa59cdf68b6,8/3/25 11:40,2508,,,1,,91,1,5,1,,3,,,,,,,,,5,,,1,1,1,5,-1,1,5,5,4,5,1,2,1,2,1,-1,-1,-1,1,1,1,2,1,0,14000,14000,2,18000,9000,,,,,,10000,,,,,3,5,0,0,2,0,0,0,4,1,2,4,5,3,4,2,4,1,1,1,1,2,3,1,,1,,,,,5,5,,,1,,,,,,1,1,Florida,32096,1,Florida,Jasper,1,0,2,2,,,,,,,1,,2,2,1,,,1,,,,,
628d2ef4328c2523be26fba7,8/3/25 12:13,1150,,,1,,75,1,5,1,,5,,,,1,,,,,6,,,1,1,1,4,5,2,5,5,4,5,2,2,2,3,5,3,2,2,3,3,3,4,0,1,70000,75000,3,80000,70000,120000,120000,2,130000,110000,100000,,,,,10,10,0,2,2,0,0,2,4,2,1,5,4,3,2,1,5,1,2,4,2,1,1,1,1,,,1,,,2,2,,,1,,,,,,1,1,California,90018,3,California,Fort Riley ,2,0,7,7,3,7,,,,,1,,2,3,1,,,1,,,,,
66c48d4abd6225636bdfd788,8/3/25 12:14,942,,,.89999998,,72,0,5,1,,5,,1,,,,,,,5,1,,,1,1,4,1,1,5,2,4,5,5,1,3,3,1,3,1,1,1,1,3,3,0,0,125000,30000,2,125,12000,125000,,,,,135000,,,,,10,10,2,2,2,0,0,0,4,1,4,5,3,2,3,3,5,3,1,4,2,2,4,2,,1,,1,,,1,1,1,,,,,,,,1,1,Arizona,85630,1,Arizona,Tucson ,2,0,4,4,2,2,,1,,,,,3,3,1,,,1,,,,,
608c451be10e84b9fc005f3e,8/3/25 12:31,1492,,,.89999998,,74,1,4,1,,4,,1,1,,,,,,2,1,,,2,4,3,4,2,4,5,4,5,2,2,2,1,2,2,2,2,3,3,2,3,0,1,25000,20000,1,20000,20000,124500,170000,2,200000,175000,150000,,,,,2,3,0,2,2,0,0,2,2,1,3,2,5,4,2,2,4,2,3,3,2,1,2,4,,1,,,,1,2,2,,,1,,,,,,1,1,Texas,76016,2,Oklahoma,Oklahoma City,3,0,7,7,3,3,,1,,,,,2,2,,,,1,,,1,,
6734e64b089ce7b4090f69fc,8/3/25 12:32,1451,,,1,,65,0,3,1,,3,,,,,,,,,5,,1,,5,4,5,5,5,2,5,4,5,1,5,3,3,5,3,3,2,1,2,2,3,0,1,0,50000,1,50000,10000,51000,50000,1,50000,10000,100000,,,,,1,5,0,0,0,0,0,0,4,1,2,5,4,3,2,4,1,4,3,4,3,3,1,5,1,,,1,,,3,3,,1,,,,,,,1,0,Hawaii,96744,2,California,national city,3,0,4,4,3,2,,,,,,1,1,1,,,1,,1,,,1,
67335e8a302aac96120cc104,8/3/25 13:25,1384,,,1,,83,1,5,1,,5,,1,,,,,,,7,1,,,2,2,4,4,2,4,5,3,4,2,4,3,3,2,2,2,2,2,-1,2,2,0,1,20000,15000,2,10000,10000,20000,15000,2,15000,10000,50000,,,,,4,6,0,0,2,0,0,0,4,1,3,5,4,2,5,1,2,3,2,1,4,2,4,5,,1,,,,1,3,0,,1,,,,,,,0,0,Texas,77007,3,California,Bien Hoa Vietnam,2,0,6,6,6,,,,,,1,,1,1,,,,,,,,,None
66175a5c3da12e0d2c27c97f,8/3/25 14:50,1421,,,1,,56,1,5,1,,5,,,1,,,,,,7,1,,,4,4,5,5,2,4,5,5,4,3,4,1,2,1,2,2,1,1,3,2,2,1,0,37000,40000,2,65000,24000,,,,,,65000,,,,,3,3,0,2,2,0,0,0,4,1,5,2,3,4,4,2,4,3,3,1,1,1,4,5,1,,,,,1,5,0,,,,1,,,,,1,0,California,90042,3,California,Los Angeles,3,0,3,3,3,6,1,,,,,,1,1,,,,,,,,,None
67d64ac905f499cb54151b62,8/3/25 16:26,2720,,,1,,69,1,4,1,,3,,,,,,,,,5,,1,,1,3,4,4,5,4,1,4,4,2,1,3,3,5,3,3,3,4,4,4,4,1,0,95000,120000,2,120000,95000,,,,,,95000,,,,,7,4,0,2,2,0,0,0,4,5,2,3,4,1,4,5,5,2,4,4,2,4,4,5,1,,,,,1,4,0,,,,,,,1,,1,1,Maryland,21228,2,Pennsylvania,Philadephia,2,0,6,7,4,4,,,1,,,,3,1,,1,,,1,,,,
67f073b2479069c86ad23ba5,8/3/25 16:28,922,,,1,,74,1,5,1,,5,,1,,,,,,,7,,,1,1,1,5,4,2,4,5,4,5,1,1,2,3,2,3,2,3,1,2,1,3,0,1,27000,27000,2,30000,27000,97000,120000,2,150000,27000,75000,,,,,10,10,2,2,2,0,2,2,4,4,1,2,5,3,3,2,4,1,3,3,2,2,3,1,,1,,1,,,0,0,,,1,,,,,,1,1,Illinois,60440,2,Illinois,Bolingbrook,2,0,6,6,3,4,,,,,1,,3,3,1,,,1,,,1,,
56d8e4a9d13f6b000e542f4d,8/3/25 4:06,1701,,,1,,70,1,4,1,,4,,1,,,,,,,3,,1,,1,3,5,1,1,5,3,3,5,1,2,2,2,2,1,1,1,1,2,2,1,0,1,14000,14000,3,14000,14000,49000,28000,1,26000,14000,60000,,,,,3,1,0,0,2,0,2,2,5,4,2,5,1,3,4,2,4,4,1,1,1,2,4,5,,1,,1,,,0,0,,,,,,,1,,1,1,California,92104,2,Washington,Bremerton,2,0,6,6,3,2,,,,,1,,2,3,1,,,1,,,,,
6701ad545c80593fccee2e5e,8/3/25 8:29,1229,,,1,,72,1,5,1,,4,,1,,,,,,,5,1,,,1,3,4,1,1,5,5,4,4,3,2,2,3,1,2,1,2,2,2,3,4,1,0,70000,75000,2,75000,65000,,,,,,55000,,,,,5,8,2,2,2,2,2,2,5,2,3,5,1,4,5,1,4,2,1,3,1,2,2,1,,1,,,,1,2,0,,1,,,,,,,1,0,California,94030,2,California,San Francisco ,3,0,6,6,3,1,,,,,1,,2,3,1,,,1,,,,,
559ecce6fdf99b16653fb880,8/3/25 9:26,955,,,.89999998,,32,1,4,1,,5,,,,1,,,,,5,,,1,1,1,5,2,1,5,5,4,5,4,4,2,4,1,1,2,2,4,2,4,2,1,0,47000,64000,1,100000,18000,,,,,,45000,,,0,53000,1,1,2,2,2,0,0,2,3,2,1,3,5,4,4,3,2,3,2,4,4,2,4,5,1,,,,,1,0,0,,,,,,,1,,1,1,Utah,84020,2,Washington,Issaquah,2,0,6,6,7,7,1,,,,,,2,3,1,,,1,,,,,
6712b53345c966536d238e89,8/3/25 9:26,808,,,1,,37,0,1,1,,3,,,,,,,,,1,,,1,3,4,5,5,-1,1,1,2,2,2,5,3,3,1,2,3,3,2,2,4,2,1,0,80000,100000,1,10000,90000,,,,,,500000,,,1,500000,5,5,0,0,0,0,0,0,1,1,4,2,5,3,1,5,4,3,3,3,2,2,2,1,1,,,,,1,0,2,,,,,,,1,,1,1,Massachusetts,01760,2,Massachusetts,Natick,2,0,3,3,6,6,1,,,,,,1,1,,1,,,1,,,,Everything was clear. Have a great day!
678e883a9ac653bfb7ff5f1f,8/3/25 9:27,2850,,,1,,30,1,5,1,,5,,1,1,,,,,,2,,1,,1,1,4,2,1,5,5,3,5,2,3,2,3,5,2,2,2,4,2,3,4,0,1,65000,130000,3,200000,55000,98000,180000,2,230000,85000,90000,,,1,150000,5,8,0,2,2,0,0,2,2,2,5,1,4,3,3,5,5,1,4,3,3,2,2,3,1,,,,1,,1,4,,,1,,,,,,1,0,Michigan,48162,2,Michigan,Detroit,3,4,6,7,4,4,1,,,,,,2,3,1,,,1,,,,,
67ee52fbbc516336cfa87256,8/3/25 9:27,1375,,,1,,37,0,5,1,,4,,,1,,,,,,6,,,1,2,4,5,5,5,4,3,5,5,2,4,3,2,4,2,3,2,3,3,3,3,0,1,150000,140000,2,150000,60000,150000,250000,2,300000,130000,250000,,,1,300000,5,4,0,0,0,0,0,0,2,2,4,1,5,3,4,4,5,1,4,3,2,2,2,1,1,,,1,,,1,4,,,1,,,,,,1,1,Indiana,47501,3,Indiana,New Harmony,1,0,6,7,6,6,1,,,,,,1,1,,1,,,1,,,,The study was clear and easy to understand
675c611268e0e1825a5fe25d,8/3/25 9:27,486,,,.30000001,,31,1,2,1,,3,,,,,,,,,3,,,1,4,4,4,5,4,2,2,2,4,5,5,2,4,2,1,1,1,3,2,2,1,0,1,25000,50000,1,100000,70000,25000,60000,1,120000,90000,45000,,,1,75000,1,2,0,0,2,0,0,0,3,1,3,2,5,4,4,3,1,4,3,1,4,1,5,5,1,,,,,1,0,2,,,,,,,1,,1,1,Indiana,47905,2,Indiana,Lafayette,2,0,5,5,5,3,,,,,,1,1,1,,1,,,1,,,,
66231fc6e1ecba676935943a,8/3/25 9:27,735,,,1,,39,0,3,1,,3,,,,,,,,,5,1,,,2,2,4,4,3,3,2,2,4,1,4,4,3,1,2,2,1,1,3,1,2,1,0,36000,50000,1,80000,50000,,,,,,40000,,,0,40000,5,5,0,0,2,0,0,0,4,2,1,3,4,5,4,3,5,2,3,3,2,2,2,3,1,,,,,1,0,-1,,,,,,,1,,1,1,Idaho,83709,3,Arizona,Phoenix,3,0,5,5,3,4,1,,,,,,1,1,,1,,,1,,,,
5fdfb7d6e1442280fc095a66,8/3/25 9:28,1709,,,1,,33,1,4,1,,4,,,1,,,,,,6,1,,,2,2,5,4,1,5,5,3,4,4,2,2,2,2,2,-1,2,2,3,3,3,1,0,37500,48000,1,45000,35000,,,,,,40000,,,0,45000,3,3,0,2,2,0,0,2,4,1,3,4,2,5,5,3,5,2,3,3,2,2,2,4,1,,,,,1,0,0,,,,,,,1,,1,1,Pennsylvania,19104,3,Pennsylvania,Philadelphia,3,0,6,6,3,7,1,,,,,,3,3,1,,,1,,,,,
5a6c9c583fb6420001c308d7,8/3/25 9:28,511,,,1,,36,1,5,1,,4,,,1,1,,,,,6,,1,,1,1,5,1,1,5,5,5,5,1,1,1,1,1,1,-1,2,2,-1,2,2,1,1,84000,155000,2,175000,70000,,170000,2,160000,100000,115000,,,0,115000,1,1,0,0,0,0,0,0,4,3,1,4,5,2,2,5,4,1,4,3,1,2,3,4,1,,,,,1,0,0,,,,,,,1,,1,1,New York,14225,3,New York,Buffalo,3,3,6,7,6,6,,,1,,,,3,3,1,,,1,,,,,
628e196e63bc7ab9e6c6caea,8/3/25 9:28,553,,,.89999998,,38,1,5,1,,5,,1,,1,,,,,5,,,1,1,1,4,2,1,5,5,5,5,4,1,2,3,1,1,1,1,3,2,2,3,0,1,30000,38000,2,40000,36000,99000,125000,2,130000,115000,99000,,,1,100000,7,5,0,2,2,0,0,0,2,1,2,5,4,3,2,1,4,2,4,2,1,1,2,1,,1,,1,,,3,3,,,,,,,1,,1,1,Ohio,44691,2,Ohio,Sugarcreek,1,0,6,6,6,6,1,,,,,,3,3,1,,,1,,,,,
5cdad620eae6f70019d4e950,8/3/25 9:28,635,,,.89999998,,36,0,4,1,,3,,,,,,,,,3,,,1,2,4,5,5,5,2,4,4,4,3,5,3,4,2,2,2,2,3,2,4,4,1,0,78000,250000,2,500000,100000,,,,,,75000,,,0,85000,1,2,0,2,2,0,0,0,2,2,3,1,4,5,3,3,4,1,3,2,2,1,1,1,1,,,,,1,0,2,,,,,,,1,,1,1,Texas,76016,2,Texas,Dfw,2,0,6,6,6,6,1,,,,,,1,1,,1,,,1,,,,
62a0b34cbcc5987a8fa73c39,8/3/25 9:28,420,,,1,,35,0,3,1,,3,,,,,,,,,2,,,1,2,3,2,4,3,3,1,1,1,3,4,2,3,2,-1,-1,1,1,4,4,1,1,0,11000,40000,1,70000,30000,,,,,,30000,,,0,30000,5,6,0,2,2,0,0,0,3,3,1,4,2,5,5,3,1,3,3,4,3,2,3,5,1,,,,,1,0,-1,,,,,,,1,,1,1,Colorado,80906,2,California,Pleasanton,2,0,6,6,5,7,,,1,,,,1,1,,1,,,1,,,,
670e5e609d33ddb280fab011,8/3/25 9:28,1020,,,1,,39,1,4,1,,3,,,,,,,,,7,,,1,1,1,5,5,2,4,5,5,5,1,4,2,2,1,2,2,1,3,3,3,3,0,1,80000,110000,2,140000,70000,155000,180000,2,160000,130000,150000,,,1,150000,2,3,0,2,2,0,0,2,5,1,2,3,5,4,2,1,4,1,4,1,1,2,1,1,1,,,1,,,2,2,,,,,,,1,,1,1,Florida,33913,2,Wisconsin,Chippewa Falls ,1,0,4,4,3,3,1,,,,,,1,1,,1,,,1,,,,
5dcf6d762e4a050ac2cba07d,8/3/25 9:33,879,1,1,1,,56,1,5,1,,5,,1,,,,,,,1,1,,,1,1,5,1,1,5,5,4,5,1,1,1,2,1,1,1,1,1,2,2,2,1,0,31000,38000,1,42000,24000,,,,,,52000,,,,,1,5,0,0,2,0,0,0,4,1,3,4,2,5,5,1,5,1,5,4,1,2,3,5,1,,,,1,,0,0,,,,,,,1,,1,1,Nevada,89410,2,Ohio,Elizabethtown,2,0,4,4,2,2,1,,,,,,2,3,1,,,1,,,,,
5f0a686635f72917e94c7a63,8/3/25 9:33,755,,,1,,44,1,5,1,,5,,,1,,,,,,6,,,1,5,2,5,1,1,5,5,3,1,1,1,3,4,5,3,3,3,2,2,2,3,1,0,7000,30000,3,45000,25000,,,,,,24000,,,,,10,1,0,2,2,0,0,2,1,5,4,2,1,3,1,5,4,1,5,1,2,2,2,2,,,,,,1,0,0,,,,1,,,,,1,1,Colorado,81022,1,Colorado,Pueblo,1,0,5,6,,,,,1,,,,3,3,,,,,,,,,
668742836c471dcf953ddeb3,8/3/25 9:33,665,,,.89999998,,50,1,5,1,,3,,,,,,,,,4,,1,,1,1,4,1,1,5,5,5,5,2,1,2,3,1,2,2,2,3,4,2,2,1,0,9995,70000,1,90000,50000,,,,,,60000,,,,,1,3,0,0,2,0,0,0,4,4,2,5,3,1,4,5,4,2,3,1,2,2,4,5,,,1,,,1,1,1,,,,,,,1,,1,1,Virginia,22980,2,Virginia,Norfolk,3,0,7,7,4,6,,1,,,,,3,3,1,,,1,,,,,
66b3c29a1b992bc51dbc2fd9,8/3/25 9:33,1160,1,,.30000001,,48,1,4,1,,3,,,,,,,,,7,,,1,1,2,5,2,1,4,5,4,4,1,3,2,3,1,1,1,1,2,4,3,2,0,1,37000,60000,1,90000,40000,140000,200000,1,260000,180000,135000,,,,,7,8,1,2,2,0,0,2,2,3,1,5,4,2,4,2,4,3,3,3,3,2,2,1,,1,,1,,,2,2,,,,,,,1,,1,0,Connecticut,06032,2,Connecticut,New Britain,2,0,6,6,4,8,1,,,,,,3,3,1,,,1,,,,,
5e2e34ba77d2c74148d7d0d2,8/3/25 9:33,437,,,1,,44,1,5,1,,3,,,,,,,,,7,,1,,2,2,4,2,1,5,5,3,4,3,2,2,2,1,2,2,2,1,2,2,3,0,1,15000,30000,2,30000,20000,65000,90000,2,100000,80000,80000,,,,,1,1,0,0,0,0,0,0,4,1,4,5,3,2,4,2,4,2,4,2,2,2,2,1,,1,,1,,,2,2,,,,,,,1,,1,1,New York,14217,2,New York,Batavia,2,4,6,7,4,5,,1,,,,,3,3,1,,,1,,,,,
5eeceff127e0dd0cedfc363c,8/3/25 9:33,659,,,1,,33,0,4,1,,3,,,,,,,,,6,,1,,2,1,4,4,3,4,4,4,5,1,4,3,3,2,2,2,2,3,2,3,3,0,1,15000,75000,3,80000,60000,115000,200000,2,175000,150000,70000,,,0,120000,1,2,0,0,2,0,0,0,2,3,2,4,1,5,4,1,4,2,4,3,1,1,2,3,,1,,,1,,0,0,,,,,,,1,,1,1,Georgia,30252,2,Missouri,Creve Couer,2,2,6,6,9,6,,,,1,,,1,3,,1,,,,,,,
65fcdef120c3e7513256ac68,8/3/25 9:33,680,,,1,,37,0,3,1,,3,,,,,,,,,2,,1,,2,1,4,2,4,1,1,2,2,1,4,2,3,1,2,1,2,1,-1,1,2,1,0,52000,75000,1,100000,50000,,,,,,36000,,,0,40000,1,1,0,2,2,0,0,0,4,4,2,5,1,3,5,5,4,1,4,1,3,1,2,5,,1,,,,1,0,0,,,,,,,1,,1,1,Texas,76028,2,Texas,McKinney,2,0,6,6,7,3,,,1,,,,1,1,,1,,,1,,,,Everything was clear and the length was just right!
6314c1e76c3f71e2127f1976,8/3/25 9:33,734,,,.89999998,,44,1,5,1,,3,,,,,,,,,6,1,,,1,3,1,4,5,3,4,2,3,2,4,1,1,4,2,3,1,-1,-1,5,1,1,0,24000,100000,1,500000,75000,,,,,,100000,,,,,3,5,0,0,0,0,0,0,4,1,3,5,4,2,5,4,3,2,2,1,5,2,2,5,1,,,,,1,0,0,,,,,,,1,,1,1,Nevada,89122,2,Florida,Port Charlotte ,2,0,3,3,6,,,,,,,1,2,2,,,,,,,,,I appreciate the fast survey. Thanks so much 
672e2c87c32435e0ac0d5fd8,8/3/25 9:33,631,,,1,,32,0,3,1,,2,,,,,,,,1,5,,,1,2,4,5,4,4,4,3,2,4,2,4,1,2,2,1,2,2,1,2,2,3,1,1,35000,45000,2,60000,40000,,50000,2,60000,40000,30000,,,0,30000,8,5,0,0,2,0,0,0,4,1,2,5,4,3,5,4,4,2,4,4,2,1,2,4,1,,,,,1,0,0,,,1,,,,,,1,1,Indiana,47421,2,Virginia,Petersburg,2,2,5,6,4,4,1,,,,,,2,3,,1,,1,,,1,,
664a2576c186a92bea807d24,8/3/25 9:33,1558,,,1,,40,1,5,1,,4,,1,1,,,,,,7,1,,,1,1,5,1,3,5,5,3,5,2,2,3,4,4,1,2,2,2,2,3,2,0,1,20000,35000,1,50000,20000,50000,70000,1,80000,50000,60000,,,,,2,1,0,0,2,0,0,2,4,1,2,5,4,3,4,5,3,3,4,1,4,2,3,4,,1,,1,,,0,0,,,,,,,1,,1,1,Louisiana,70115,3,Colorado,Denver,2,0,4,4,4,4,,1,,,,,3,3,1,,,1,,,1,,I chose left-wing biased due to the beginning questions being about supporting low income individuals more. Republicans tend to support the rich and their policies so not help low income most of the time.
55bd8669fdf99b5bfc7d4cfc,8/3/25 9:33,1690,,,1,,31,1,4,1,,4,1,1,1,,,,,,6,,,1,1,5,5,5,3,5,4,4,4,3,1,3,3,2,-1,3,3,3,4,3,3,0,1,33000,250000,2,500000,100000,75000,450000,2,500000,200000,200000,,,1,300000,3,1,0,2,2,0,2,2,2,2,1,4,3,5,4,4,4,3,4,3,3,2,2,3,1,,,,,1,0,5,,,1,,,,,,1,1,South Carolina,,2,South Carolina,,2,0,4,7,3,3,1,,,,,,2,2,1,,,1,,,,,
66562875b665d8e2b1b6fc66,8/3/25 9:33,530,,,1,,54,1,4,1,,5,,1,,,,,,,5,1,,,2,1,5,5,1,-1,5,5,5,3,5,2,2,1,1,1,-1,3,3,3,1,1,0,39000,40000,1,45000,35000,,,,,,80000,,,,,1,1,0,0,2,0,0,0,3,1,2,5,4,3,2,1,4,2,3,1,3,2,5,5,,1,,,,1,1,1,,,,,,,1,,1,1,Virginia,24551,1,Virginia,Lynchburg,3,0,4,4,4,3,1,,,,,,2,1,,1,,,1,,,,
5e5af8b94b50982f2222d279,8/3/25 9:33,1087,,,.89999998,,34,1,5,1,,4,,,,1,,,,,6,1,,,1,2,5,5,3,5,5,3,5,5,4,3,4,1,2,2,2,3,2,1,3,1,0,65000,120000,2,150000,80000,,,,,,50000,,,1,100000,2,5,0,1,2,0,0,0,3,2,4,1,5,3,3,3,3,3,3,2,3,2,3,4,1,,,,,1,2,4,,,,1,,,,,1,1,Colorado,80235,2,Colorado,Lakewood,2,0,6,6,3,4,1,,,,,,2,1,,1,,,1,,,,
66b828d453598bcca42608c1,8/3/25 9:33,953,,,1,,30,0,3,1,,1,,,,,,,1,,3,,1,,4,5,5,5,4,2,1,1,4,1,5,3,3,2,3,3,2,4,4,5,4,0,1,150000,200000,2,220000,185000,375000,550000,2,500000,450000,375000,,,1,450000,1,1,0,0,2,0,0,0,2,1,2,4,3,5,2,3,5,1,4,4,2,2,1,2,,1,,1,,,0,2,,,,,,,1,,1,1,New York,10801,3,New York,Westchester County,2,0,7,7,5,7,1,,,,,,1,1,,1,,,1,,,,
663dff19b292e4e2c5c11a1b,8/3/25 9:33,576,,,1,,42,1,4,1,,4,,1,,,,,,,5,,1,,2,2,4,4,2,4,4,4,5,1,2,2,2,2,2,2,2,2,3,3,4,0,1,199000,100000,2,110000,95000,199000,210000,2,220000,180000,175000,,,,,1,5,0,0,2,0,0,0,4,1,2,3,4,5,2,1,5,2,4,1,2,2,2,1,,1,,1,,,3,3,,,,,,,1,,1,1,North Dakota,58078,1,North Dakota,Jamestown ,1,0,7,7,3,3,1,,,,,,3,3,1,,,1,,,1,,
5ea5dd6605b5170963934a65,8/3/25 9:33,575,,,.89999998,,55,0,3,1,,3,,,,,,,,,5,,,1,1,3,5,2,-1,4,-1,-1,3,-1,3,1,1,1,1,1,1,3,3,3,2,0,1,2000,30000,1,40000,30000,90,35000,1,125000,30000,100000,,,,,10,10,0,2,2,0,0,0,4,1,3,5,2,4,5,5,4,4,1,3,4,2,4,1,1,,,1,,,2,2,,,,,,,1,,1,1,New Jersey,07030,2,New Jersey,Hoboken,3,0,6,6,3,3,,,,,,1,2,2,,,1,,,1,,,
5e0696dea7fba607951ae479,8/3/25 9:33,896,,,1,,40,1,5,1,,5,1,1,1,,,,,,6,,1,,2,4,5,5,4,5,5,4,4,4,4,1,2,2,2,3,2,1,2,2,4,0,1,30000,50000,3,55000,40000,75000,90000,2,95000,65000,80000,,,,,3,5,0,2,2,0,0,0,4,2,3,4,5,1,5,4,5,1,5,3,2,1,2,5,1,,,,,1,0,0,1,,1,1,,,,,1,1,Texas,79423,3,Texas,Tahoka,1,0,4,4,3,3,1,,,,,,2,2,,,,,,,,,very good and interesting project
656c1adbdb298e7230d7b396,8/3/25 9:33,1283,,,1,,55,1,5,1,,3,,,,,,,,,7,,1,,1,4,5,2,1,1,5,5,5,2,3,1,2,1,1,1,2,3,3,2,1,1,0,3000,3000,1,5000,2000,,,,,,85000,,,,,10,6,0,0,2,0,0,0,2,4,2,3,5,1,4,4,1,4,1,1,3,1,4,5,,1,,,,,1,1,,,,1,,,,,0,0,North Carolina,28054,3,North Carolina,Gastonia,3,0,4,5,1,1,,,,,1,,3,3,1,,,1,,,,,
681269c2ef9ca43142682cf6,8/3/25 9:34,1300,,,.89999998,,69,0,4,1,,3,,,,,,,,,7,,,1,1,3,5,1,1,5,5,2,5,2,4,2,3,4,2,2,2,3,2,4,3,1,0,60000,60000,3,70000,32000,,,,,,50000,,,,,2,2,0,0,2,0,0,0,4,2,5,3,1,4,5,1,5,1,4,4,1,3,2,4,,1,,,,1,0,0,,,,,,,1,,1,1,Florida,33141,3,Pennsylvania,Philadelphia ,3,0,7,7,7,6,,,,,1,,3,3,1,,,1,,,,,"Many of your questions needed a “N/A” choice. For example, there were a few questions about my job, losing my job, etc, but I don’t have a job because I am retired. (I answered based on my last job). Also, for example, your question about owning a house implies that someone would want to own a house. I could own a house based on my finances (which is how I answered), but I have no desire to own a house. Same with starting a business. I could, but I have no desire to. "
59b2d1e1773f41000148789e,8/3/25 9:34,460,,,1,,40,1,5,1,,3,,,,,,,,,7,1,,,1,5,5,5,-1,5,5,5,5,5,2,1,1,1,1,1,1,1,-1,1,2,0,1,10000,30000,1,40000,35000,90000,120000,1,150000,130000,150000,,,,,6,1,0,1,2,0,0,0,2,3,1,5,4,2,4,3,2,4,1,3,4,3,3,5,,1,,1,,,0,0,,,,,,,1,,1,0,Ohio,45202,3,New York,Queens,3,0,6,6,5,3,,,1,,,,3,3,1,,,1,,,,,
668696f692c9437b43935373,8/3/25 9:34,979,,,1,,35,1,5,1,,5,1,1,,,,,,,2,,,1,1,1,4,2,4,4,5,5,5,4,2,2,2,1,1,1,1,2,3,2,1,1,1,50000,45000,2,40000,43000,,48000,1,490000,47000,50000,,,0,75000,5,4,0,0,0,0,0,0,4,1,2,4,5,3,2,4,1,4,2,1,2,2,4,5,,1,,1,,,0,0,,,1,,,,,,1,1,New Jersey,08049,2,New York,Queens,3,0,3,5,5,3,1,,,,,,2,1,,,,,,,,,none
67d1f2ad2c0c47c40dd3d335,8/3/25 9:34,1968,,,1,,73,1,5,1,,5,,,,1,,,,,7,,,1,1,1,5,4,1,5,5,5,5,1,1,2,2,1,3,2,2,1,1,2,3,1,0,55000,60000,1,60000,40000,,,,,,45000,,,,,10,10,0,2,2,0,0,2,4,2,4,5,3,1,4,2,5,1,1,4,1,1,2,1,1,,,1,,,2,3,,,1,,,,,,1,1,Georgia,30083,2,Louisiana,Baton Rouge,3,0,7,7,1,1,,,,,1,,3,3,1,,,1,,,,,Nothing more-survey was fair and appropriate time length
5588b04ffdf99b7a91e75ddb,8/3/25 9:34,980,,,1,,58,1,5,1,,5,,,,1,,,,,5,1,,,1,2,4,2,1,5,5,5,5,1,4,1,1,1,1,1,2,3,3,3,2,1,0,40000,60000,1,80000,25000,,,,,,55000,,,,,1,4,0,2,2,0,0,2,2,2,1,3,5,4,5,5,4,2,5,3,1,1,3,5,1,,,,,1,0,0,,,,,,,1,,1,1,Colorado,80246,2,New Jersey,East Hanover,2,0,4,4,3,7,1,,,,,,1,3,1,,,1,,,,,easy enough/no issues! Thank you :)
5d42486206811e001ada5b4b,8/3/25 9:34,605,1,1,1,,49,1,5,1,,5,,1,1,,,,,,7,,1,,1,1,5,5,4,5,5,2,2,1,4,3,2,4,3,3,3,3,3,3,4,1,0,66500,80000,2,85000,50000,,,,,,55000,,,,,10,8,0,0,0,0,0,0,1,2,3,5,4,1,4,2,5,1,3,4,1,1,1,1,1,,,,,1,2,2,,,,,,,1,,1,1,Tennessee,37724,2,Pennsylvania,chadds ford,2,0,3,3,3,3,1,,,,,,3,3,1,,,1,,,1,,Nothing it was confusing.Everything in this study was good
5ceac8abb5a9d90001c07ec0,8/3/25 9:34,492,,,1,,34,1,5,1,,5,,1,,,,,,,7,,,1,1,1,5,5,1,5,5,5,5,5,1,2,2,1,1,1,1,1,-1,1,2,1,0,50000,65000,2,65000,60000,,,,,,65000,,,1,65000,1,1,0,0,0,0,0,0,4,1,2,5,3,4,2,1,5,1,4,1,1,1,1,5,,1,,,,1,2,2,1,,,1,,,,,1,0,Texas,77845,2,Texas,Madisonville,2,0,6,6,3,1,1,,,,,,3,3,1,,,1,,,,,
5adea08aeb60400001538a6f,8/3/25 9:34,739,,,1,,36,1,4,1,,4,,1,,,,,,,6,,,1,1,2,5,4,1,5,4,4,5,1,3,1,2,1,2,2,2,4,4,3,2,0,1,34000,38000,1,65000,15000,51000,64000,1,90000,25000,30000,,,0,34000,2,4,2,2,2,0,1,2,2,2,1,4,5,3,5,2,2,4,2,2,4,2,4,4,,1,,,1,,0,0,,,,,,,1,,1,1,Pennsylvania,16001,2,Pennsylvania,Butler,2,0,7,7,7,3,1,,,,,,3,3,1,,,1,,,,,
630981b0f861918e8174a43e,8/3/25 9:34,841,,,1,,42,1,4,1,,4,,,1,,,,,,6,1,,,1,2,5,3,3,3,3,3,4,2,3,1,2,2,2,2,2,-1,-1,3,3,1,1,45000,50000,1,70000,45000,,125000,1,150000,45000,45000,,,,,2,2,2,2,2,0,2,2,1,1,2,4,5,3,4,1,5,2,3,4,3,1,2,1,1,,,,,1,0,0,,,,,,,1,,1,1,Texas,76657,1,Texas,McGregor,1,0,9,9,3,4,1,,,,,,2,2,1,,,1,,,,,
59f5c7f405d1d60001f14399,8/3/25 9:34,544,,,1,,46,0,3,1,,2,,,,,,,1,,3,,1,,4,3,5,4,2,5,2,4,4,2,4,2,4,3,2,2,1,1,3,2,2,1,0,38000,46000,2,60000,35000,,,,,,48000,,,,,5,8,0,2,2,0,0,0,2,3,5,4,2,1,5,3,5,1,5,2,2,2,2,4,,1,,,,1,0,0,,,,,,,1,,1,1,Florida,34655,2,Maine,Dexter,1,0,6,6,3,5,1,,,,,,1,3,,1,,1,,,,,
660eab035821349c9d01e870,8/3/25 9:34,816,,,1,,59,1,5,1,,4,,,1,,,,,,7,,1,,1,3,5,3,2,5,5,3,5,2,2,1,2,2,2,2,-1,1,4,2,2,1,0,50000,120000,2,80000,65000,,,,,,65000,,,,,1,1,0,2,2,0,0,0,4,2,5,4,3,1,2,4,5,1,3,2,1,1,2,4,1,,,,,1,0,0,,,,,,,1,,1,1,Oregon,97223,2,Oregon,Milton Freewater,1,0,4,5,6,6,1,,,,,,3,3,1,,,1,,,1,,Great short Survey. Thanks for including me!
5f285dc5b09b3715fa20a14c,8/3/25 9:34,1032,1,1,1,,59,1,5,1,,3,,,,,,,,,7,1,,,2,3,4,4,2,5,5,3,5,1,5,1,2,1,1,1,1,1,1,2,1,0,1,12000,12000,3,12000,12000,42000,42000,2,42000,42000,60000,,,,,3,3,0,0,2,0,0,0,4,2,1,5,3,4,2,1,4,1,3,2,4,2,2,5,,1,,,,1,0,0,,,,,,,1,,1,1,Illinois,60656,3,Illinois,Schiller Park,2,0,4,4,4,4,,,,,1,,3,1,1,,,1,,,,,none thank you
63251e479509813fab713ad2,8/3/25 9:34,1099,,,1,,41,0,2,1,,3,,,,,,,,,1,1,,,1,2,5,4,4,1,1,1,1,1,4,4,3,1,2,3,2,4,4,3,5,1,0,10000,45000,2,70000,25000,,,,,,60000,,,,,1,1,0,0,2,0,0,0,2,1,5,2,3,4,4,2,2,1,4,1,1,1,2,4,1,,,,,1,0,-1,,,,,,,1,,1,1,California,92647,2,California,Huntington Beach,2,0,6,6,5,6,,,1,,,,1,1,,1,,,1,,,,
606e3ddf19540080228e3a0c,8/3/25 9:34,549,,,1,,34,1,5,1,,3,,,,,,,,,7,,1,,1,3,5,1,1,5,4,5,5,1,1,2,4,2,2,2,2,3,3,3,3,1,1,66000,80000,1,85000,73000,,77000,1,200000,73000,65000,,,0,78000,1,1,2,2,2,0,0,0,2,3,1,5,4,2,4,1,5,1,3,3,1,2,1,3,,1,,,,1,0,0,,,,,,,1,,1,1,Ohio,43235,2,Ohio,columbus,3,0,7,7,6,6,1,,,,,,3,3,1,,,1,,,,,
674e9d2dc9258334f9e62811,8/3/25 9:34,1673,,,1,,51,0,2,1,,1,,,,,,,,1,1,,,1,1,1,5,5,5,4,1,2,5,3,4,3,4,1,3,3,3,3,3,3,5,0,1,500000,250000,2,250000,150000,750000,500000,2,1500000,350000,1250000,,,,,2,1,0,0,2,0,0,0,5,3,2,4,5,1,1,5,5,1,5,4,1,1,1,2,1,,,1,,,0,5,,,1,,,,,,1,1,California,90274,2,California,Oakland,3,0,4,6,7,3,,,1,,,,1,1,,,,,1,,1,,The survey length was fine and I enjoyed myself. Thank you.
670692b29cd73b506df2f3dc,8/3/25 9:34,604,,,1,,40,1,1,1,,0,,,,,,,,,7,1,,,1,1,5,5,4,4,5,4,5,2,4,2,4,1,1,-1,2,2,2,3,3,1,0,30000,50000,2,75000,0,,,,,,40000,,,,,9,4,0,0,0,0,0,0,4,3,5,1,2,4,4,3,4,2,4,1,2,3,2,5,1,,,,,1,0,0,,,,,,,1,,1,1,Kansas,67846,2,Kansas,wichita,2,0,3,4,2,2,1,,,,,,2,2,,,,,,,1,,"Questions were easy to understand. As for 1000 now or later, the way people are struggling even it is worth waiting most people will take the 1000 now because of the struggle."
58a53fd327c3bb00014e74e2,8/3/25 9:34,463,,,1,,53,1,5,1,,3,,,,,,,,,7,1,,,1,1,5,2,1,5,5,4,4,1,1,2,3,1,1,2,1,2,4,4,1,1,0,22000,35000,2,45000,30000,,,,,,30000,,,,,1,2,0,0,0,0,0,0,5,3,1,4,2,5,5,5,1,4,2,1,5,1,2,5,,1,,,,,0,0,,,,,,,1,,1,1,Illinois,60659,3,Illinois,Lake Zurich,2,0,6,6,3,3,,,1,,,,3,3,1,,,1,,,,,"It was an interesting and insightful survey, and was a reasonable length. "
5eed1bae9e63ac127ac15a77,8/3/25 9:34,654,,,1,,61,1,5,1,,4,,,,1,,,,,2,,,1,1,1,4,1,1,4,5,3,-1,1,2,1,2,2,2,2,2,-1,-1,3,2,1,0,31800,32000,1,35000,15000,,,,,,40000,,,,,2,5,2,2,2,0,0,2,2,4,2,5,1,3,5,5,4,3,2,2,1,2,3,1,1,,,,,1,0,0,,,,,,,1,,1,1,Arizona,85208,2,Michigan,Detroit,2,0,4,4,3,5,,,1,,,,2,2,1,,,1,,,,,"One question early on seemed biased.  It asked why my thinking on redistribution of wealth 'improved'. It changed, but 'improved' is a value judgement."
5a459ab2ee927b0001e1e1e2,8/3/25 9:34,1458,,,1,,59,1,2,1,,2,,,,,,,1,,3,1,,,5,3,3,5,5,4,2,3,4,2,5,3,2,2,1,-1,1,2,2,3,2,0,1,49000,40000,2,55000,25000,89000,75000,2,90000,50000,65000,,,,,3,10,0,2,2,0,0,2,2,1,2,3,5,4,3,2,2,3,3,2,2,2,3,1,,1,,1,,,2,2,,,,,,,1,,1,1,Alabama,36869,2,Alabama,Phenix City,2,0,6,6,3,6,1,,,,,,2,2,,1,,,1,,,,
5cbe04b4f429ff00159de30e,8/3/25 9:34,1173,,,1,,39,1,3,1,,1,,,,,,,1,,1,1,,,1,5,5,3,4,5,1,2,2,1,4,4,3,5,3,3,2,2,3,3,3,1,1,65000,200000,1,100000,80000,,250000,1,150000,100000,70000,,,1,100000,2,5,0,2,2,0,0,2,2,1,5,4,3,2,3,2,3,2,3,1,3,2,5,4,,1,,,,1,1,3,,,1,,,,,,0,0,Texas,76017,3,I did not reside in the United States,Harare,2,0,6,6,1,1,1,,,,,,1,2,1,,,1,,,,,
674934b4b6bd253249a72d63,8/3/25 9:35,1883,,,1,,54,0,3,1,,2,,,,,,,1,,2,,1,,3,4,5,1,4,2,2,5,5,2,5,3,3,2,3,2,2,2,2,1,4,1,0,175000,200000,2,225000,175000,,,,,,75000,,,,,10,10,0,2,2,0,0,2,1,1,5,3,4,2,2,4,5,2,4,4,1,1,2,1,1,,,,,1,0,0,,,,,,,1,,1,1,Utah,84088,2,Utah,Midvale,2,0,5,5,2,3,1,,,,,,1,1,1,,,1,,,,,
58f0fca0d40252000192f201,8/3/25 9:35,711,,,1,,44,0,3,1,,2,,,,,1,,,,5,,1,,2,1,5,2,5,1,2,2,3,2,4,1,3,2,3,3,3,4,2,3,4,0,1,90000,115000,2,150000,85000,185000,250000,2,350000,150000,125000,,,,,2,2,2,2,2,0,0,2,2,2,3,5,1,4,4,2,5,1,4,3,1,2,2,1,1,,,1,,,2,2,,,,,,,1,,1,1,New York,10920,2,New York,Congers,2,0,7,7,6,7,1,,,,,,1,3,,1,,,1,,,1,
6152dd29c508b8bfb5b157cc,8/3/25 9:35,879,,,1,,31,1,5,1,,3,,,,,,,,,7,1,,,1,1,4,3,1,5,5,4,5,1,4,2,3,1,1,1,1,4,3,3,1,1,0,35600,40000,2,45000,35600,,,,,,60000,,,0,70000,5,5,0,0,0,0,0,0,4,1,5,2,4,3,5,1,4,2,2,1,1,1,2,5,1,,,,,1,0,0,,,,,,,1,,1,1,Arkansas,72903,3,Ohio,Whitehall,3,2,4,5,4,7,1,,,,,,2,2,,,1,1,,,,,
6813e003857b2e9a8b18ace7,8/3/25 9:35,1536,,,.89999998,,50,0,1,1,,3,,,,,,,,,1,,,1,4,1,5,3,3,4,1,3,4,2,1,3,3,5,3,3,-1,2,3,4,4,0,1,50000,100000,2,200000,100000,250000,250000,3,275000,250000,175000,,,,,3,10,2,2,2,0,0,2,1,2,1,4,5,3,1,3,5,1,5,4,1,1,1,1,,1,,1,,,2,2,,,,,,,1,,1,1,Massachusetts,01915,2,Massachusetts,Brockton,3,0,4,4,2,2,,1,,,,,1,1,,1,,,1,,,,I found all of the questions to be very clear 
5cd6c1197b871a0001b13589,8/3/25 9:35,524,1,1,1,,64,1,5,1,,3,,,,,,,,,7,1,,,1,3,5,1,1,5,5,5,5,3,-1,2,1,2,1,1,1,2,2,3,2,1,0,12000,12000,3,12000,10000,,,,,,50000,,,,,1,1,0,0,2,0,0,0,3,3,1,4,5,2,5,1,5,1,5,1,1,1,1,1,,1,,1,,,1,1,,,,,,,1,,1,1,New York,14036,1,New York,buffalo,2,0,3,3,3,3,1,,,,,,2,2,1,,,1,,,,,
67449b2d46dfbc02a0f083b3,8/3/25 9:35,645,,,1,,47,1,5,1,,3,,,,,,,,,7,1,,,1,1,5,2,2,5,5,5,5,1,2,1,2,1,2,1,2,4,4,1,4,0,1,90000,105000,1,120000,100000,110000,125000,1,140000,110000,125000,,,,,4,4,0,2,2,0,0,2,2,2,1,5,4,3,2,4,5,1,1,2,2,1,3,1,1,,,1,,,4,4,,,,,,,1,,1,1,South Dakota,57201,1,North Dakota,Bismarck,2,0,6,7,7,6,1,,,,,,3,3,1,,,1,,,,,Liberal isn't the opposite of conservative  :)
5f85f217f845b10f388f2ce7,8/3/25 9:35,640,,,1,,54,1,5,1,,5,,,,1,,,,,7,1,,,1,3,5,1,2,5,5,5,5,4,1,2,1,1,1,1,1,2,-1,3,1,0,1,25000,25000,1,30000,20000,25000,30000,1,35000,20000,40000,,,,,1,1,0,0,0,0,0,0,3,1,2,3,4,5,4,2,1,3,3,1,4,3,5,5,,1,,,,1,2,2,,,,,,,1,,1,1,North Dakota,58501,2,California,Coarsegold,3,0,4,4,4,,1,,,,,,3,2,1,,,1,,,,,
6616f3edc5e596af9113da49,8/3/25 9:35,635,,,1,,62,1,5,1,,3,,,,,,,,,6,,,1,1,1,5,1,1,5,5,1,4,1,1,2,2,1,2,2,1,2,4,4,2,1,0,35000,50000,2,55000,30000,,,,,,48000,,,,,2,2,0,0,2,0,0,0,4,3,1,5,2,4,5,3,2,3,2,2,1,4,4,5,,1,,,,1,0,0,,,,,,,1,,1,1,California,90066,3,California,Claremont,2,0,6,6,7,6,1,,,,,,3,3,1,,,1,,,,,Nothing at this time.
5beccd423b6489000156596f,8/3/25 9:35,1233,,,1,,42,1,5,1,,5,1,,,,,,,,7,,1,,1,1,5,3,1,5,5,5,5,5,1,2,2,1,2,2,1,3,3,3,3,0,1,30000,50000,1,40000,30000,82000,110000,1,110000,85000,100000,,,,,6,10,0,0,0,0,0,0,4,1,2,4,5,3,1,3,5,2,5,1,2,1,2,1,,1,,1,,,3,3,,,,,,,1,,1,1,Ohio,44515,2,Florida,Royal Palm Beach,2,0,6,6,6,6,,1,,,,,3,3,1,,,1,,,1,,Survey length was appropriate. 
5f4d07b4fae27694de8f5af1,8/3/25 9:35,666,,,1,,58,1,5,1,,5,,,1,,,,,,6,,,1,1,1,5,1,1,5,5,3,5,5,2,1,2,3,2,2,3,2,2,2,4,0,1,55000,60000,1,85000,25000,165000,180000,1,200000,50000,130000,,,,,6,5,0,2,2,0,0,0,4,4,1,5,2,3,2,1,4,2,3,4,3,2,2,3,,1,,1,,,3,3,,,,,,,1,,1,1,Ohio,43015,2,Ohio,Kalida,1,0,6,6,3,3,,1,,,,,3,3,1,,,1,,,1,,
65ecc3670bbda5b4fb282ce1,8/3/25 9:35,962,,,1,,56,1,5,1,,4,,,1,,,,,,7,1,,,1,1,5,5,1,3,4,4,4,2,2,1,2,4,1,1,1,2,3,3,3,1,0,56000,60000,2,65000,55000,,,,,,40000,,,,,3,5,0,2,2,0,0,2,2,1,2,4,5,3,4,3,5,1,4,2,1,1,2,1,,1,,,,1,2,2,,,,,,,1,,1,1,Iowa,52601,2,Illinois,Monmouth ,2,0,6,6,3,3,1,,,,,,2,2,,1,,,,,,,
58642f4de16d530001b34622,8/3/25 9:35,1561,1,1,1,,65,1,5,1,,5,1,,,,,,,,7,1,,,1,5,5,5,5,4,5,2,5,1,4,1,1,1,2,2,1,3,3,2,2,1,1,35000,35000,1,35000,35000,,35000,1,60000,35000,60000,,,,,1,1,0,0,0,0,0,0,4,2,3,4,5,1,4,2,4,3,5,1,2,2,2,5,1,,,,1,,5,5,,,,,,,1,,1,1,Idaho,83204,3,Idaho,"Madison, Wisconsin",3,0,4,4,3,3,1,,,,,,1,1,,1,,,1,,,1,
66b8d74a8ce8e0d943a6b205,8/3/25 9:35,889,,,1,,39,1,1,1,,2,,,,,1,1,,,5,,,1,1,1,5,1,1,5,5,5,5,5,5,2,2,1,1,1,1,2,2,4,3,1,0,60000,450000,2,900000,25000,,,,,,120000,,,0,175000,1,1,0,0,0,0,0,0,3,2,5,4,1,3,3,3,4,2,4,4,4,4,2,5,,1,,,,1,0,0,,,,,,,1,,1,1,Massachusetts,01803,2,Massachusetts,Boston,3,0,6,6,7,5,1,,,,,,3,3,1,,,1,,,,,thanks!
62c08fa6cab36e3a08790b49,8/3/25 9:35,536,,,1,,70,1,5,1,,4,,,1,,,,,,6,,1,,1,1,5,2,1,5,5,1,2,1,4,2,1,2,2,1,1,3,3,4,2,1,0,40000,50000,2,65000,50000,,,,,,40000,,,,,4,1,0,0,2,0,0,0,2,2,5,3,4,1,2,1,4,1,2,4,1,1,1,1,1,,,,,1,2,2,,,,,,,1,,1,1,District of Columbia,20007,3,Massachusetts,southboro,2,0,7,7,3,7,,,,,1,,2,3,1,,,1,,,,,
5969496f06679c00014b818e,8/3/25 9:35,715,,,1,,45,1,5,1,,5,,1,,,,,,,7,,1,,1,1,5,5,3,5,5,4,5,5,1,1,2,1,2,2,2,3,3,2,3,1,0,57000,80000,2,75000,58000,,,,,,70000,,,,,5,2,0,0,0,0,0,0,2,1,4,2,5,3,1,4,5,2,5,4,1,2,2,1,1,,,1,,,2,2,,,,,,,1,,1,1,Florida,32609,3,Florida,Gainesville,3,0,5,6,4,3,1,,,,,,3,3,1,,,1,,,,,
616b5241d8eb9504f10a5cb2,8/3/25 9:35,925,,,1,,60,1,5,1,,5,,1,,,,,,,7,,,1,2,1,5,2,1,5,5,2,5,2,5,2,2,5,3,2,-1,1,2,1,4,0,1,125000,60000,2,80000,35000,140000,90000,2,110000,50000,150000,,,,,10,1,0,0,2,0,0,2,4,3,1,5,2,4,4,5,5,3,2,4,3,2,1,1,,1,,1,,,2,2,,,,,,,1,,1,0,California,94590,3,California,San Fransisco ,3,0,2,6,3,3,1,,,,,,1,1,,1,,,1,,,,n/a
5f0c7ea47cf1495f4587f741,8/3/25 9:35,557,,,1,,49,1,4,1,,4,,,,1,,,,,7,,1,,1,1,4,5,4,4,5,4,5,1,1,2,2,3,1,2,2,2,2,2,2,0,1,48000,78000,2,100000,75000,59000,110000,1,125000,100000,75000,,,,,1,1,2,2,2,0,2,2,2,2,4,5,3,1,4,1,5,1,4,3,2,4,1,2,,1,,1,,,0,0,,,,,,,1,,1,1,Arizona,85929,1,Arizona,Flagstaff,2,0,7,7,3,3,1,,,,,,1,1,,1,,,1,,,,"Nothing confusing, survey very appropriate. Thanks for letting me participate. "
653e815427effbcf60fd50e5,8/3/25 9:35,811,,,1,,58,1,4,1,,4,,1,,,,,,,1,,1,,1,2,5,2,2,5,5,2,4,1,1,2,2,2,2,2,3,2,2,3,3,1,0,145000,100000,2,100000,80000,,,,,,140000,,,,,10,5,1,2,2,0,2,2,2,1,3,5,4,2,4,2,5,1,2,3,2,2,2,1,1,,,1,,,2,2,,,,,,,1,,1,1,South Carolina,29651,2,West Virginia,Kenova,1,0,6,6,3,3,1,,,,,,2,3,1,,,1,,,,,"FYI, when asking my estimated income in 10 years I will be retired so my amounts  were lower than current salary."
66bdf79c29a4dd71ff4de0d0,8/3/25 9:35,704,,,1,,30,1,5,1,,4,,,1,,,,,,7,,1,,1,1,4,2,1,4,5,4,5,1,1,1,3,1,2,2,2,2,1,3,3,0,1,113000,160000,2,180000,120000,175000,250000,2,280000,200000,210000,,,0,230000,1,1,0,0,0,0,0,0,4,1,2,3,4,5,1,1,4,3,2,1,2,3,2,1,,1,,,1,,0,0,,,,,,,1,,1,1,South Carolina,29472,2,New York,"Washingtonville, NY",2,0,6,6,7,7,1,,,,,,3,3,1,,,1,,,,,
65e465d6d4ed60a18ce3a89b,8/3/25 9:35,1072,,,1,,52,1,4,1,,2,,,,,,1,1,,6,,,1,4,2,5,5,3,5,4,5,3,4,4,4,4,1,2,2,3,2,3,2,3,0,1,100000,100000,2,300000,300000,100000,300000,2,400000,400000,500000,,,,,6,3,0,0,0,0,0,2,5,1,4,5,2,3,3,2,3,2,3,3,2,3,3,3,,1,,,1,,1,4,,,1,,,,,,1,1,Virginia,22150,3,Virginia,Hampton,1,4,7,7,7,7,1,,,,,,3,3,,1,,,1,,,1,
63e5a6690eeedc20da056717,8/3/25 9:35,830,,,1,,41,1,5,1,,5,,1,1,,,,,,6,,,1,1,1,5,2,1,5,4,5,5,1,2,1,2,1,2,1,2,1,-1,2,2,0,0,35000,80000,1,150000,40000,90000,,,,,80000,,,,,10,5,0,2,2,0,0,1,2,3,2,4,1,5,5,5,2,4,3,3,1,3,4,5,1,,,,,1,0,0,,,,,,,1,,1,1,Massachusetts,01376,1,Massachusetts,Lowell ,3,0,6,7,3,3,1,,,,,,3,3,1,,,1,,,,,
60f09796c2a24694ff43f6b7,8/3/25 9:35,925,,,1,,60,1,4,1,,4,,,1,,,,,,7,,,1,2,2,3,5,1,5,5,2,4,5,2,4,3,1,2,3,3,3,3,3,3,1,0,50000,100000,2,100000,50000,,,,,,70000,,,,,5,5,0,0,0,0,0,0,4,2,1,3,4,5,4,5,2,3,4,2,2,2,3,1,,1,,,,1,1,1,,,,,,,1,,1,1,Texas,76470,1,Illinois,Beardstown,1,0,6,6,3,3,1,,,,,,2,3,1,,,1,,,,,"Thanks for interesting study, it is hard to think 10 years ahead at times but this study allowed me to image where I would like to be in 10 years. Have a Blessed Day!!"
5bfbfeed249c390001f875be,8/3/25 9:35,956,,,1,,33,1,5,1,,5,,,,1,,,,,5,,1,,1,1,4,1,1,5,5,5,5,1,1,1,2,1,1,1,1,-1,4,2,2,1,1,12000,20000,1,50000,0,,20000,1,100000,0,60000,,,0,80000,5,1,0,0,2,0,0,0,4,2,1,4,3,5,4,2,1,3,2,1,5,3,5,5,1,,,,,1,0,0,,1,,,,,1,,1,0,Georgia,30096,2,Georgia,Norcross,2,0,3,3,,,,,1,,,,3,3,1,,,1,,,,,"The income questions were tough to answer since my mother grew up in a non-US country where her family was very wealthy and had a standard of living far above the US average, but also their currency is very weak compared to ours so I don't know how you'd rate that on a comparison scale."
5e9e19d808b9931ef37373c6,8/3/25 9:35,852,,,.89999998,,30,1,5,1,,3,,,,,,,,,5,1,,,2,1,3,4,1,4,5,3,4,2,2,3,4,1,2,3,3,1,3,3,3,1,1,10000,700000,3,750000,500000,,700000,2,1000000,600000,150000,,,1,400000,1,3,0,0,0,0,0,0,4,2,1,4,5,3,4,1,5,1,5,3,2,2,2,3,1,,,,,1,0,2,,1,,,,,,,1,0,Texas,75013,2,Illinois,Oak Park,2,0,9,9,6,9,1,,,,,,2,2,,,,,,,,,None at this time
5ef3e3c01ece121907ee721a,8/3/25 9:35,620,,,1,,62,1,5,1,,5,1,,,,,,,,7,1,,,1,1,5,5,2,5,5,4,5,3,5,2,1,1,1,1,1,2,2,2,1,1,0,10000,15000,1,15000,13000,,,,,,20000,,,,,1,1,0,2,2,0,0,0,4,1,3,5,4,2,5,3,1,4,1,2,3,2,4,5,1,,,,,1,0,0,,,,,,,1,,1,1,Illinois,60506,2,Illinois,AURORA,2,0,7,7,3,3,,,,,1,,3,3,,,,,,,,,
5d48fcc5643eb80001fb43fa,8/3/25 9:35,625,,,1,,32,1,4,1,,4,,1,1,,,,,,6,,1,,2,2,5,3,2,5,5,5,5,4,2,1,4,1,2,2,2,2,2,3,4,0,1,120000,200000,2,150000,100000,182000,282000,2,250000,250000,140000,,,1,200000,2,3,0,0,2,0,0,0,4,1,2,3,4,5,2,2,4,2,2,2,3,2,1,4,1,,,1,,,0,-1,,,,,,,1,,1,1,Massachusetts,02127,3,Massachusetts,Boston,3,3,6,6,6,6,1,,,,,,3,3,1,,,1,,,,,n/a
5e9f3f09ccc75a0c345e4845,8/3/25 9:35,734,,,1,,66,1,5,1,,4,,,,1,,,,,5,1,,,1,1,5,3,1,5,5,3,5,3,2,2,3,1,2,2,2,3,3,3,2,1,0,29900,29900,2,35000,22000,,,,,,25000,,,,,1,1,2,2,2,0,2,2,4,4,1,5,2,3,5,5,4,2,4,4,2,2,2,1,,1,,,,,2,2,,,,,,,1,,1,1,North Carolina,27603,3,North Carolina,Winston-Salem,2,0,6,6,4,6,,,1,,,,3,3,1,,,1,,,,,Most of my income at this point comes from Social Security. 
66ca1f98117343c0b3e0b098,8/3/25 9:35,871,,,1,,48,0,1,1,,1,,,,,,1,,,2,,,1,5,1,2,5,5,1,1,4,4,1,5,3,3,2,2,2,1,2,2,2,2,0,1,52000,100000,1,150000,75000,150000,200000,2,250000,185000,150000,,,,,10,10,0,2,2,0,0,2,2,5,2,3,1,4,2,5,1,3,1,1,1,1,3,1,,1,,1,,,4,4,,,,,,,1,,1,1,California,92592,2,California,San Diego,3,0,4,4,3,3,,,1,,,,1,1,,1,,,1,,,,
5f2f8574ff256b37b1970220,8/3/25 9:35,1107,,,1,,50,1,4,1,,4,,1,,,,,,,7,,,1,1,2,5,5,2,5,4,3,4,1,5,2,4,1,1,2,2,4,2,4,2,0,1,19000,60000,1,65000,22000,95000,120000,2,160000,130000,150000,,,,,1,4,0,0,2,0,0,0,2,1,2,4,5,3,2,3,2,4,2,2,2,2,3,1,,1,,,1,,3,3,,,,,,,1,,1,0,Florida,34609,2,New Jersey,Pompton Plains,2,0,4,5,4,3,1,,,,,,2,3,,1,,,,,,,No confusion. No technical difficulties encountered 
60455511710c89680924f7ac,8/3/25 9:35,812,,,1,,41,1,5,1,,5,,1,1,,,,,,7,,,1,1,1,5,4,2,5,5,5,5,2,2,1,2,1,1,1,1,3,4,3,2,1,0,48000,60000,2,70000,50000,,,,,,55000,,,,,1,1,0,2,2,0,0,0,2,2,1,3,4,5,4,5,5,1,3,3,2,2,2,5,1,,,,,1,0,0,,,,,,,1,,1,1,Florida,32139,1,Florida,Stuart,2,0,6,6,6,7,1,,,,,,3,3,1,,,1,,,,,
61007de25d1a5d74904865cd,8/3/25 9:35,571,,,1,,30,1,5,1,,4,,,1,,,,,,7,1,,,1,1,5,2,1,5,5,2,4,1,2,2,4,2,3,3,3,4,3,5,4,0,1,75000,120000,2,185000,90000,130000,200000,1,300000,90000,160000,,,1,180000,10,1,1,2,2,0,1,2,4,3,4,2,1,5,2,1,5,2,5,2,2,2,2,1,,1,,1,,,0,2,,,,,,,1,,1,1,New York,10128,3,Tennessee,Nashville,3,0,8,8,8,8,1,,,,,,3,3,1,,,1,,,,,
6634fb892af2e227ab65f004,8/3/25 9:35,881,,,1,,41,0,3,1,,3,,,,,,,,,5,,1,,3,4,4,3,4,4,4,2,4,4,4,3,3,4,2,2,2,3,4,4,3,0,1,5000,50000,3,50000,50000,80000,50000,3,50000,50000,90000,,,,,1,5,0,0,2,0,0,0,4,1,4,2,5,3,4,2,4,2,3,1,1,1,2,4,,1,,1,,,2,2,,,,,,,1,,1,1,North Carolina,28079,2,Georgia,Suwanee,2,0,6,6,5,6,1,,,,,,1,1,,1,,,1,,1,,
5f6388bf9ae5ad07ba1a0173,8/3/25 9:35,603,,,1,,48,1,5,1,,5,,,,1,,,,,7,,1,,1,2,4,3,2,5,4,3,5,1,1,2,3,3,2,2,2,-1,2,3,3,1,0,50000,70000,2,70000,60000,,,,,,30000,,,,,10,1,0,2,2,0,0,2,4,2,4,5,3,1,5,3,4,2,4,4,2,1,2,1,,1,,1,,,2,2,,,,,,,1,,1,1,New York,14551,2,New York,clyde,2,0,5,5,3,3,1,,,,,,3,3,1,,,,,,,,
5ba292385301b80001c71ba2,8/3/25 9:35,990,,,1,,52,1,5,1,,3,,,,,,,,,6,1,,,1,5,4,4,5,5,5,1,5,1,1,2,3,2,3,3,3,4,4,4,5,1,0,148000,350000,2,300000,200000,,,,,,125000,,,,,10,10,0,0,2,0,0,0,1,2,4,1,3,5,1,3,5,1,5,4,1,3,1,1,1,,,,,1,0,0,,,,,,,1,,1,1,Pennsylvania,18951,2,Pennsylvania,Quakertown,2,0,7,7,6,7,1,,,,,,1,1,,1,,,1,,,1,"Fun survey, thanks."
666ba5dbfe88e54abe377e6e,8/3/25 9:35,1020,,,1,,66,1,4,1,,4,,,,1,,,,,5,,,1,2,2,4,2,2,5,4,2,4,2,2,2,2,2,2,2,2,2,2,2,4,1,0,95000,250000,2,250000,150000,,,,,,100000,,,,,1,4,0,0,2,0,0,0,5,1,2,4,3,5,4,4,4,3,4,1,3,2,3,4,,1,,,1,,0,0,,,1,,,,,,1,1,Oregon,97230,2,California,Seaside,2,0,6,6,4,4,1,,,,,,2,3,1,,,1,,,,,none
662ab5263d82351fe034f09c,8/3/25 9:35,823,,,.89999998,,59,1,5,1,,3,,,,,,,,,1,,1,,1,1,5,1,1,5,5,5,5,1,1,1,2,1,1,2,2,3,4,4,2,0,1,50000,75000,1,60000,35000,85000,100000,2,100000,60000,40000,,,,,3,1,0,2,2,0,0,0,2,1,2,5,3,4,4,5,4,3,2,3,2,4,3,5,,1,,,,1,2,2,,,,,,,1,,1,1,Illinois,62711,2,Illinois,Crestwood,2,0,6,7,3,3,,,1,,,,3,3,1,,,1,,,,,This was an interesting survey. 
66d6605db57e9f68c8948dfc,8/3/25 9:35,713,,,1,,32,0,4,1,,3,,,,,,,,,6,,1,,2,2,4,4,2,5,3,3,5,2,4,3,4,2,-1,2,2,2,1,3,1,1,1,17000,80000,2,100000,85000,,150000,2,170000,145000,80000,,,0,125000,1,3,0,0,2,0,0,0,3,1,2,3,5,4,4,2,1,3,2,2,3,2,2,4,,1,,,,1,0,0,,,,1,,,,,0,0,Washington,98503,2,Washington,Lacey,2,3,6,7,5,4,,,,,,1,2,2,1,,,1,,,,,
616ef680ab8ca318a227f5ec,8/3/25 9:36,559,,,1,,60,1,5,1,,3,,,,,,,,,7,,,1,1,1,5,2,1,5,5,5,5,1,1,2,2,1,1,1,1,2,3,3,1,1,0,12000,25000,2,40000,10000,,,,,,35000,,,,,1,3,0,2,2,0,0,0,5,5,2,4,3,1,5,2,2,3,3,1,2,3,5,1,,1,,,,,4,4,1,,,,,,1,,1,1,Alabama,35016,1,Alabama,Huntsville,3,0,4,4,3,,,,1,,,,2,3,1,,,1,,,,,
6561435b409147a77be889dd,8/3/25 9:36,1274,,,1,,48,1,5,1,,3,,,,,,,,,7,,1,,1,3,5,5,5,5,5,5,5,3,3,-1,-1,-1,-1,-1,-1,-1,-1,3,-1,1,1,20000,60000,1,100000,5000,,30000,1,12000,1000,10000,,,,,1,5,0,0,0,0,0,0,1,2,1,5,3,4,5,3,5,1,5,4,1,1,1,2,,1,,,,1,2,2,,,1,,,,,,1,1,Ohio,43219,3,Ohio,,3,0,6,6,4,3,1,,,,,,2,2,,,,,,,,,
60821a94db2dbf765571caf8,8/3/25 9:36,1178,,,1,,65,0,3,1,,3,,,,,,,,,5,,1,,2,3,4,2,2,4,4,2,3,2,4,2,3,2,2,2,2,2,2,3,-1,0,1,20000,25000,1,25000,15000,55000,50000,1,50000,30000,60000,,,,,1,1,0,2,2,0,0,2,4,1,2,5,3,4,4,1,4,2,3,3,2,2,2,1,,1,,1,,,2,2,,,,,,,1,,1,1,Connecticut,06810,2,Connecticut,Fairfield,1,0,6,6,3,7,,1,,,,,3,2,1,,,1,,,,,"I am 65 so some of the questions were hard to answer such as salary in 10 years from now, etc. "
63bcbccc16e01ccb870f287d,8/3/25 9:36,1019,,,1,,54,1,5,1,,4,,1,,,,,,,6,,,1,2,1,5,2,1,5,4,4,5,3,-1,1,2,1,1,1,1,2,2,1,1,1,0,35000,40000,3,50000,30000,,,,,,100000,,,,,1,1,0,0,2,0,0,0,4,1,3,4,2,5,3,2,4,4,2,1,3,2,3,5,1,,,1,,,0,0,,,,,,,1,,1,1,Ohio,43213,2,Illinois,Chicago,1,0,6,6,3,3,1,,,,,,2,2,,,,,,,,1,
68474cc30bedb8b982a92c8b,8/3/25 9:36,1400,,,1,,42,1,4,1,,3,,,,,,,,,6,,,1,2,2,5,1,2,-1,4,3,5,1,2,2,4,2,2,3,3,2,4,3,4,0,1,180000,250000,2,300000,200000,180000,250000,2,300000,200000,400000,,,,,5,9,0,2,2,0,2,2,2,1,5,2,4,3,2,3,4,1,4,3,2,1,1,2,,1,,1,,,2,2,,,1,,,,,,1,1,Connecticut,06604,3,Connecticut,Bridgeport,2,0,7,7,6,6,1,,,,,,3,3,1,,,1,,,,,
66d62734985c822b67585824,8/3/25 9:36,909,,,1,,68,1,5,1,,5,,1,,,,,,,2,1,,,1,5,5,2,2,5,5,5,5,4,2,1,3,1,2,1,1,1,3,3,4,1,0,195000,350000,3,400000,275000,,,,,,100000,,,,,10,10,0,2,2,0,0,0,3,3,5,4,1,2,2,3,5,1,5,4,1,2,1,1,1,,,1,,,2,2,,,,,,,1,,1,1,New Jersey,07834,2,New Jersey,West Orange,2,0,9,9,9,4,1,,,,,,2,3,1,,,1,,,1,,
67f32ac5f6a4ce3d9f9c697d,8/3/25 9:36,1218,,,1,,59,1,5,1,,3,,,,,,,,,4,,1,,1,4,4,4,1,5,5,2,3,1,3,2,3,1,1,1,1,1,1,1,2,1,0,39000,18000,3,36000,12000,,,,,,48000,,,,,10,1,0,2,2,0,0,2,4,1,2,4,5,3,3,1,3,4,3,1,4,1,4,5,,1,,,,1,0,0,,,,,,,1,,1,1,California,95901,3,California,Santa Rosa,3,0,5,5,1,2,1,,,,,,1,1,1,,,1,,,,,
66b68e2b2c21a7ed557cf866,8/3/25 9:36,603,,,.89999998,,57,1,5,1,,5,,1,1,,,,,,7,1,,,1,1,5,1,1,5,5,4,5,1,1,2,3,1,1,2,1,4,3,3,1,0,1,15000,60000,2,125000,2000,75000,175000,1,200000,50000,125000,,,,,1,1,0,2,2,0,0,2,3,2,3,5,4,1,5,2,1,4,1,1,2,1,4,1,1,,,1,,,0,0,,,,,,,1,,1,1,New York,10021,3,Florida,Pensacola ,2,0,6,6,3,5,1,,,,,,3,3,1,,,1,,,,,"All good. Excellent survey. Might want to include a question about membership in any minority groups like LGBTQ+, transgender, disabled. Might give you some insight into how marginalized groups feel about job/financial security it highly political environments."
6661e11d7c0b4b2265491e5f,8/3/25 9:36,690,1,,.2,,41,1,5,1,,4,,1,1,,,,,,6,,,1,1,1,5,1,1,4,5,5,5,3,1,1,2,1,1,1,1,3,5,5,4,0,1,74000,110000,2,100000,90000,170000,240000,2,280000,215000,130000,,,,,10,10,0,2,2,0,0,0,2,3,1,2,4,5,3,5,3,1,3,3,1,1,2,1,1,,,1,,,0,0,,,,,,,1,,1,1,Georgia,30655,2,Maryland,Baltimore,3,5,7,8,4,6,1,,,,,,2,3,1,,,1,,,,,
5ff07b5ee7a1d23e719e421e,8/3/25 9:36,640,,,1,,70,0,3,1,,3,,,,,,,,,6,,,1,1,3,5,5,3,5,4,3,4,1,4,2,2,2,3,2,2,2,1,1,3,1,0,45000,45000,2,45000,40000,,,,,,40000,,,,,10,5,2,2,2,0,0,2,4,1,2,4,3,5,4,1,4,1,2,4,1,2,2,1,,1,,,,,3,0,,,,,,,1,,1,1,Maryland,21085,2,Maryland,Joppa,2,0,4,4,3,3,,,,,1,,2,1,,1,,,1,,,,Nothing was confusing and the survey length was fine. Thank you for allowing me to contribute.
5a791168f49c9a0001f31061,8/3/25 9:36,1028,,,1,,47,1,5,1,,5,,1,,,,,,,6,,,1,1,2,5,5,1,5,5,1,2,1,2,2,3,1,2,2,2,1,2,4,3,1,0,60000,80000,2,95000,75000,,,,,,60000,,,,,10,10,2,2,2,0,2,2,4,1,2,5,3,4,2,5,5,1,4,3,2,1,1,2,1,,,,,1,0,0,,,1,,,,,,1,1,Georgia,30021,2,Illinois,"Kankakee, IL",2,0,7,7,3,9,1,,,,,,3,3,1,,,1,,,,,
628555bb109cc99491b8f04b,8/3/25 9:36,1067,,,1,,69,0,4,1,,3,,,,,,,,,6,,1,,1,4,4,4,5,5,5,1,5,4,2,2,2,4,1,-1,1,2,2,3,2,0,1,24000,28000,2,30000,26000,45000,49000,2,55000,47000,60000,,,,,1,1,2,2,2,0,2,0,4,1,3,2,5,4,4,1,5,1,1,4,1,1,2,1,1,,,1,,,1,1,1,,,,,,,,1,1,Massachusetts,02190,2,Massachusetts,quincy ,2,0,4,4,3,3,,,,,1,,1,1,,1,,,1,,,,ty questions were clear enough
5b98940f754b700001f0f15c,8/3/25 9:36,626,,,1,,59,0,5,1,,3,,,,,,,,,6,,1,,1,1,2,5,1,1,4,4,5,4,5,3,3,4,2,2,2,1,1,1,1,0,1,15000,17000,2,20000,16000,15000,17000,2,20000,16000,17000,,,,,5,6,0,0,0,0,0,0,5,1,2,5,4,3,5,1,5,2,3,2,2,1,5,5,,1,,1,,,2,2,,,,,,,1,,1,1,Arkansas,72560,1,Arkansas,Mountain View,1,0,5,5,3,4,1,,,,,,1,1,,1,,,1,,,,
574ce0a57fd0ec000db73aa6,8/3/25 9:36,1104,,,1,,74,1,5,1,,4,,1,1,,,,,,7,,1,,2,1,4,1,1,5,5,4,5,1,1,1,2,1,1,1,1,3,3,3,2,1,1,15000,20000,2,25000,18000,,40000,1,60000,25000,30000,,,,,2,4,0,2,2,0,0,0,5,2,1,4,3,5,5,1,5,1,2,4,1,3,3,1,,1,,,,1,1,1,,,,,,,1,,1,1,Illinois,62865,1,Ohio,Walton Hills,1,0,3,3,3,3,,,,,1,,3,3,1,,,,,,,,
63acbf912d16917452e0bf4e,8/3/25 9:36,551,,,1,,52,1,4,1,,5,,1,,,,,,,6,,,1,1,1,5,1,1,5,5,5,5,1,4,2,3,1,2,-1,2,3,2,3,3,0,0,24000,10000,3,40000,2000,64000,,,,,66000,,,,,3,1,0,2,2,0,1,2,5,3,1,5,4,2,5,2,2,4,2,2,3,4,4,5,,1,,,,1,0,0,,,,,,,1,,1,1,Arizona,85308,2,Arizona,"Phoenix, Arizona",3,0,6,6,7,8,,1,,,,,3,3,1,,,1,,,,,
607371afec9eae723cd4b3a1,8/3/25 9:36,639,,,1,,44,1,4,1,,2,,,,,,1,,,6,,,1,1,3,5,3,3,5,4,2,5,4,1,2,3,2,2,2,2,2,3,2,2,1,0,125000,175000,2,200000,150000,,,,,,120000,,,,,3,3,2,2,2,0,0,2,2,2,3,1,5,4,2,3,4,2,4,3,4,1,2,1,,1,,,,1,0,0,,1,,,,,,,0,0,Illinois,60614,3,Tennessee,sevierville,2,0,6,6,3,6,1,,,,,,2,3,1,,,1,,,,,
67421e5c304fac818596d7f0,8/3/25 9:36,900,,,1,,39,1,5,1,,5,,1,1,,,,,,6,1,,,2,-1,2,4,2,3,5,4,5,3,4,-1,2,2,1,1,2,2,1,2,1,1,0,11000,14000,1,1500,1300,,,,,,45000,,,0,45000,1,1,0,0,2,0,0,0,3,1,2,4,5,3,2,1,4,3,2,1,3,1,3,5,,1,,,,1,0,0,,,,,,,1,,1,0,Michigan,PPI,2,Michigan,PPI,2,0,3,3,3,3,,1,,,,,1,1,,1,,,1,,,,I did not give my zip code or hometown because its PPI
606721b3686a9cc96b3a93f2,8/3/25 9:36,1186,,,1,,38,0,1,1,,1,,,,,,,1,,2,1,,,4,2,4,2,4,1,1,1,1,1,5,2,3,2,1,2,2,3,3,3,3,1,0,71000,85000,2,85000,80000,,,,,,80000,,,0,90000,6,10,0,2,2,0,0,2,4,1,2,4,5,3,2,1,5,3,4,1,4,1,2,5,,1,,,,1,0,0,,,,1,,,1,,1,1,Nebraska,68130,2,Nebraska,omaha,2,0,7,7,6,7,1,,,,,,1,1,,1,,,1,,1,,
6278700097208c3f1b717481,8/3/25 9:36,876,,,1,,34,1,4,1,,3,,,,,,,,,2,1,,,1,3,4,3,2,3,4,2,5,1,1,1,2,2,2,2,2,3,2,3,3,0,1,78000,90000,2,95000,65000,149000,150000,1,155000,100000,100000,,,0,100000,10,5,2,2,2,0,2,2,1,4,5,2,1,3,4,1,4,2,4,4,2,2,2,1,,1,,,,1,0,0,,,,,,,1,,0,1,Washington,98230,2,Washington,Blaine,2,0,6,6,6,3,1,,,,,,3,3,1,,,1,,,1,,
61fa904ed42cb19beec490d9,8/3/25 9:36,680,,,1,,52,1,5,1,,3,,,,,,,,,4,,,1,1,1,3,3,1,1,5,5,5,1,3,1,2,1,1,1,1,2,2,2,2,0,1,34000,36000,2,38000,35000,34000,36000,2,38000,35000,40000,,,,,1,2,0,0,0,0,0,0,5,1,5,4,2,3,1,3,4,1,2,2,2,1,2,1,1,,,1,,,5,5,,,,,,,1,,1,1,Oklahoma,74017,1,Oklahoma,Claremore,2,0,8,8,6,3,,,,,1,,2,2,,,,,,,,,No comment.
655f95ffd90905e27c938a49,8/3/25 9:36,682,,,1,,34,1,5,1,,3,,,,,,,,,7,1,,,1,1,5,1,1,4,5,3,5,4,3,2,4,2,3,3,3,-1,-1,2,4,0,1,60000,65000,2,70000,60000,65000,70000,1,75000,65000,75000,,,1,75000,1,2,2,2,2,2,2,2,2,3,2,5,4,1,5,3,5,3,3,4,2,2,2,1,,1,,1,,,1,2,,1,,,,,,,1,0,Georgia,31088,2,Georgia,Atlanta,3,0,8,8,3,1,1,,,,,,2,3,1,,,,,,,,Thanks for the opportunity! It was a bit tough to visualize income in the next 10 years as many factors can change. 
661ae617af53e0326088784a,8/3/25 9:36,1549,,,1,,54,1,5,1,,3,,,,,,,,,1,1,,,1,4,4,4,4,4,4,4,5,4,3,4,3,4,3,2,2,2,2,2,3,1,0,50000,50000,1,60000,30000,,,,,,80000,,,,,6,1,0,0,2,0,0,0,2,1,3,5,4,2,4,1,4,3,1,3,3,2,5,1,,1,,,,1,1,1,,,1,,,,,,1,1,Mississippi,39047,2,Mississippi,McComb,1,0,5,5,3,3,,1,,,,,2,2,,1,,,,,,,
676d84858626178add0fc70a,8/3/25 9:36,708,,,1,,51,0,4,1,,3,,,,,,,,,5,1,,,1,3,4,3,1,4,3,4,5,4,2,2,2,3,2,2,2,1,1,4,3,0,1,57000,72000,1,67000,50000,114000,135000,2,135000,99000,99000,,,,,3,6,0,0,2,0,0,0,4,1,2,5,4,3,4,4,2,3,3,3,2,1,2,4,,1,,1,,,2,2,,,1,,,,,,1,1,Florida,34711,2,Connecticut,Hartford,3,0,6,6,3,3,1,,,,,,3,3,1,,,1,,,,,
6718cc3b749c4925a6ac7b03,8/3/25 9:36,720,,,1,,44,1,4,1,,4,,1,,,,,,,6,,,1,1,2,3,5,4,5,5,5,4,2,3,2,1,1,1,2,2,3,4,4,2,0,1,16000,25000,2,24000,23000,16000,25000,2,24000,23000,19000,,,,,5,2,0,0,0,0,0,0,4,2,3,5,4,1,4,1,2,3,4,1,1,2,3,4,,1,,,1,,1,1,,,,,,,1,,1,1,Pennsylvania,15009,1,Pennsylvania,Beaver,1,0,5,5,3,6,,1,,,,,3,3,1,,,1,,,,,None
6598679b3d71be33bcb9a7c0,8/3/25 9:36,711,,,1,,33,1,5,1,,3,,,,,,,,,5,,1,,1,1,5,4,1,5,5,5,5,1,2,2,3,1,2,2,1,3,3,4,1,0,1,6000,10000,1,80000,0,48000,120000,1,150000,65000,70000,,,0,80000,3,1,0,2,2,0,0,2,2,1,2,4,5,3,4,3,1,3,2,1,3,2,4,5,,1,,,1,,0,0,,,,,,,1,,1,1,Illinois,61820,3,Illinois,Naperville ,2,0,6,6,8,9,,,,,1,,3,3,1,,,1,,,,,
62e92ac314e2c0f89236aed1,8/3/25 9:36,649,,,1,,72,1,5,1,,5,,,1,,,,,,1,,1,,1,1,5,2,4,5,5,3,5,1,5,2,3,-1,2,2,1,2,3,3,2,1,0,40000,18000,1,25000,8000,,,,,,55000,,,,,1,1,0,0,2,0,0,0,5,3,5,4,1,2,4,2,4,2,4,2,2,2,2,1,,1,,,,1,3,3,,,,,,,1,,1,1,Massachusetts,02651,1,Pennsylvania,Wilkes-Barre,3,0,7,7,3,3,1,,,,,,1,3,1,,,1,,,,,
60e36e6ecb9f00e7b4dab92e,8/3/25 9:36,801,,,1,,70,0,3,1,,2,,,,,1,,,,2,1,,,4,2,5,5,4,1,2,1,3,2,5,3,2,3,2,1,1,3,3,3,4,0,1,51000,53000,2,55000,51000,96000,102000,2,115000,98000,75000,,,,,1,5,0,2,2,0,0,2,2,2,4,5,1,3,3,2,4,2,3,4,2,2,2,1,1,,,1,,,0,0,,,,,,,1,,1,1,Florida,34442,2,Michigan,Jackson,2,0,4,4,3,3,,,,,1,,1,1,,1,,,1,,,,
5fa4c21a04bc5912180291bc,8/3/25 9:36,3244,,,1,,43,1,5,1,,5,,1,1,,,,,,6,1,,,2,2,5,-1,1,-1,5,5,5,1,1,2,2,1,-1,-1,-1,2,-1,2,3,1,0,33459,68912,2,68912,21558,,,,,,58573,,,,,1,1,0,2,2,0,0,2,3,2,3,5,4,1,2,3,4,3,2,2,3,3,2,5,1,,,,1,,0,-1,,,1,,,,,,1,1,Maryland,21213,3,Maryland,Baltimore (City),2,3,5,6,2,,1,,,,,,2,2,1,,,1,,,,,"with donald in office, a lot of Societal Matters remain, quite, unsettled, indeed. don't think i forgot about donald's talking about ""black jobs."" from what i can surmise, to him that means, we're back on the plantations, picking cotton (and produce). and, indeed, getting our backs whipped — and whipped, harder, to make up for the ~150 years when (bigoted) white people couldn't act on their"
652fcdc57cc2ae3b4731184b,8/3/25 9:36,1020,,,1,,56,1,1,1,,3,,,,,,,,,7,,,1,3,3,3,4,4,3,4,4,5,2,3,1,2,2,2,2,2,3,2,3,3,0,1,5000,10000,2,40000,5000,15000,20000,2,50000,15000,25000,,,,,2,2,0,1,2,0,0,0,3,1,3,5,4,2,5,4,3,2,2,4,2,1,5,1,1,,,,,1,1,1,,,1,,,,,,1,1,Georgia,30337,2,Georgia,East Point,2,0,5,5,3,4,,,,,,1,2,2,,,,,,,,,
687412b8d619a222cdd0bec9,8/3/25 9:36,1552,,,.89999998,,64,1,5,1,,5,,,1,,,,,,6,1,,,4,3,5,3,2,5,5,2,5,2,3,1,3,1,2,3,3,2,2,2,2,0,1,60000,80000,3,120000,40000,110000,150000,3,200000,80000,120000,,,,,4,6,0,2,2,0,0,2,3,2,3,1,4,5,4,4,4,1,2,3,4,3,3,1,,1,,1,,,3,3,,,,,,,1,,1,1,Illinois,61866,1,Illinois,Rantoul ,1,0,7,7,6,6,,1,,,,,3,3,1,,,,,,,,
5d503d3fff0b560019ce5943,8/3/25 9:36,776,,,1,,54,1,4,1,,4,,,,1,,,,,7,,,1,3,4,4,4,2,5,5,4,5,3,4,2,3,1,1,1,1,3,3,3,2,1,1,29000,25000,1,25000,12000,,45000,1,50000,32000,40000,,,,,5,3,0,2,2,0,0,0,2,2,1,4,3,5,4,2,2,4,2,2,3,2,4,1,,1,,1,,,2,2,,,,,,,1,,1,1,Oklahoma,73645,1,Texas,Ingleside,2,0,6,6,4,1,,1,,,,,2,2,,,,,,,1,,
6670e05a65d32df6fa3e7560,8/3/25 9:36,836,,,1,,57,1,5,1,,5,1,,,,,,,,7,1,,,1,2,5,2,1,4,4,4,5,4,1,1,1,2,1,1,2,1,1,1,2,0,1,78000,80900,1,160000,110000,90800,102000,1,200000,160000,140000,,,,,6,6,0,0,2,0,0,0,4,1,2,3,5,4,2,2,4,3,2,2,1,2,3,5,1,,,,,1,0,0,,,,1,,,,,0,0,New York,11106,3,I did not reside in the United States,Venezuela,3,0,6,6,1,3,1,,,,,,3,3,1,,,1,,,,,
630bbdba33a8711f454d81d9,8/3/25 9:37,1161,,,1,,57,1,5,1,,3,,,,,,,,,7,1,,,1,1,5,1,1,5,5,4,5,1,1,1,1,1,1,2,2,3,3,4,2,1,0,60000,80000,1,80000,40000,,,,,,70000,,,,,3,2,0,2,2,0,0,0,5,4,5,3,1,2,5,4,4,3,3,2,3,2,4,5,1,,,,,1,0,0,,,1,,,,,,1,1,Ohio,45426,2,California,"Pasadena, CA",2,0,7,7,6,5,1,,,,,,3,2,1,,,1,,,,,
67282cd1ab6445a1eef99458,8/3/25 9:37,426,,,1,,35,1,5,1,,3,,,,,,,,,6,,,1,1,1,4,4,1,5,5,4,5,1,4,1,2,1,1,1,1,2,2,2,2,0,0,40000,60000,1,120000,60000,45000,,,,,80000,,,0,120000,1,2,0,0,0,0,0,0,4,1,2,5,4,3,5,4,2,3,3,1,3,3,4,4,1,,,1,,,1,1,,,1,,,,1,,1,1,Virginia,24151,1,Maryland,Gaithersburg,2,0,3,3,3,3,1,,,,,,2,3,1,,,,1,,,,
622a4cc50412091154bae7f0,8/3/25 9:37,500,,,1,,62,1,5,1,,5,,,1,,,,,,5,1,,,2,-1,5,-1,1,5,5,5,5,1,1,2,3,1,1,1,2,4,4,3,4,1,0,145000,60000,1,80000,60000,,,,,,150000,,,,,5,10,2,2,2,0,0,2,1,1,4,2,3,5,5,5,1,4,2,4,3,2,3,1,,1,,,,1,1,1,,1,,,,1,1,,1,0,Oregon,97008,2,Hawaii,Honolulu,3,0,6,6,7,8,1,,,,,,2,3,1,,,1,,,,,
6462e0c6e0c667845c37ec7a,8/3/25 9:37,557,,,1,,60,1,5,1,,5,,,1,,,,,,7,,,1,1,1,5,3,1,4,5,5,5,4,1,2,3,1,2,2,2,3,3,4,3,0,0,59000,20000,2,40000,10000,129000,,,,,70000,,,,,2,2,0,2,2,0,0,0,2,3,2,5,4,1,4,1,5,1,3,4,2,2,2,1,,1,,,1,,3,3,,,,,,,1,,1,1,New Jersey,08753,2,Nebraska,Omaha,2,0,5,5,5,8,,1,,,,,2,3,1,,,1,,,,,
5b9efb73d1ff7a00013bfe84,8/3/25 9:37,770,,,1,,57,1,5,1,,3,,,,,,,,,5,1,,,1,1,5,4,1,5,5,4,5,2,2,2,2,1,1,1,1,1,4,3,1,0,1,14000,18000,1,20000,14000,41000,50000,1,60000,300000,14000,,,,,1,1,1,2,2,0,0,2,3,2,1,4,3,5,4,1,1,3,1,3,3,2,4,5,,1,,,1,,0,0,,,,,1,,1,,1,1,Pennsylvania,17055,2,Pennsylvania,Mechanicsburg,2,0,6,6,3,6,1,,,,,,3,3,,,1,1,,,,,none
680e77f1b497bfe3d4df3514,8/3/25 9:37,3483,,,1,,59,1,4,1,,4,,1,,,,,,,7,,,1,4,3,5,4,4,5,5,4,5,4,5,3,4,5,2,2,1,3,4,3,4,1,1,350000,150000,2,450000,250000,,250000,2,350000,250000,450000,,,,,3,2,2,2,2,2,2,2,4,1,3,2,4,5,4,2,3,3,3,2,2,3,2,3,,1,,1,,,3,3,,,1,,,,,,1,1,North Carolina,27893,3,North Carolina,north carolina,3,5,8,8,4,4,1,,,,,,1,1,,1,,,1,,1,,none
5e8aa4d80eac7e756a72f478,8/3/25 9:37,1503,,,1,,32,1,4,1,,4,,,1,,,,,,5,1,,,1,2,5,3,2,5,5,5,5,3,4,2,3,1,2,2,1,3,2,4,3,0,1,22000,32000,3,40000,25000,75000,77000,3,75000,67000,70000,,,0,70000,1,1,1,2,2,1,2,2,2,2,1,3,5,4,4,2,2,4,3,4,3,2,3,5,1,,,1,,,0,0,,,,1,,,,,1,0,Arizona,85364,2,Arizona,Yuma,2,0,4,5,3,3,1,,,,,,2,2,,1,,,,,,,
5d4c7ac3e8ec490018b0050d,8/3/25 9:37,758,,,1,,67,1,5,1,,3,,,,,,,,,3,,1,,1,1,5,3,1,5,5,4,5,1,1,2,2,1,1,1,2,2,3,3,1,1,0,15000,15000,2,18000,14000,,,,,,16000,,,,,3,6,2,2,2,0,2,2,2,4,3,5,1,2,5,1,4,3,1,1,1,2,2,4,,1,,,,1,3,3,,,,,,,,1,1,1,Texas,76011,3,Michigan,Ann Arbor,2,0,4,4,2,8,,,,,1,,3,3,1,,,1,,,,,
65c10cd4e07aa75b58ca7900,8/3/25 9:37,555,,,1,,34,1,4,1,,5,,1,1,,,,,,7,,,1,1,3,5,2,2,5,5,4,4,1,1,2,3,1,1,2,2,3,1,3,3,0,0,50000,100000,2,120000,80000,85000,,,,,150000,,,1,150000,1,1,0,0,0,0,0,0,4,1,4,2,5,3,4,3,2,1,5,1,2,2,2,4,,1,,,1,,2,2,,,1,,,,,,1,1,New York,13031,2,New York,Brooklyn,3,3,5,7,5,3,1,,,,,,3,3,1,,,1,,,,,
59298c0b0b19ce0001202f22,8/3/25 9:37,515,,,1,,44,1,5,1,,5,,1,,,,,,,7,,1,,1,1,5,1,1,5,5,3,5,1,1,1,1,1,2,2,2,2,2,2,3,0,0,68000,72000,3,75000,70000,74000,,,,,80000,,,,,5,1,0,2,2,0,0,2,1,1,2,5,4,3,3,5,5,3,1,3,2,2,2,1,1,,,,1,,0,0,,,,,,,1,,1,1,Montana,59840-3325,1,California,Harbor City,3,0,4,4,4,4,1,,,,,,3,3,1,,,1,,,,,
600c167e28de48080e812884,8/3/25 9:37,1513,,,1,,58,0,1,1,,3,,,,,,,,,2,1,,,3,2,2,5,5,1,1,3,5,3,4,2,4,2,2,2,2,2,3,3,2,1,0,44000,50000,1,75000,30000,,,,,,36000,,,,,1,2,0,2,2,0,0,0,4,3,2,4,1,5,4,3,4,2,4,4,3,1,3,1,1,,,,,1,1,1,,,,,,,1,,1,1,Tennessee,37075,2,Tennessee,,2,3,6,6,6,6,1,,,,,,1,1,,1,,,1,,,,
67cb6ffcdfb183f140c5439c,8/3/25 9:37,1114,,,1,,52,1,5,1,,3,,,,,,,,,5,,1,,1,1,4,2,1,4,5,4,4,1,1,1,3,2,1,-1,1,3,2,3,1,0,0,35000,45000,2,45000,25000,135000,,,,,75000,,,,,5,5,0,0,2,0,0,2,2,3,2,5,4,1,4,5,4,3,2,3,2,2,2,4,1,,,,,1,0,0,,,,,,,1,,1,1,Kentucky,42347,1,Texas,Brockport,3,0,3,3,4,7,,,1,,,,2,2,,,,,,,,,
638371bc3a1d7da12422ea22,8/3/25 9:37,575,,,1,,68,0,3,1,,3,,,,,,,,,7,,,1,1,4,5,5,4,3,4,4,5,4,5,1,2,1,2,2,2,2,2,2,3,0,0,42000,42000,3,42000,42000,42000,,,,,42000,,,,,1,10,2,2,2,0,2,2,1,1,2,4,5,3,5,1,5,1,1,4,2,1,1,1,,1,,1,,,2,2,,,,,,,1,,1,1,Georgia,30566,2,Georgia,Monroe,2,0,7,7,1,3,1,,,,,,1,1,,1,,,1,,,,
60bae671bf92bf34f7a774ce,8/3/25 9:37,1645,,,.89999998,,71,1,4,1,,4,,1,,,,,,,7,,,1,1,1,5,1,1,5,5,2,5,1,1,1,1,1,2,2,2,4,4,4,3,1,0,49000,49000,2,52000,48000,,,,,,55000,,,,,5,5,2,2,2,0,2,2,2,3,5,4,1,2,1,1,5,1,4,3,3,3,2,1,,1,,,,1,0,0,,,,,,,1,,1,1,Florida,32608,2,Florida,Winter Haven,2,0,7,7,6,9,,,,,1,,3,3,1,,,1,,,,,
670598a65450648ae2ddb83b,8/3/25 9:37,1249,,,1,,70,1,5,1,,5,,,,1,,,,,6,1,,,1,1,5,1,1,5,5,2,5,1,2,1,2,-1,3,3,1,2,3,3,1,1,0,25000,18000,1,30000,5000,,,,,,20000,,,,,2,1,2,2,2,0,0,1,2,2,4,5,3,1,5,5,5,1,4,4,1,1,3,1,1,,,,,1,2,2,,,,,,,1,,1,1,Ohio,43229,2,Ohio,Columbus,3,0,4,4,6,6,,,,,1,,3,3,1,,,1,,,,,"The ""home town"" question was confusing because when I grew up we moved every 18 months.  I now live in the city in which I was born, but I wasn't raised here. Perhaps the most formative years of my youth were in San Diego, but the whole question of what ""Home"" means to me is rather fuzzy, and is to me an item of personal philosophical interest.  Some of my answers about the future would have been different before the current regime was in power, but as it is, who knows anything about what might happen? "
5d951ede9b6f880018f63b6e,8/3/25 9:37,841,,,.89999998,,36,1,5,1,,4,,1,,,,,,,5,1,,,1,1,5,5,2,5,5,2,3,1,1,2,2,1,2,2,2,3,3,3,3,0,1,25000,50000,2,60000,35000,50000,85000,2,100000,60000,50000,,,0,85000,10,6,0,2,2,0,2,2,1,1,2,3,5,4,5,2,5,2,3,3,2,1,3,5,1,,,,,1,0,0,,,,,,,1,,1,1,Ohio,43160,2,Ohio,Cincinnati,2,0,3,3,3,3,1,,,,,,2,3,1,,,1,,,,,
5e94fc39cc318836529fd876,8/3/25 9:37,458,,,1,,46,0,3,1,,3,,,,,,,,,1,,1,,2,1,3,5,4,4,1,2,-1,4,5,2,3,3,2,2,1,2,1,1,1,0,1,8000,12000,1,20000,4000,22500,30000,1,50000,15000,25000,,,,,1,2,0,0,2,0,0,0,4,2,1,4,3,5,5,5,2,3,3,1,3,2,4,1,,1,,1,,,2,2,,,,,,,1,,1,1,Kentucky,40935,1,Kentucky,Flat lick,1,0,4,4,2,2,,,1,,,,2,1,,1,,1,,,,,
58509fbda6946500016117ed,8/3/25 9:37,481,,,1,,40,1,5,1,,5,,,1,,,,,,5,1,,,2,2,5,4,1,5,5,4,5,2,3,2,4,1,2,2,1,3,3,3,3,1,1,56500,98000,1,112000,62000,,95000,2,112000,65000,55000,,,,,1,4,0,0,2,0,0,1,4,5,4,3,1,2,2,3,4,2,3,2,3,2,3,4,1,,,,,1,0,-1,,,,,,,1,,1,1,Oregon,97013,1,Indiana,"Indianapolis, Indiana",3,0,4,4,5,8,1,,,,,,2,2,1,,,1,,,,,Interesting and engaging
67dac9fec33b7784afd3d08b,8/3/25 9:38,2976,,,1,,62,1,5,1,,4,,1,,,,,,,2,,1,,2,5,5,2,4,5,2,4,4,1,2,3,3,2,3,3,3,3,3,4,4,0,1,80000,200000,2,2400000,1500000,140000,3400000,2,3400000,2400000,4000000,,,,,7,10,0,0,2,0,0,0,2,1,5,2,3,4,1,4,5,2,4,4,3,3,3,4,,1,,,,,3,3,,,,,,,1,,1,1,Texas,29319,2,Mississippi,Tupelo,2,0,6,7,6,8,1,,,,,,3,3,1,,,1,,,,,not at all
656df1046e98ce92df041c9d,8/3/25 9:38,1155,,,1,,54,0,3,1,,2,,,,,,,,1,3,,1,,3,-1,3,3,4,3,3,3,3,2,5,3,-1,5,-1,-1,1,3,4,4,3,0,1,12000,100000,1,500000,50000,150000,200000,1,1000000,100000,100000,,,,,1,2,2,0,1,2,2,2,3,1,3,5,2,4,3,4,3,3,2,2,3,2,4,4,,1,,,1,,3,3,,,,,,,1,,1,1,Georgia,30080,3,Florida,Clearwater,2,0,5,5,7,6,,,1,,,,2,2,,,,,,,,,
66310bdf15d4ae07f1daf351,8/3/25 9:38,859,,,1,,43,1,5,1,,3,,,,,,,,,7,,1,,1,1,5,1,3,5,5,5,5,1,1,4,4,1,2,2,2,2,4,1,4,1,1,69000,95000,2,115000,85000,,150000,2,200000,90000,65000,,,,,1,1,1,2,2,0,0,2,1,2,1,4,5,3,4,1,5,2,3,4,1,1,1,3,1,,,,,,0,0,,1,,,,,1,,1,0,Pennsylvania,19063,2,Pennsylvania,Upper Darby,2,0,4,4,3,3,1,,,,,,3,3,1,,,1,,,,,
6332517a492e9ac48804f991,8/3/25 9:38,728,,,1,,68,1,5,1,,5,,1,1,,,,,,4,,,1,1,1,4,2,2,5,5,3,4,1,2,2,3,3,2,1,1,1,1,1,2,1,0,39000,34000,2,34000,34000,,,,,,43000,,,,,3,7,0,0,2,0,0,0,4,1,2,5,4,3,2,1,4,3,2,2,2,2,3,1,1,,,,,,2,2,,,,,,,1,,1,1,Ohio,45840,1,Illinois,Cicero,2,0,4,4,3,3,,1,,,,,3,3,1,,,1,,,,,
663a64da0dbc37192d930b1c,8/3/25 9:38,517,,,1,,30,1,5,1,,3,,,,,,,,,7,,1,,1,1,5,3,1,5,5,5,5,1,1,1,1,1,1,1,1,3,1,2,1,1,1,25500,40000,1,50000,30000,,100000,1,150000,60000,40000,,,0,40000,1,1,0,0,0,0,0,0,5,2,1,5,4,3,4,5,4,2,3,1,2,2,4,5,,1,,,,1,0,0,1,,1,,,,1,,1,1,Texas,78751,3,Texas,Killeen,2,0,6,7,3,3,1,,,,,,3,3,1,,,1,,,,,
662aa4644d318829d42496b7,8/3/25 9:38,897,,,1,,54,0,3,1,,3,,,,,,,,,4,,1,,1,4,1,1,3,1,1,1,3,2,1,3,3,5,2,2,2,4,2,4,3,0,1,24000,70000,1,25000,70000,10000,70000,1,70000,70000,24000,,,,,1,3,0,0,0,0,0,0,2,3,1,5,4,2,3,4,4,1,2,4,1,1,1,1,,1,,,1,,3,3,,,,,,,,1,1,1,North Dakota,58544,1,Texas,El Paso ,3,0,3,3,4,4,,,1,,,,1,1,,,,,,,1,,
67f1626e4525cfea0f0a9753,8/3/25 9:38,2717,1,1,1,,31,1,5,1,,3,,,,,,,,,7,,,1,2,2,4,4,2,4,4,4,4,2,2,2,3,4,2,3,2,2,3,3,4,0,1,78000,115000,2,170000,60000,142000,200000,2,250000,100000,110000,,,1,150000,10,5,0,2,2,0,0,0,2,2,4,1,5,3,2,4,5,1,3,4,2,1,2,2,1,,,1,,,1,3,,,1,,,,,,1,1,Indiana,46793,2,Indiana,Waterloo,2,0,6,7,6,6,1,,,,,,3,3,1,,,1,,,,,
6613fbd97d84091e654e5ca6,8/3/25 9:38,1265,,,1,,41,1,5,1,,5,,1,,,,,,,6,,,1,1,3,5,2,2,5,4,2,4,1,2,2,2,1,1,1,3,1,1,1,1,1,0,35000,40000,2,45000,30000,,,,,,40000,,,,,1,1,0,0,0,0,0,0,5,3,2,5,4,1,5,5,2,3,2,1,2,4,2,5,,1,,1,,,3,3,,,1,,,,1,,1,1,Ohio,43206,3,New York,middletown,3,0,4,6,2,2,1,,,,,,3,3,1,,,1,,,1,,
6643f08978c19c6cf8de82d4,8/3/25 9:38,1402,,,1,,36,1,4,1,,4,,,1,,,,,,6,,,1,1,1,5,2,1,5,5,2,2,1,2,2,2,1,2,2,2,3,3,4,3,1,0,75000,90000,2,85000,75000,,,,,,60000,,,0,60000,1,1,0,0,2,0,0,0,1,2,4,5,3,1,1,1,5,2,5,2,2,1,2,4,,1,,,,1,0,0,,,,,,,1,,1,1,California,95521,2,California,Arcata,2,4,6,6,7,3,1,,,,,,3,3,1,,,1,,,,,
6405feae7d6321bfaaf793e8,8/3/25 9:38,650,,,1,,36,1,4,1,,4,,,,1,,,,,4,1,,,2,1,3,2,1,5,4,2,4,3,3,2,3,2,2,2,1,3,2,3,2,0,1,7000,50000,1,70000,10000,70000,120000,1,150000,50000,75000,,,1,75000,3,1,0,2,2,0,0,2,3,3,2,4,5,1,3,2,1,4,2,2,2,1,2,1,,1,,1,,,2,2,,,,,,,1,,1,1,Wisconsin,54983,1,Wisconsin,Wisconsin Rapids,2,0,6,6,3,5,,,1,,,,2,1,,,,,,,,,
60e9e8092cfc1f464753dd71,8/3/25 9:38,716,,,1,,62,1,5,1,,5,,,1,,,,,,7,1,,,1,1,5,1,1,5,5,2,4,1,4,2,3,2,2,2,2,3,2,3,3,1,0,75000,100000,2,110000,90000,,,,,,60000,,,,,5,1,2,2,2,0,2,2,2,1,2,5,3,4,4,2,4,2,1,4,2,2,2,1,1,,,,,1,0,0,,,,,,,1,,1,1,Florida,33009,2,New Jersey,Trenton,3,0,6,6,3,3,1,,,,,,3,2,1,,,1,,,,,
5a57a9bbac5624000153bc85,8/3/25 9:38,935,,,1,,35,1,4,1,,3,,,,,,,,,5,,1,,1,1,5,3,2,5,5,4,5,1,2,1,2,1,2,2,2,3,2,2,2,1,1,35000,60000,1,50000,45000,,100000,1,80000,70000,80000,,,1,100000,3,3,0,0,0,0,0,0,4,1,3,2,5,4,4,3,5,1,4,2,2,2,3,4,1,,,,,1,0,1,,,,,,,1,,1,1,New Hampshire,03110,2,Massachusetts,Somerset,2,0,3,4,3,3,1,,,,,,2,2,,,,,,,,,N/A
5de27ced22383629b807cc70,8/3/25 9:38,751,,,1,,32,1,4,1,,3,,,,,,,,,6,,1,,1,1,4,1,3,4,5,3,5,2,3,1,1,1,1,1,1,1,1,2,2,1,0,75000,85000,1,85000,75000,,,,,,125000,,,0,125000,1,1,2,2,2,0,0,0,4,2,1,5,4,3,2,1,4,3,1,3,3,1,3,1,1,,,,,1,0,0,,,,,,,1,,1,1,Utah,84065,2,Utah,Midvale,2,0,6,6,6,6,1,,,,,,2,2,,,,,,,,,
5fc521555cd05b000cfe0998,8/3/25 9:38,675,,,1,,35,1,5,1,,4,,,1,,,,,,7,1,,,1,1,5,4,1,5,5,5,5,1,1,1,1,2,2,2,1,1,3,1,2,1,1,50000,50000,2,70000,70000,,50000,2,60000,30000,50000,,,0,60000,2,1,0,2,2,0,2,2,3,2,1,5,4,3,5,4,2,4,3,3,3,3,5,5,,1,,,1,,0,0,,,,,,,1,,1,1,Pennsylvania,15218,3,New York,rochester,3,5,7,8,4,6,1,,,,,,3,3,,,1,1,,,,,
65b537602cf1fbd4f77c7909,8/3/25 9:38,760,,,1,,59,1,5,1,,5,,1,,,,,,,6,1,,,1,1,5,5,1,-1,5,4,5,4,5,1,2,1,1,1,1,1,1,1,2,0,1,29000,31000,2,35000,29000,44000,46000,2,50000,44000,55000,,,,,1,2,0,2,2,0,0,0,5,3,4,1,5,2,4,1,4,1,1,1,2,1,3,1,1,,,,1,,2,2,,,,,,,1,,1,1,Ohio,44730,1,Ohio,Canton,3,0,4,4,3,3,,,,,1,,1,1,,1,,,1,,,,
6743e31b8d80b64c6fad696f,8/3/25 9:39,1541,,,1,,61,1,5,1,,3,,,,,,,,,6,1,,,-1,3,3,4,2,5,4,2,5,1,2,2,3,1,2,3,3,2,3,2,3,1,0,50000,50000,2,50000,25000,,,,,,50000,,,,,1,1,0,0,0,0,0,0,3,2,1,3,5,4,3,2,5,1,4,3,1,1,1,1,,1,,,,1,0,0,,,,,,,1,,1,1,Illinois,62206,2,Illinois,Cahokia,2,0,3,3,,,1,,,,,,1,1,,,,,,,,,
5dc3552003f8562725a1b956,8/3/25 9:39,855,,,1,,37,1,5,1,,3,,,,,,,,,7,1,,,1,1,5,4,1,5,5,5,5,1,1,2,2,1,1,2,1,3,3,3,1,0,1,20000,50000,1,60000,40000,20000,50000,1,50000,40000,30000,,,0,100000,1,2,0,0,2,0,0,0,3,1,2,3,5,4,3,5,2,3,3,4,2,3,4,4,,,1,,,1,0,0,,,,,,,1,,1,1,New Jersey,07093,3,New Jersey,West New York,3,0,5,5,5,4,,,1,,,,3,3,1,,,1,,,1,,
5ac560359534ba0001c74715,8/3/25 9:39,660,,,1,,34,1,5,1,,5,,,1,,,,,,7,,1,,3,3,5,2,1,5,5,5,5,1,1,2,2,1,1,1,1,3,3,3,1,1,0,35000,50000,1,100000,35000,,,,,,45000,,,0,65000,1,1,0,0,0,0,0,0,5,1,3,2,5,4,5,1,3,2,1,3,2,2,2,4,1,,,,,1,0,0,,,,,,,1,,1,1,New Hampshire,03241,1,Virginia,Springfield,2,0,4,4,6,6,1,,,,,,3,3,1,,,1,,,1,,
626aa30c05328c5519b86746,8/3/25 9:39,1612,,,1,,54,1,5,1,,3,,,,,,,,,6,,,1,1,5,4,5,4,4,5,5,5,5,5,1,1,2,1,1,1,3,1,3,1,0,1,16000,16000,3,18000,1400,29900,29900,1,59900,29900,59000,,,,,1,1,0,2,2,0,0,0,4,2,1,5,4,3,4,1,4,3,4,1,3,2,2,1,,1,,,,1,1,1,,,,,,,1,,1,1,Pennsylvania,15301,3,Pennsylvania,Washington,3,0,4,5,3,1,,,,,1,,3,3,1,,,1,,,,,
605220735560745cf0a16a80,8/3/25 9:39,1993,,,1,,46,1,5,1,,5,,1,,,,,,,2,,,1,-1,1,5,1,1,5,5,5,5,1,5,1,1,1,1,1,1,1,2,1,3,0,1,45000,65000,1,75000,70000,88000,100000,1,125000,115000,85000,,,,,2,5,2,2,2,0,0,0,4,1,3,2,5,4,5,1,5,2,4,2,2,2,3,1,,1,,1,,,2,2,1,,,1,,,1,,1,1,New York,10306,3,New York,"Bronx, NY",3,3,6,7,5,4,1,,,,,,3,3,1,,,1,,,,,
675de3bd64119cef93edfc75,8/3/25 9:39,959,,,1,,46,0,3,1,,3,,,,,,,,,4,,1,,2,2,4,4,4,2,1,1,2,1,3,3,4,5,3,2,2,2,2,2,4,0,1,85000,85000,1,150000,20000,145000,150000,1,200000,60000,100000,,,,,1,1,0,0,0,0,0,0,5,1,3,5,2,4,2,5,5,2,3,1,1,1,2,1,1,,,1,,,3,3,,,,,,,1,,1,1,Texas,77449,2,Texas,Houston,2,0,5,5,6,6,1,,,,,,1,1,,1,,,1,,1,,
5fde4bdb99e7cf5b87787664,8/3/25 9:39,1014,,,.89999998,,44,1,4,1,,3,,,,,,,,,7,,,1,1,3,4,-1,1,4,5,2,4,1,1,2,1,4,1,2,-1,2,2,2,1,1,0,23000,45000,2,45000,35000,,,,,,35000,,,,,3,5,0,0,0,0,0,0,2,1,3,2,5,4,3,2,2,2,3,2,2,2,3,4,,1,,,,1,2,2,,,1,,,,,,1,1,Maryland,21231,3,Maryland,Baltimore,3,0,3,3,3,3,,,,,,1,3,3,1,,,1,,,,,
5cf908a436b40600153b3746,8/3/25 9:39,841,,,1,,55,1,5,1,,3,,,,,,,,,7,,,1,1,-1,5,-1,1,5,5,3,5,-1,2,3,3,1,1,1,1,3,3,3,2,0,1,70000,90000,2,110000,80000,140000,200000,1,250000,170000,200000,,,,,4,4,0,0,0,0,0,0,5,1,2,5,3,4,4,1,4,2,3,1,3,2,2,5,,1,,1,,,2,2,,,,1,,,,,1,1,California,95757,2,California,Sacramento,2,0,4,6,3,3,1,,,,,,3,3,1,,,1,,,,,No additional comment 
6171bbd074b630c87f2ab0f3,8/3/25 9:39,837,,,1,,65,1,5,1,,3,,,,,,,,,6,,1,,1,1,5,5,1,3,4,5,5,5,4,2,2,5,2,1,1,1,1,3,3,0,1,12000,57000,2,1300,1300,49000,55000,2,55000,55000,35000,,,,,2,4,0,2,2,0,0,0,5,1,4,5,2,3,1,1,5,3,3,1,2,1,1,5,,1,,1,,,2,2,,,,,,,1,,1,0,Florida,32084,2,New Jersey,Totowa,2,0,4,4,3,2,,1,,,,,2,2,,1,,,1,,,,
663111e4283e7281c63fc949,8/3/25 9:39,844,,,1,,44,1,5,1,,5,,,,1,,,,,7,,,1,1,1,5,1,2,5,5,5,5,1,1,1,2,1,1,1,1,1,1,2,2,1,0,15500,17500,2,22000,9000,,,,,,17000,,,,,2,5,0,0,2,0,0,0,5,2,3,5,4,1,5,3,4,3,1,1,4,2,3,5,,1,,,,1,2,2,1,,,,,,,,1,1,Arkansas,72801,2,Missouri,Independence,2,0,5,7,3,3,,,1,,,,3,3,1,,,1,,,,,
616c056b42e788ef31efc4b0,8/3/25 9:39,1105,,,1,,40,1,5,1,,4,,1,1,,,,,,7,1,,,1,1,5,5,2,5,5,4,5,1,2,2,2,2,2,-1,-1,2,2,2,3,1,0,75500,85500,1,95000,75000,,,,,,100000,,,,,1,5,2,2,2,0,0,2,3,1,2,3,5,4,2,3,4,2,4,4,1,1,2,5,,1,,,,1,0,-1,,1,,,,,,,1,0,California,90039,2,California,Los Angeles,2,0,6,6,5,5,1,,,,,,3,3,1,,,1,,,,,
610008383c0a128712403745,8/3/25 9:40,1156,,,1,,47,1,5,1,,5,,1,1,,,,,,6,,1,,1,1,5,1,1,5,5,5,5,1,1,1,2,1,2,2,2,3,3,4,3,1,0,45000,60000,2,65000,50000,,,,,,70000,,,,,3,6,0,0,0,0,0,0,4,2,4,3,5,1,5,2,5,2,3,2,1,1,2,1,,1,,,,,1,1,,,,,,,1,,1,1,Virginia,22601,2,Virginia,Winchester,2,0,5,5,5,7,1,,,,,,3,3,1,,,1,,,,,
55a28851fdf99b602e6b05dd,8/3/25 9:40,804,,,1,,73,1,5,1,,5,1,,,,,,,,7,1,,,1,3,5,1,1,5,4,4,5,1,1,2,4,2,2,2,2,3,2,3,3,1,0,16000,15000,1,17000,12000,,,,,,18000,,,,,10,10,0,0,0,0,0,0,4,5,4,3,1,2,5,1,4,1,3,1,3,2,1,5,,1,,,,,3,3,,,,,,,1,,1,1,Kentucky,40380,1,Kentucky,Stanton,1,0,6,6,3,3,,,,,1,,3,3,1,,,1,,,,,
600db78b56935a5dd8c759b3,8/3/25 9:40,593,,,1,,38,1,5,1,,3,,,,,,,,,7,,1,,1,1,5,3,1,5,4,3,5,1,1,1,1,1,1,1,1,1,1,2,1,0,1,33000,33000,2,33000,33000,33000,33000,2,33000,33000,55000,,,1,55000,1,1,0,0,0,0,0,0,3,3,1,5,2,4,4,5,3,2,2,1,1,1,3,4,,1,,1,,,3,3,,,,,,,1,,1,1,Nebraska,68127,2,Iowa,Malvern,1,0,7,7,4,3,1,,,,,,3,3,1,,,1,,,1,,
61074ae762b0186a302f1028,8/3/25 9:40,593,,,.89999998,,40,1,5,1,,4,,1,,,,,,,6,,,1,1,4,5,1,1,4,4,4,4,4,4,2,3,2,1,2,2,3,1,3,2,1,0,55000,65000,2,77000,40000,,,,,,50000,,,,,6,1,0,2,2,0,0,0,4,3,5,4,1,2,4,5,2,3,4,2,1,2,4,1,1,,,,,1,0,0,,,,,,,1,,1,1,Pennsylvania,18848,1,Pennsylvania,towanda,1,0,4,6,5,1,1,,,,,,1,3,1,,,1,,,,,
6761944486ce83768479f637,8/3/25 9:40,1649,,,1,,42,0,3,1,,3,,,,,,,,,4,,,1,2,2,2,1,1,2,4,3,4,2,4,4,-1,1,2,2,-1,2,1,3,1,0,1,12000,25000,2,40000,0,35000,40000,2,50000,10000,35000,,,,,1,1,0,0,0,0,0,0,4,1,4,3,5,2,5,2,4,3,2,2,2,1,2,5,,1,,,1,,1,1,,,,,,,1,,1,1,Ohio,44270,1,Ohio,seville,1,3,4,6,4,2,,1,,,,,2,1,,,1,,,,,,
6705995e39d905d5d13b3ddf,8/3/25 9:40,963,,,1,,44,1,4,1,,4,,1,,,,,,,6,,1,,1,4,4,2,2,5,5,4,5,2,2,3,4,2,2,2,2,2,2,4,2,1,1,60000,125000,2,160000,80000,,155000,1,310000,80000,90000,,,,,3,4,0,0,2,0,0,0,5,1,3,5,4,2,4,5,1,3,4,3,3,2,5,1,,1,,,,1,1,1,,,,,,,1,,1,1,South Carolina,29681,2,South Carolina,Simpsonville,2,0,9,9,6,7,,,1,,,,3,3,1,,,1,,,,,
5c7560f14f23e50016135028,8/3/25 9:40,701,,,1,,73,0,1,1,,3,,,,,,,,,1,1,,,4,4,4,5,4,1,1,1,2,4,5,3,3,4,1,1,1,3,1,3,1,1,0,26000,28000,2,30000,26000,,,,,,50000,,,,,1,1,0,2,2,0,0,2,4,1,2,5,4,3,4,1,4,1,1,2,1,1,1,1,,1,,,,1,0,0,,,,,,,1,,1,1,Oregon,97305,2,Utah,Salt Lake City,2,0,6,6,3,8,,,,,1,,1,1,,1,,,1,,,,"Just to clarify my answers. I live On Social security, have a very small investment account and make a little extra money here on Prolific . Thank you "
5bfd81fb2feab400014d9060,8/3/25 9:40,996,1,1,1,,51,0,3,1,,2,,,,,1,,,,3,1,,,2,2,2,4,3,2,2,1,3,1,3,4,4,5,3,3,-1,3,3,3,4,0,1,165000,275000,2,350000,100000,230000,450000,2,550000,160000,160000,,,,,3,5,2,2,2,0,2,2,2,2,5,1,4,3,3,5,4,2,3,3,3,2,2,1,1,,,1,,,2,2,,,,,,,1,,1,1,Arizona,85629,2,Illinois,Schaumburg,2,0,5,5,3,3,1,,,,,,1,2,,1,,,1,,,1,
6716283de5fe806da4523e16,8/3/25 9:40,1250,,,1,,47,0,4,1,,5,,1,,,,,,,5,1,,,2,3,5,2,2,5,4,4,4,3,4,3,3,1,2,-1,2,3,2,2,3,1,0,10000,25000,1,20000,15000,,,,,,35000,,,,,5,5,0,0,0,0,0,0,4,1,2,4,5,3,5,3,4,1,5,4,1,1,3,4,,1,,1,,,4,0,,,,,,,1,,1,1,Mississippi,39744,1,Mississippi,Eupora,1,0,4,4,7,7,1,,,,,,2,2,,1,,,1,,,,none
5c22f28d70d93a0001201738,8/3/25 9:40,1306,,,1,,60,1,4,1,,3,,,,,,,,,6,1,,,1,2,5,4,2,1,4,1,4,1,5,2,3,4,3,3,3,3,3,3,4,0,1,110000,100000,2,150000,70000,140000,150000,2,200000,80000,70,,,,,2,6,2,2,2,0,2,2,4,1,2,5,3,4,2,2,4,2,4,4,2,1,2,3,1,,,1,,,0,0,,,,,,,1,,1,1,Pennsylvania,16066,2,Pennsylvania,Cranberry Township,2,0,6,6,3,3,1,,,,,,2,2,,1,,1,,,1,,
5bce1e8453de590001846151,8/3/25 9:41,551,,,1,,34,1,5,1,,3,,,,,,,,,6,,1,,1,1,5,1,1,5,5,5,5,4,1,2,3,2,1,1,1,3,2,2,2,1,0,55000,75000,1,65000,55000,,,,,,65000,,,0,65000,1,1,0,0,2,0,0,0,5,1,3,4,5,2,4,3,5,1,3,3,2,1,2,5,1,,,,,1,0,0,,,,,,,1,,1,1,Pennsylvania,19609,2,Pennsylvania,Reading,2,0,4,6,5,6,1,,,,,,3,3,1,,,1,,,,,
668878b60e94392a7f0d9715,8/3/25 9:41,1381,,,1,,68,0,4,1,,5,,1,,,,,,,7,1,,,1,3,5,-1,1,5,5,3,3,2,2,3,4,4,1,2,3,2,2,2,2,0,1,20000,35000,3,50000,23000,95000,95000,2,50000,45000,65000,,,,,6,5,0,2,2,0,0,2,4,2,4,3,5,1,4,3,4,1,2,3,1,1,1,1,,1,,1,,,2,0,,,1,,,,,,1,1,Virginia,23875,1,North Carolina,Fayetteville NC,1,0,4,4,4,4,,,,,1,,2,2,1,,,1,,,,,
5dd48b3a4b5dd44805f0cd60,8/3/25 9:41,1284,1,,.1,,33,1,5,1,,5,,,1,,,,,,7,,,1,1,2,3,3,5,5,5,5,5,3,1,2,2,1,1,-1,-1,3,-1,1,3,1,0,9000,175000,1,225000,125000,,,,,,145000,,,0,175000,2,2,0,0,0,0,0,0,1,1,2,5,3,4,2,2,1,4,3,1,3,2,5,5,,1,,,,1,0,0,,,1,,,,,,1,0,Georgia,30096,2,Illinois,Chicago,3,0,6,6,4,,,,,,,1,3,3,1,,,1,,,1,,
66ba819cd72c840e39108978,8/3/25 9:41,719,,,.89999998,,47,1,4,1,,5,,1,1,,,,,,5,,,1,2,3,4,-1,2,5,4,3,5,-1,-1,-1,-1,-1,2,-1,-1,3,2,4,1,1,0,25000,25000,1,100000,5000,,,,,,60000,,,,,1,2,0,0,0,0,0,0,3,5,4,1,3,2,4,3,1,4,3,1,2,1,4,5,,,,,,1,0,-1,,,,,,,1,,1,1,New Jersey,07011,2,New Jersey,n/a,2,0,6,6,,,,1,,,,,2,2,,,1,,,1,1,,
610d6c481ca4797b863fe3d1,8/3/25 9:41,1015,,,1,,75,1,5,1,,5,,,1,,,,,,7,,,1,1,1,5,1,1,5,5,5,5,1,1,1,1,1,2,2,2,3,3,3,2,1,0,41500,41500,2,45000,35000,,,,,,60000,,,,,5,5,0,2,2,0,0,0,4,3,2,5,1,4,4,5,4,2,2,2,2,3,3,5,1,,,,,1,1,1,,,,,,,1,,1,1,Louisiana,70115,3,Louisiana,New Orleans,3,0,7,7,6,6,,,1,,,,3,3,1,,,1,,,,,
5eb087ed7f6d1e1232690d6a,8/3/25 9:42,990,,,.80000001,,64,1,5,1,,5,,1,1,,,,,,6,,,1,1,2,5,2,1,5,5,4,5,1,2,1,2,1,1,-1,1,3,3,2,2,1,0,28000,33000,2,33000,33000,,,,,,40000,,,,,2,3,0,0,2,0,0,0,4,2,3,5,1,4,4,1,5,1,1,1,1,2,2,5,,1,,,,1,0,0,,,,,,,1,,1,1,Oregon,97219,3,Oklahoma,Tulsa,3,0,7,7,7,7,,,,,1,,2,3,1,,,1,,,,,
67a3d0c543cd8db0ea60fba2,8/3/25 9:42,1277,,,1,,46,1,5,1,,5,,1,,,,,,,5,,1,,3,2,5,2,5,5,5,4,4,3,4,1,1,1,1,1,2,4,4,4,1,1,1,35000,40000,1,41000,30000,,55000,1,65000,40000,75000,,,,,3,5,0,0,0,0,0,0,3,2,3,4,5,1,3,2,2,3,3,1,3,3,3,5,,1,,,1,,0,0,,1,,,,,1,,0,0,New Hampshire,03103,2,New Hampshire,Sunapee,1,0,6,6,7,7,1,,,,,,2,2,,,,,,,,,
67cb46013d8998974c294e06,8/3/25 9:42,1868,,,1,,54,0,1,1,,3,,,,,,,,,1,,1,,5,5,5,5,2,1,1,3,2,2,5,4,5,1,3,1,1,3,4,4,5,0,1,120000,150000,2,200000,100000,170000,200000,2,250000,140000,200000,,,,,4,6,0,0,2,0,0,2,3,1,4,2,5,3,5,5,4,2,3,4,3,3,2,3,1,,,1,,,4,4,,,1,,,,,,1,1,Virginia,20147,3,Georgia,Augusta,2,0,6,6,4,4,,1,,,,,1,3,,1,,,1,,,,
670c3a0b29d34e1201670dd1,8/3/25 9:42,695,,,1,,40,1,4,1,,3,,,,,,,,,7,1,,,2,2,5,5,4,4,5,5,5,2,2,1,2,1,2,2,1,3,3,3,3,0,1,75000,85000,2,85000,50000,155000,180000,1,190000,140000,150000,,,,,2,2,0,2,2,0,2,2,4,1,2,3,4,5,2,2,4,4,2,1,4,1,1,1,,1,,1,,,2,2,,,,,,,1,,1,1,Florida,33913,2,Wisconsin,Eau Claire,2,0,6,6,3,5,1,,,,,,2,2,,1,,,1,,,,
6609c596ac6ba651a47a15de,8/3/25 9:42,687,,,1,,49,1,5,1,,4,,1,,,,,,,6,,,1,2,2,5,2,2,5,4,2,4,2,2,4,4,1,2,1,1,4,-1,4,3,0,1,50000,60000,1,75000,55000,100000,120000,1,140000,110000,120000,,,,,1,1,0,2,2,0,0,2,4,1,3,5,4,2,2,1,4,2,1,1,2,1,2,1,1,,,,,1,1,1,,1,,,,,,,0,0,New Mexico,87114,2,New Mexico,Albuquerque,2,0,4,4,9,9,1,,,,,,2,2,,,,,,,,,
6714dea47e2a4f2e612e4e91,8/3/25 9:42,698,,,.89999998,,52,0,4,1,,4,,,1,,,,,,7,,,1,1,2,4,5,4,2,2,2,4,2,5,3,2,4,2,2,1,1,3,1,3,0,1,50000,60000,1,62000,55000,74000,82000,1,85000,80000,75000,,,,,2,2,0,2,2,0,0,0,5,2,1,4,5,3,2,3,4,2,3,3,2,1,3,4,1,,,,,1,3,3,,,,,,,1,,1,1,Illinois,61350,1,Tennessee,Chattanooga,2,0,4,4,3,4,1,,,,,,1,1,,,,,,,,,
663633059d5ba66fc519115a,8/3/25 9:42,850,,,1,,61,1,5,1,,5,,,,1,,,,,2,1,,,1,1,4,1,4,5,5,5,5,2,2,1,1,1,1,2,1,3,3,2,2,1,0,14500,34000,3,40000,24000,,,,,,1500,,,,,5,1,0,0,0,0,0,0,2,4,1,5,2,3,5,3,1,3,3,4,2,2,5,4,,1,,,,1,0,0,,,,,,,1,,1,1,Michigan,49709,1,Michigan,"Courtright, Ontario",1,0,4,4,2,3,,,1,,,,2,3,1,,,1,,,,,
66293ab7b323f5f7ce785c38,8/3/25 9:42,1580,,,1,,55,1,5,1,,5,,1,1,,,,,,7,1,,,1,3,5,1,1,5,5,5,4,1,2,1,1,1,1,1,1,3,4,5,2,1,0,38000,48000,1,54000,41000,,,,,,54000,,,,,7,4,0,2,2,0,0,0,4,1,2,5,4,3,4,1,4,3,1,1,1,1,3,5,,1,,,,1,0,0,,,,,,,1,,1,1,Illinois,60044,2,Illinois,Barrington IL,2,0,5,5,7,9,,,,,1,,3,3,1,,,,,,,,"This survey was unbiased, not confusing and very much appropriate in length, especially for reward amount."
5687bbe7369319000c269af0,8/3/25 9:42,770,,,.89999998,,74,1,4,1,,3,,,,,,,,,6,1,,,2,2,5,5,2,5,5,3,5,5,1,1,1,1,2,2,2,3,3,3,3,1,0,40000,15000,1,15000,10000,,,,,,25000,,,,,10,10,0,2,2,0,0,0,3,4,2,5,1,3,5,5,5,1,5,3,1,1,1,1,,1,,,,,1,1,,,,,,,1,,1,1,Ohio,44130,2,Ohio,"Cleveland, Ohio",3,0,6,6,3,3,1,,,,,,1,1,,,,,,,,,No problems 
63d4383288ccc0d875a381e4,8/3/25 9:42,948,,,1,,40,0,1,1,,3,,,,,,,,,1,,,1,5,3,3,5,5,4,1,3,3,5,5,3,3,1,1,1,1,3,-1,2,1,0,1,1500,20000,1,45000,20000,25000,45000,2,35000,27000,10000,,,,,1,1,0,0,0,0,0,0,3,1,2,3,5,4,5,3,3,3,4,2,1,1,1,5,1,,,,,1,0,-1,,,,,1,,1,,1,0,Michigan,48134,2,Michigan,Rockwood,2,0,3,3,6,4,,,,,,1,3,1,,1,,,1,,,,No comments
5f489766dbc4a2364c0f4f93,8/3/25 9:43,586,,,1,,66,1,5,1,,3,,,,,,,,,7,,,1,1,3,5,1,1,5,5,3,4,1,1,1,1,1,-1,-1,-1,1,1,2,4,0,1,40000,40000,2,40000,0,115000,115000,1,115000,50000,75000,,,,,10,10,2,2,2,0,0,0,2,4,1,5,3,2,4,1,5,1,2,4,1,3,2,1,,1,,1,,,2,2,,,,,,,1,,1,1,Florida,32233,2,Florida,jacksonville ,1,0,6,6,3,1,,,,,1,,3,3,1,,,1,,,,,you did not have an option for Not Applicable in the questions about losing jobs (for the retirees)
67e2f87c6e3741dd0aeb1cb1,8/3/25 9:43,1034,,,1,,69,1,3,1,,1,,,,,,,1,,6,,,1,2,5,4,5,5,1,2,1,4,2,5,2,3,2,2,2,2,2,2,3,3,1,0,21000,25000,1,25000,22000,,,,,,35000,,,,,6,6,0,0,2,0,0,0,4,2,3,4,5,1,4,2,4,2,1,1,4,2,2,5,,1,,,,1,2,0,,,1,,,,,,1,1,Georgia,30331,2,North Carolina,goldsboro,2,0,4,4,3,1,,,,,1,,1,2,,1,,,1,,,,Nothing confusing
65c63f9b7a891fff8a4c45a2,8/3/25 9:43,995,,,1,,72,0,1,1,,3,,,,,,,,,1,,1,,1,2,4,4,5,1,4,4,4,1,4,1,1,2,1,1,1,2,2,3,2,0,1,10000,12000,2,13000,13000,35000,30000,1,30000,30000,50000,,,,,1,3,0,0,2,0,0,0,4,1,2,5,3,4,2,1,5,1,1,1,1,1,2,1,,1,,1,,,2,2,,,,,,,1,,1,1,Tennessee,37683,1,Florida,Miami,2,0,3,3,3,3,,,,,1,,1,1,,1,,,1,,,,no
6504910c35d87452e508483d,8/3/25 9:43,877,,,1,,38,1,5,1,,4,,,,1,,,,,7,,,1,1,1,4,4,2,5,5,5,4,2,4,1,2,2,1,1,1,1,1,2,1,1,0,900,25000,1,28000,12000,,,,,,10000,,,0,12000,1,5,2,2,2,0,2,2,2,3,1,4,5,2,5,2,2,4,2,1,2,2,4,1,1,,,,,1,0,3,,1,,,,,,,0,0,Minnesota,55106,3,Minnesota,Saint Paul,3,0,4,6,1,3,,,,,,1,3,3,,,,1,,,,,
66e3551244755a4debcd58d8,8/3/25 9:43,783,,,1,,39,1,5,1,,3,,,,,,,,,7,,,1,1,1,5,2,1,5,5,5,5,5,1,1,1,1,1,1,1,1,3,2,1,1,0,32000,40000,1,40000,30000,,,,,,60000,,,1,65000,2,1,0,0,0,0,0,0,4,1,2,4,5,3,5,1,1,4,2,1,3,4,5,5,,1,,,,1,5,5,,,,,,,1,,1,1,Texas,77095,2,Texas,Houston,2,0,4,6,3,3,1,,,,,,3,3,1,,,1,,,,,
66a72d05236826287427eeea,8/3/25 9:43,1422,,,1,,63,1,4,1,,4,,,1,,,,,,6,,,1,2,2,5,5,3,2,4,2,4,4,3,2,2,2,2,2,2,4,2,2,3,0,1,70000,73000,2,75000,70000,69500,73000,2,75000,70000,71000,,,,,10,6,0,2,2,0,0,2,4,2,3,4,5,1,4,2,4,2,3,2,1,1,2,2,,1,,1,,,2,2,,,,,,,1,,1,1,California,92010,3,California,Carlsbad,3,0,5,5,3,3,,,,,1,,1,1,,1,,,1,,,,Thank you 
66f0d394b09c995902f6ac22,8/3/25 9:43,500,,,.89999998,,54,0,3,1,,3,,,,,,,,,1,,1,,1,2,5,3,2,5,4,1,2,1,5,4,3,2,1,2,2,3,3,4,2,0,1,105000,200000,1,150000,75000,101000,200000,2,200000,75000,100000,,,,,9,10,0,0,0,0,0,0,5,5,1,4,3,2,4,4,2,3,3,1,1,1,2,1,,1,,1,,,3,3,,,,,,,1,,1,1,Texas,76008,2,Texas,Arlington ,3,0,4,4,4,5,1,,,,,,1,1,,1,,,1,,,,
676d746ed2391d1de669298a,8/3/25 9:44,737,,,1,,69,1,4,1,,3,,,,,,,,,6,,,1,1,2,3,4,2,4,5,4,5,2,4,2,3,4,2,2,1,1,1,2,2,0,0,78000,36000,2,36000,36000,80000,,,,,48000,,,,,2,10,0,2,2,0,0,0,4,1,3,5,4,2,5,2,4,1,2,4,1,1,3,5,1,,,1,,,4,4,,,,,,,1,,1,1,Ohio,45245,2,Ohio,Cincinnati,3,0,4,4,3,1,1,,,,,,2,2,1,,,,,,,,"this was a good, solid survey!"
60fd6618f9a377f54dcdf318,8/3/25 9:44,1293,,,.80000001,,38,0,4,1,,3,,,,,,,,,4,1,,,2,2,5,4,4,3,4,4,5,4,5,3,1,2,2,2,2,2,2,2,4,1,1,93000,150000,2,160000,100000,,200000,2,170000,150000,100000,,,1,150000,1,1,0,2,2,0,2,2,4,2,4,1,5,3,4,2,4,2,5,1,2,2,2,2,1,,,1,,,1,1,,,,,,,1,,1,1,Virginia,20176,2,West Virginia,Charleston ,3,5,7,8,2,2,1,,,,,,2,2,,1,,,1,,,,
67d2107d715c268c034392c8,8/3/25 9:44,1258,,,1,,72,1,4,1,,3,,,,,,,,,6,,1,,1,2,4,4,2,4,4,3,5,1,4,2,2,2,1,-1,1,2,3,1,2,0,1,12000,12000,2,12000,11000,40000,40000,1,50000,12000,48000,,,,,10,10,0,0,0,0,0,0,4,2,3,5,4,1,3,2,4,1,1,1,1,1,2,1,,1,,1,,,4,4,,,,,,,1,,1,1,Michigan,49240,1,Michigan,,1,0,4,4,3,3,,,,,1,,2,1,1,,,1,,,,,
672268205351c30413c9837e,8/3/25 9:44,1082,,,1,,50,1,2,1,,4,,1,,,,,,,5,1,,,1,4,5,4,1,4,4,3,5,1,3,2,3,2,1,1,2,1,1,1,2,0,1,10000,50000,2,70000,0,116000,200000,2,250000,80000,150000,,,,,10,6,0,2,2,0,0,0,4,1,4,5,3,2,4,4,4,3,3,2,2,2,3,1,,1,,1,,,3,3,,1,,,,,,,0,0,California,92223,2,I did not reside in the United States,"Iriga City, Philippines",1,0,6,6,6,6,,,,,1,,2,2,1,,,1,,,,,No further feedback
6060bdd2935a3eb3bdcdb835,8/3/25 9:44,1265,,,.89999998,,60,1,5,1,,5,,,1,,,,,,6,1,,,1,1,5,4,4,5,5,4,5,1,5,1,1,2,1,1,1,3,3,3,3,0,1,79000,79000,1,79000,50000,149000,79000,1,79000,50000,170000,,,,,1,1,0,0,2,0,0,0,2,1,2,3,4,5,1,2,5,2,2,3,2,1,3,1,,1,,1,,,2,2,,1,,,,,,,0,0,Washington,98513,3,I did not reside in the United States,Delhi,3,0,7,7,6,7,1,,,,,,2,2,,1,,,1,,,,
5dd56e51954d1952f17bb57b,8/3/25 9:44,606,,,1,,71,1,5,1,,3,,,,,,,,,7,1,,,1,1,5,3,3,5,5,3,3,1,3,2,2,1,1,1,1,1,1,2,1,1,0,25000,27000,1,35000,26000,,,,,,50000,,,,,1,1,0,0,2,0,0,0,5,1,2,5,4,3,4,5,4,3,2,1,4,3,3,1,1,,,,,1,1,1,,,,,,,1,,1,1,Missouri,63017,2,Missouri,St Louis,2,0,6,6,3,3,,,1,,,,2,2,1,,,1,,,,,
67e0a8458369d92d9789b0b4,8/3/25 9:45,699,,,1,,50,0,2,1,,2,,,,,,,1,,3,,,1,3,4,4,5,3,2,3,2,3,4,3,4,5,4,3,3,1,3,3,2,4,1,0,125000,140000,3,200000,100000,,,,,,125000,,,,,1,2,2,2,2,0,0,2,2,2,1,5,4,3,3,1,5,1,2,3,1,1,1,2,1,,,,,1,1,1,,1,,,,,1,,1,1,California,95831,2,California,Sacramento,2,0,4,4,3,3,1,,,,,,1,1,,1,,,1,,,,
556e4e83fdf99b6d4a6a1382,8/3/25 9:45,2523,,,1,,42,1,5,1,,5,,1,,,,,,,6,1,,,1,1,4,2,1,5,5,5,5,1,1,1,3,1,1,1,-1,3,4,1,-1,1,0,40000,50000,1,65000,25000,,,,,,35000,,,,,6,6,0,0,0,0,0,0,1,1,2,4,5,3,5,3,2,3,2,1,2,2,5,5,,1,,,,1,0,-1,,,,,,,1,,1,1,Montana,59833,1,Massachusetts,Plymouth,2,0,6,6,4,2,1,,,,,,3,3,1,,,1,,,1,,
5d634b27e5f92f0017196a3f,8/3/25 9:45,1062,,,.89999998,,35,1,4,1,,3,,,,,,,,,6,,,1,1,3,3,2,1,4,4,4,4,1,2,2,2,1,2,2,-1,4,2,4,3,0,1,65000,100000,2,125000,75000,145000,220000,2,250000,165000,125000,,,1,140000,3,3,0,0,2,0,0,0,3,2,4,5,1,3,2,3,5,2,3,3,2,2,3,1,1,,,1,,,2,2,,,,,,,1,,1,1,West Virginia,26059,2,Indiana,Richmond ,2,0,7,7,9,9,1,,,,,,2,3,1,,,1,,,1,,
638fdf87700dd1228bade2e1,8/3/25 9:45,2808,,,1,,71,1,3,1,,4,1,1,1,,,,,,6,,,1,5,5,4,5,4,5,4,5,5,4,5,4,4,4,2,3,3,3,3,4,3,0,1,140000,150000,3,150000,150000,140000,140000,2,140000,140000,140000,,,,,1,1,0,0,0,0,0,0,4,3,4,2,5,1,5,4,5,1,1,1,2,2,2,3,1,,,1,,,3,2,,,,,,,1,,1,1,Iowa,50013,3,Iowa,ames,3,4,7,7,7,7,1,,,,,,1,1,,1,,,1,,,1,
615921b85071b9caef6148d8,8/3/25 9:46,486,,,1,,49,1,5,1,,3,,,,,,,,,1,1,,,1,1,5,5,4,5,5,5,4,5,5,3,2,1,2,2,2,2,1,4,3,0,1,32000,50000,2,60000,35000,32000,50000,2,60000,45000,40000,,,,,2,8,0,0,0,0,0,0,4,2,5,1,4,3,3,5,4,1,3,2,1,1,1,3,1,,,,1,,1,3,,,,,,,1,,1,1,Missouri,63640,1,Missouri,St.Louis,1,0,4,4,3,3,,,1,,,,3,3,1,,,1,,,,,
66da38dc1d5b9365584508ca,8/3/25 9:46,938,,,1,,50,0,3,1,,3,,,,,,,,,1,,1,,1,1,5,5,1,5,1,4,5,1,5,1,2,5,2,2,1,3,2,1,2,1,0,61500,65000,1,100000,24000,,,,,,61500,,,,,1,1,0,2,2,0,0,0,4,2,1,4,3,5,5,5,1,4,5,2,5,2,5,1,1,,,1,,,4,4,,,,,,,1,,1,1,Alabama,35121,1,Alabama,Oneonta,1,0,4,4,3,3,,,1,,,,1,1,,1,,,1,,,,N/A
5ea749a62b0def12811bd452,8/3/25 9:46,995,,,1,,66,1,5,1,,5,,,,1,,,,,7,1,,,1,3,5,1,1,5,5,5,5,3,1,2,3,1,1,2,1,1,1,2,3,1,0,50000,24000,3,24000,20000,,,,,,150000,,,,,5,5,2,2,2,0,0,0,4,1,3,2,5,4,5,3,4,3,2,3,2,2,2,1,,1,,,,1,2,0,,,,,,,,1,1,1,Ohio,44123,2,Pennsylvania,Pittsburgh,3,0,4,4,3,2,1,,,,,,2,2,,,,1,,,,,
67d5d7068c0132f8de37783d,8/3/25 9:46,779,,,1,,54,1,4,1,,5,,1,,,,,,,6,1,,,2,4,5,4,2,4,2,2,4,1,3,2,4,2,3,2,3,2,3,3,4,0,1,148000,85000,2,120000,50000,172000,110000,2,150000,70000,100000,,,,,5,7,0,2,2,0,0,2,2,2,1,5,4,3,4,2,5,2,3,4,2,2,2,1,1,,,1,,,2,2,,,,,,,1,,1,1,California,90001,2,California,California,2,0,7,7,6,6,,1,,,,,3,3,,1,,,1,,1,,
659c14314dd0249b909c4c91,8/3/25 9:47,1129,,,.89999998,,71,1,5,1,,4,,1,,,,,,,7,,,1,1,3,5,5,1,4,5,4,5,1,2,3,3,2,2,2,3,3,4,4,4,0,1,119000,100000,2,105000,90000,119000,95000,2,100000,90000,80000,,,,,1,1,2,2,2,0,2,2,4,1,2,4,5,3,2,1,4,1,2,4,1,1,3,1,,1,,1,,,1,1,,,,,,,1,,1,1,Ohio,43402,2,Ohio,Bowling Green,2,0,5,5,3,3,,,,,1,,2,2,1,,,1,,,1,,
5d0dfa68f6be990019edd3bb,8/3/25 9:47,947,,,1,,37,1,5,1,,5,,1,1,,,,,,7,1,,,1,1,5,2,1,5,5,4,5,1,1,2,2,2,1,1,1,1,3,2,1,0,1,35000,40000,1,45000,30000,35000,40000,1,45000,30000,40000,,,0,40000,1,1,0,0,2,0,0,0,4,1,2,4,5,3,5,1,2,4,2,2,4,4,4,1,,1,,1,,,2,2,,1,,,,,,,1,0,Louisiana,70501,3,California,Lake Forest,2,0,6,6,1,4,1,,,,,,3,3,1,,,1,,,,,
5caec6b270da3100017f35de,8/3/25 9:48,1149,,,1,,57,1,2,1,,2,,,,,1,1,,,2,,,1,3,2,4,5,5,3,2,2,4,1,4,3,3,2,3,3,3,1,1,3,4,0,1,150000,200000,2,250000,175000,165000,250000,2,280000,175000,150000,,,,,2,5,2,2,2,0,0,2,3,1,4,5,2,3,2,2,5,2,3,3,2,1,2,1,1,,,1,,,1,1,,1,,,,,,,1,1,California,90630,2,California,Los Angeles ,3,0,7,7,5,5,1,,,,,,1,1,,1,,,1,,,,
64921fc8c813049f1fd29b47,8/3/25 9:48,769,,,1,,64,1,4,1,,4,,,1,,,,,,6,1,,,4,4,5,1,2,5,2,1,2,1,4,2,4,5,1,-1,3,3,-1,3,2,1,0,27000,25000,1,50000,22000,,,,,,30000,,,,,1,1,0,2,2,0,0,2,4,1,3,5,4,2,5,3,5,3,3,4,2,3,2,1,1,,,,,1,0,0,,,,,,,1,,1,1,Texas,77568,2,Texas,Houston,3,0,6,6,3,3,,1,,,,,1,3,1,,,1,,,,,
6400d8fbeba2f9f8eb604b9a,8/3/25 9:48,552,,,1,,41,1,4,1,,3,,,,,,,,,6,,,1,1,1,5,2,2,5,5,4,5,1,4,2,3,1,2,2,2,2,2,2,4,0,1,65000,95000,2,110000,55000,168000,200000,2,285000,140000,110000,,,,,4,6,0,0,2,0,0,0,2,1,3,2,5,4,2,3,4,3,4,4,3,1,2,1,1,,,,1,,0,0,,1,,,,,,,1,0,Minnesota,55104,3,Minnesota,Saint Paul,3,2,4,5,1,2,1,,,,,,2,2,1,,,1,,,,,
6633e281f08a156a04a3379d,8/3/25 9:48,844,,,1,,67,1,3,1,,3,,,,,,,,,6,1,,,2,2,4,4,3,4,2,1,3,2,5,3,4,1,2,2,3,2,2,3,3,0,1,25000,30000,1,30000,25000,120000,130000,2,150000,100000,80000,,,,,10,10,0,2,2,0,0,2,3,1,2,5,3,4,3,1,4,1,4,2,1,1,1,1,1,,,1,,,1,1,,,,,,,1,,1,1,New York,12828,1,New York,,1,0,5,5,3,3,,,,,1,,1,1,,1,,,1,,,,
65cb586a1166caf7eb546dda,8/3/25 9:48,476,,,1,,52,0,3,1,,3,,,,,,,,,5,1,,,1,3,4,4,-1,-1,4,1,3,4,4,3,4,5,2,3,2,2,2,3,3,1,1,75000,1000000,3,1000000,900000,,1000000,3,900000,800000,100000,,,,,5,5,0,0,2,0,0,0,4,1,5,2,3,4,2,5,3,2,5,4,3,1,1,2,,1,,,,1,0,0,,1,,,,,,,1,0,California,92124,2,California,San Diego,2,0,6,7,6,6,1,,,,,,1,1,,1,,,,,,,
5a59305aeedc320001427f5f,8/3/25 9:48,976,,,1,,71,1,5,1,,3,,,,,,,,,4,,1,,1,1,5,1,1,5,5,2,4,1,1,2,3,4,2,2,2,2,2,1,3,0,1,42000,45000,3,60000,44000,64000,70000,2,80000,65000,80000,,,,,1,5,0,0,0,0,0,0,4,2,5,4,1,3,4,5,5,1,3,1,1,2,1,1,1,,,1,,,0,0,,,,,,,1,,1,1,Missouri,63043,2,Kansas,Wichita,3,0,6,6,3,2,,,,,1,,3,3,1,,,1,,,,,
664fc88e589ceacc92930e9d,8/3/25 9:49,1252,,,1,,35,1,4,1,,4,,1,,,,,,,6,,,1,2,3,3,4,2,2,4,3,4,2,4,2,3,2,2,2,2,3,2,4,3,0,1,45000,75000,2,85000,50000,80000,120000,2,150000,95000,90000,,,1,110000,2,4,0,0,0,0,0,0,4,3,1,2,4,5,4,2,4,2,3,2,2,2,1,3,,1,,1,,,4,4,,,,,,,1,,1,1,Florida,34761,2,Alabama,"Madison, AL",2,2,4,7,6,7,,1,,,,,2,2,,1,,,1,,1,,
5de301515253b03390043d12,8/3/25 9:49,1124,,,1,,61,0,3,1,,3,,,,,,,,,4,,,1,1,2,5,5,2,4,3,2,2,2,4,3,5,2,2,3,3,3,2,3,2,1,0,54000,125000,1,100000,75000,,,,,,100000,,,,,7,9,0,0,0,0,0,0,4,2,3,5,1,4,1,5,4,1,4,2,2,2,2,3,1,,,,,1,3,3,,,1,,,,,,1,0,Georgia,31210,3,Florida,Miami,3,0,5,6,3,5,1,,,,,,2,1,,,,,,,,,
645179915e31c1aeb3dc8129,8/3/25 9:49,593,,,1,,61,1,4,1,,4,,,1,,,,,,5,,1,,2,2,5,4,5,4,4,1,5,1,4,2,2,2,1,2,1,3,3,3,2,0,1,25000,30000,1,20000,18000,55000,60000,1,50000,40000,100000,,,,,3,5,0,2,2,0,0,0,4,1,3,2,4,5,2,1,2,4,3,1,4,2,3,1,1,,,1,,,1,1,,,,,,,1,,1,1,Florida,33019,3,New York,NYC,3,0,3,3,5,5,1,,,,,,1,3,,,1,,,1,,,
5f13863cc6197238777ba81e,8/3/25 9:49,1269,,,1,,41,1,4,1,,0,,,,,,,,,5,1,,,1,4,5,5,1,5,5,2,4,2,2,1,1,1,2,3,3,3,4,3,4,0,0,315000,200000,1,300000,150000,390000,,,,,200000,,,,,1,1,2,2,2,0,2,2,2,1,4,2,5,3,4,4,4,4,2,1,2,2,3,3,1,,,1,,,1,1,,,,,,,,1,1,1,California,92691,2,California,Los Angeles,3,0,7,7,6,7,1,,,,,,2,3,1,,,1,,,,,"nothing, was interesting to think about the 10 year out scenarios"
63e7f2a754618d35c2b61ba5,8/3/25 9:50,706,,,1,,65,0,2,1,,2,,,,,,1,1,,6,,,1,1,2,5,5,2,5,4,4,4,2,5,3,2,2,2,2,2,2,4,2,1,1,0,29500,35000,1,50000,15000,,,,,,29000,,,,,2,1,0,0,2,0,0,0,4,1,2,5,4,3,4,5,4,4,4,2,2,1,3,5,1,,,,,1,0,0,,,,,,,1,,1,1,New York,12901,1,New York,Plattsburgh,1,0,6,6,3,6,,,1,,,,2,2,,1,,,,,,,
680e6f9fac807be7d394a832,8/3/25 9:50,875,,,1,,66,0,1,1,,1,,,,,,1,1,,1,,,1,5,3,5,3,3,1,1,1,1,1,5,-1,-1,2,3,3,3,1,2,2,5,0,0,500000,300000,3,1000000,50000,500000,,,,,300000,,,,,1,10,2,2,2,0,2,2,1,1,5,2,3,4,3,4,5,1,3,4,2,1,1,1,1,,,1,,,3,4,,,,,,,,1,1,1,Ohio,44044,2,Ohio,Elyria,2,0,7,8,3,3,,,1,,,,2,2,,1,,,1,,1,,"The bias of the survey is obvious, let some non university people structure it so the left wing bias of the university does not come through . . . ."
67c15dbceef604f366c06d00,8/3/25 9:50,1276,,,.89999998,,62,0,2,1,,4,,1,,,,,,,6,1,,,2,2,2,5,4,4,4,4,4,4,4,3,3,2,3,3,3,4,3,3,4,1,1,98000,250000,2,500000,100000,,250000,2,500000,100000,150000,,,,,8,5,0,0,0,0,0,0,2,3,5,1,2,4,4,5,5,2,1,3,3,4,3,3,1,,,,,1,4,-1,,,,,,,1,,1,1,New York,17310,3,New York,New York City,2,0,6,6,5,6,,1,,,,,1,1,,1,,,1,,1,,
663becdaa4ce8c64218329d3,8/3/25 9:50,800,,,1,,48,1,5,1,,3,,,,,,,,,7,1,,,1,1,5,3,1,5,5,1,1,1,1,3,3,4,1,2,-1,2,2,2,1,1,0,15000,100000,3,85000,70000,,,,,,50000,,,,,1,1,0,0,0,0,0,0,5,1,2,4,5,3,5,3,5,2,5,2,1,1,2,2,1,,,,,1,2,-1,,,,1,,,,,1,1,Texas,78705,3,Texas,Austin,3,0,4,5,3,3,1,,,,,,3,3,,,,,,,,,
67164d40becf6c95181afe97,8/3/25 9:51,941,,,1,,37,1,4,1,,3,,,,,,,,,5,,1,,1,2,4,5,4,4,2,2,2,2,5,2,3,5,2,2,3,3,2,3,3,0,1,90000,120000,2,150000,110000,160000,210000,2,250000,200000,160000,,,1,180000,1,10,0,2,2,0,0,0,2,2,1,5,4,3,2,2,5,3,2,3,2,2,2,3,1,,,1,,,1,1,,,,1,,,,,1,0,Florida,33624,2,Florida,Tampa,2,0,6,6,4,6,1,,,,,,1,1,,1,,,1,,,,None. Thank you for the opportunity.
5c439193f114f2000195658e,8/3/25 9:51,414,,,1,,43,0,1,1,,3,,,,,,,,,2,1,,,2,1,1,1,5,4,1,2,2,1,5,4,5,2,2,2,1,2,3,3,1,1,0,42000,50000,2,60000,35000,,,,,,25000,,,,,2,5,0,0,2,0,0,0,4,1,2,4,3,5,4,4,4,2,4,3,2,1,3,4,1,,,1,,,1,1,,,,,,,1,,1,1,North Carolina,27050,1,Maryland,Fort Washington,2,0,5,5,2,7,1,,,,,,2,1,,1,,,1,,,,na
5e7e0e92b7838b4aca1b6fca,8/3/25 9:51,988,1,1,1,,55,0,4,1,,2,,,,,1,,,,6,,1,,1,3,5,4,1,5,5,2,5,3,4,3,3,5,2,3,3,1,1,1,2,1,0,36000,46000,3,50000,40000,,,,,,55000,,,,,5,5,0,2,2,0,0,0,2,2,4,3,5,1,3,5,4,1,4,4,1,1,1,3,1,,,,,1,0,0,,,,1,,,,,1,0,New York,10463,3,New York,New York,3,0,4,5,3,2,1,,,,,,2,3,1,,,1,,,,,
67d5dee38aa3fcb101326869,8/3/25 9:51,1234,,,.89999998,,73,0,5,1,,5,,,,1,,,,,5,,1,,1,2,5,1,4,5,5,1,4,1,2,3,4,1,3,1,3,2,2,4,4,0,1,50000,50000,3,50000,50000,50000,50000,3,50000,50000,40000,,,,,10,10,0,0,2,0,0,0,4,3,5,4,1,2,4,1,5,1,1,4,1,1,1,1,1,,,1,,,2,2,,,,,,,1,,1,1,Florida,32955,2,New Jersey,Westfield,2,0,9,9,3,6,,,,,1,,3,3,1,,,1,,,,1,"Many of the questions did not apply to me as I am retired with a fixed income. My income should not vary. There will always be rich and poor many times perpetuated by circumstances beyond one’s control. Like where you are born and even the date you were born. Did you make the cut off date for first grade. Read Malcolm Gladwell, Outliers"
633af05da0499598ca6a9834,8/3/25 9:51,742,,,1,,53,1,5,1,,3,,,,,,,,,2,,1,,1,1,4,1,4,5,5,4,5,1,2,1,1,3,2,1,2,2,1,2,2,0,0,35000,35000,2,50000,15000,44000,,,,,45000,,,,,3,6,0,0,0,0,0,0,5,3,1,4,5,2,5,5,2,2,3,1,4,3,4,5,1,,,1,,,0,0,,,,1,,,,,1,1,Texas,77550,3,Texas,Marlin,1,0,4,4,5,1,,,1,,,,3,3,1,,,1,,,,,
675849848f0cf4eebe7cbfc7,8/3/25 9:51,682,,,1,,55,1,5,1,,5,,,,1,,,,,7,,1,,1,1,5,2,1,5,5,4,5,2,3,1,2,1,2,1,1,1,3,3,1,0,1,500,15000,2,20000,10000,50000,75000,2,90000,50000,12000,,,,,10,5,0,2,2,0,0,0,5,4,3,5,1,2,5,5,2,2,3,3,2,2,5,5,1,,,,,1,2,2,,,,,,,1,,1,1,Louisiana,71346,1,Louisiana,Pineville,1,0,4,4,3,3,,,1,,,,3,1,,,,1,,,,,None.
6776fdb9f2bb1472a74842a4,8/3/25 9:51,1345,,,1,,72,1,5,1,,5,,1,,,,,,,7,,1,,2,5,5,5,5,5,5,5,5,2,2,2,3,1,1,2,2,2,2,2,2,1,0,51500,65000,2,60000,52000,,,,,,80000,,,,,1,3,0,0,0,0,0,0,4,1,2,3,5,4,3,3,3,1,3,2,2,2,2,3,1,,,1,,,2,2,,,,,,,1,,1,1,Texas,75201,3,Texas,fort worth,3,0,7,7,6,6,,1,,,,,1,1,,1,,,1,,,,
65761328646d5bb2adf235d4,8/3/25 9:52,553,,,.80000001,,37,1,5,1,,4,,1,,,,,,,5,,1,,1,3,5,1,1,5,5,4,5,1,2,2,2,1,1,2,1,3,3,2,2,1,0,26500,28000,1,30000,24000,,,,,,33000,,,0,33000,4,2,0,0,0,0,0,0,4,2,1,5,3,4,4,1,4,2,3,1,3,2,5,5,,1,,,,1,0,0,,,,,,,1,,1,1,Missouri,64507,2,Missouri,Saint Joseph,2,0,3,4,4,3,1,,,,,,3,3,,,,,,,,,
67eed90ad37d56b29145e601,8/3/25 9:52,1408,1,,.1,,61,1,4,1,,4,,1,,,,,,,7,,1,,2,2,5,5,1,5,5,1,1,1,1,-1,3,2,3,3,3,4,4,4,4,0,1,230000,530000,3,1000000,530000,230000,53000,3,1000000,530000,330000,,,,,10,10,2,2,2,0,2,2,5,4,3,2,1,5,1,5,5,1,5,4,1,2,1,1,1,,,1,,,4,4,,,,,,,1,,1,1,California,91356,3,California,Los Angeles,3,0,6,6,6,6,1,,,,,,3,3,1,,,1,,,,,
66ac3dbee15ba2ca0996f1e5,8/3/25 9:53,2192,,,1,,66,1,4,1,,4,,,1,,,,,,5,1,,,3,4,5,4,4,5,4,4,3,3,4,2,2,5,1,2,2,3,4,4,4,0,1,90000,140000,3,140000,90000,125000,200000,3,200000,125000,180000,,,,,6,6,0,0,0,0,0,0,4,2,4,1,5,3,4,5,5,2,4,4,3,2,4,5,1,,,,,,2,2,,,1,,,,,,1,1,Alabama,36110,3,Massachusetts,Maiden,3,0,7,7,6,6,1,,,,,,1,1,,1,,,1,,,,None
67e3f310e2ed4df9e5771e9d,8/3/25 9:53,1775,1,,.2,,70,1,5,1,,4,,1,,,,,,,6,,,1,2,3,5,2,1,5,4,2,4,1,3,3,4,2,2,1,2,3,4,3,4,0,1,75000,100000,2,120000,80000,70000,200000,2,180000,100000,60000,,,,,5,5,0,0,2,0,0,0,3,2,3,1,5,4,4,3,4,1,5,4,1,1,1,1,,1,,1,,,5,5,,,1,,,,,,1,0,South Carolina,29369,2,South Carolina,Columbia,2,0,7,7,1,1,,,,,1,,1,1,,1,,,1,,,,
5dfb693a73d72487b1fe495b,8/3/25 9:54,852,,,.89999998,,70,1,5,1,,4,,,1,,,,,,3,,1,,1,1,4,4,2,4,5,4,5,2,2,2,3,2,2,1,2,3,3,3,3,0,1,110000,115000,2,115000,110000,110000,115000,2,115000,110000,75000,,,,,10,10,2,2,2,0,0,2,4,1,5,2,4,3,3,1,5,1,3,4,2,2,1,1,1,,,1,,,2,2,,,,,,,1,,1,1,New York,13039,2,New York,North Syracuse,2,0,6,6,3,6,,,,,1,,2,2,1,,,1,,,,,
66339b9086867c7a3b2af3ac,8/3/25 9:54,1300,,,1,,79,0,1,1,,3,,,,,,,,,5,,,1,3,4,5,4,4,1,2,1,5,3,5,2,3,5,1,2,3,1,1,2,4,0,0,50000,62000,2,60000,50000,70000,,,,,85000,,,,,6,1,0,0,2,0,0,2,4,1,3,2,5,4,4,2,5,1,3,4,1,1,3,1,1,,,1,,,2,2,1,,,,,,1,,1,1,North Carolina,28098,2,North Carolina,Cramerton,2,0,5,5,1,2,,,,,1,,1,1,,1,,,1,,,,
665cbfcf8534afbb16c06687,8/3/25 9:54,725,,,1,,65,1,4,1,,4,,1,1,,,,,,2,,1,,1,1,4,3,3,4,5,3,4,3,4,1,2,2,2,1,1,2,2,3,2,0,1,20000,15000,1,20000,10000,55000,40000,1,50000,30000,50000,,,,,1,3,0,0,2,0,0,0,4,1,2,5,4,3,4,1,4,2,2,2,1,2,3,5,,1,,1,,,1,1,,,,,,,1,,1,1,Texas,75501,2,California,San Bernadino,3,0,3,3,2,3,1,,,,,,1,1,,,,,,,,,
638e84c70418d8a2c0aa372e,8/3/25 9:54,615,,,1,,68,1,5,1,,3,,,,,,,,,1,,1,,2,2,4,2,2,4,5,5,5,4,2,2,2,1,1,1,1,1,1,2,1,1,0,17000,17000,2,1800,1500,,,,,,30000,,,,,1,1,0,0,0,0,0,0,5,1,3,5,4,2,5,1,2,4,1,1,4,3,4,5,,1,,,,1,0,0,,,,,,,1,,1,1,Oklahoma,74135,2,Missouri,Hillsboro,1,0,8,8,1,1,1,,,,,,2,3,1,,,1,,,,,
6832419ec81a26698b331047,8/3/25 9:54,2095,,,1,,62,1,4,1,,2,,,,,1,1,1,,6,,,1,2,2,4,4,3,5,4,2,5,2,1,2,2,1,3,3,3,2,3,3,3,1,1,60000,70000,2,75000,50000,,75000,2,70000,50000,60000,,,,,6,5,0,0,0,0,0,0,4,3,4,2,5,1,5,3,5,2,4,4,3,3,2,1,,1,,,,,3,3,,,,1,,,,,1,0,Texas,78408,2,Missouri,St. Louis,2,0,9,9,6,6,,1,,,,,3,3,1,,,1,,,,,none
5be8dab5d153f500019ab320,8/3/25 9:55,920,,,1,,51,1,4,1,,5,,1,1,,,,,,7,,,1,1,2,4,1,1,4,5,4,5,1,2,1,2,2,2,2,2,3,3,4,3,1,1,65000,75000,2,59000,55000,,70000,2,65000,60000,60000,,,,,2,4,0,2,2,0,0,0,1,4,1,5,2,3,4,3,4,2,3,3,2,3,2,1,1,,,,,1,0,-1,,,,,,,1,,1,1,California,95490,1,California,San Francisco,3,0,4,5,7,6,1,,,,,,3,3,1,,,1,,,,,
666c9ae8916b81a21a5d2275,8/3/25 9:55,1858,,,1,,77,0,4,1,,1,,,,,1,,1,1,7,,,1,1,1,2,2,4,5,1,2,4,1,4,1,1,4,3,3,1,1,1,3,4,1,1,128000,160000,3,175000,160000,,210000,2,250000,200000,150000,,,,,5,5,0,2,2,0,0,2,2,2,4,5,1,3,1,5,5,1,4,4,1,2,1,1,1,,,,,1,2,2,,,,,,,1,,1,0,North Carolina,28303,2,California,Monterey,2,0,6,7,1,5,,,,,1,,2,2,,1,,,1,,,,"The survey was professional. Good length, not confusing and good design."
66dcb77e1afbc2e7fa393b87,8/3/25 9:55,1061,,,1,,46,1,5,1,,3,,,,,,,,,7,,1,,1,1,5,4,2,5,5,2,5,1,2,4,5,4,2,3,2,1,3,3,3,1,0,80000,100000,2,120000,70000,,,,,,90000,,,,,1,3,0,2,2,0,0,0,2,1,3,4,5,2,2,3,4,3,3,4,2,1,3,1,1,,,,,1,0,0,,1,,,,,1,,1,0,California,91335,3,California,Fresno,3,0,6,6,3,6,1,,,,,,2,2,1,,,1,,,,,
67d29732f4c73016f59056f6,8/3/25 9:55,3087,,,1,,60,1,4,1,,5,1,1,1,,,,,,6,,1,,2,2,5,4,2,5,4,2,4,1,2,2,3,5,2,2,2,3,3,3,4,1,1,75000,100000,2,110000,50000,,85000,2,110000,50000,85000,,,,,5,6,0,0,0,0,0,0,4,4,2,5,3,1,5,4,4,2,4,4,2,2,2,1,1,,,1,,,2,2,,,,,,,1,,1,1,Michigan,48220,3,Michigan,Ferndale,3,0,7,7,5,6,1,,,,,,2,2,,,1,,,1,,,Thanks for such an interesting study.
652be55d3d99a68b56fe7d56,8/3/25 9:55,949,,,1,,42,1,5,1,,5,,1,,,,,,,7,,,1,1,3,5,5,2,5,5,5,5,4,1,2,3,1,2,2,2,2,1,3,4,1,0,150000,170000,2,180000,160000,,,,,,125000,,,,,1,5,0,2,2,0,0,2,2,3,1,5,2,4,4,4,5,1,5,4,2,2,1,1,,1,,,,1,0,0,,,1,,,,,,1,1,South Carolina,29201,2,Georgia,Atlanta,2,0,7,7,7,6,1,,,,,,2,2,1,,,1,,,,,
637e447c16e05f6828930612,8/3/25 9:56,998,,,1,,70,1,4,1,,4,,,1,,,,,,6,1,,,1,4,5,5,4,4,4,4,4,4,5,1,2,1,2,2,2,3,3,3,3,1,0,42000,42000,2,42000,42000,,,,,,42000,,,,,1,10,2,2,2,0,2,2,2,1,2,4,5,3,5,1,5,1,4,4,2,1,1,1,1,,,1,,,2,2,,,,,,,1,,1,1,Georgia,30566,2,Georgia,Gainesville ,2,0,9,9,6,4,1,,,,,,1,1,,1,,,1,,,,no feedback 
67cdc3c7ea7918dcd6f2ab2d,8/3/25 9:57,2300,,,1,,61,1,4,1,,4,,1,,,,,,,6,,,1,2,3,5,4,4,5,4,2,4,1,2,2,3,5,3,3,3,2,2,2,4,0,1,67000,73000,2,85000,30000,67000,73000,2,85000,30000,150000,,,,,3,4,0,0,2,0,0,0,4,3,5,1,4,2,4,3,5,1,3,4,3,2,4,1,,1,,,,,1,3,,,,,,,1,,1,1,Indiana,46725,3,Indiana,Columbia city,3,0,6,7,3,4,1,,,,,,1,1,,1,,,1,,,,
67e70a61f963fecfc78db7ab,8/3/25 9:57,1734,,,1,,54,1,5,1,,5,,,1,,,,,,6,,1,,1,1,4,5,2,5,5,4,4,1,1,1,2,1,2,2,2,1,1,3,3,0,1,130000,60000,1,110000,24000,130000,72000,2,258000,72000,48000,,,,,3,5,0,2,2,0,0,2,2,3,4,1,2,5,5,4,3,3,2,4,3,1,1,1,1,,,,1,,1,2,,1,,,,,,,0,0,California,95060,2,California,n/a,2,0,6,7,1,1,,,,,1,,2,3,1,,,1,,,,,
663a8a591f436a85bb4d90c2,8/3/25 9:59,1098,,,1,,72,1,5,1,,5,,1,,,,,,,1,1,,,1,2,5,2,2,5,5,4,4,4,2,2,2,4,2,2,2,1,1,2,3,0,1,40000,20000,2,30000,15000,68000,60000,2,70000,50000,40000,,,,,6,6,0,2,2,0,0,2,5,1,2,3,4,5,4,2,4,1,3,4,1,1,2,1,,1,,1,,,1,1,,,1,,,,,,1,1,North Carolina,27107,2,North Carolina,Winston Salem,3,0,7,7,1,1,,1,,,,,2,2,1,,,1,,,,,Interesting
5de83840271a1c7b0fb7ec16,8/4/25 10:46,575,,,1,1,37,0,3,,1,3,,,,,,,,,4,1,,,2,3,4,4,4,3,2,2,3,4,3,4,4,1,2,3,3,2,3,2,4,0,1,117000,175000,2,140000,110000,165000,225000,2,255000,195000,100000,,,1,225000,5,1,0,2,2,0,2,0,2,2,1,5,4,3,3,1,4,2,4,3,2,2,2,1,,1,,1,,,1,1,,,,,,,1,,1,1,Wisconsin,53402,2,North Dakota,Fargo,2,0,5,6,3,6,1,,,,,,1,2,,1,,,1,,,,
663aa6420a964c2a7740b9d7,8/4/25 10:49,561,,,1,1,37,1,5,,1,3,,,,,,,,,5,1,,,2,2,4,4,2,5,5,4,4,4,4,2,2,2,1,2,1,3,4,3,3,1,0,105000,150000,2,200000,150000,,,,,,105000,,,1,110000,1,5,0,0,0,0,0,0,4,2,5,3,1,4,4,5,4,1,4,3,1,1,2,1,,1,,1,,,5,5,,,,1,,,1,,1,0,Ohio,44074,1,Ohio,"Amherst, Ohio",1,3,6,6,3,3,1,,,,,,1,3,1,,,1,,,,,
58effc65c31d4d00015aa5b9,8/4/25 10:49,702,,,1,1,51,1,2,,1,4,,,1,,,,,,6,,,1,1,2,5,4,2,4,5,4,5,2,2,3,3,3,2,2,2,3,3,3,3,0,0,40000,52000,2,48000,40000,74000,,,,,74000,,,,,5,3,0,2,2,0,2,2,4,4,2,5,1,3,4,2,4,3,3,4,3,2,1,1,,1,,1,,,2,2,,,,,,,1,,1,1,Pennsylvania,15938,1,Pennsylvania,Altoona,1,0,6,6,3,3,1,,,,,,1,2,,,,,,,,,
5bec5b873ffbad0001e8b968,8/4/25 10:50,740,,,1,1,60,1,5,1,,5,,1,,1,,,,,3,1,,,1,1,4,5,1,4,5,5,5,5,5,1,2,4,1,1,1,2,2,2,3,0,0,12700,54000,2,55000,55000,48900,,,,,150000,,,,,1,1,0,2,2,0,2,2,1,1,4,5,2,3,5,2,5,2,2,4,1,1,1,1,,1,,1,,,4,4,,,,,,,1,,1,1,New Jersey,08075,2,New Jersey,Riverside,2,0,4,4,2,3,,,,,1,,1,1,,1,,,1,,,,
588e02b13326830001bc29cd,8/4/25 10:50,762,,,1,1,44,0,5,1,,5,1,,,,,,,,6,,,1,1,2,2,4,5,4,4,1,5,1,5,2,2,1,2,2,1,2,3,4,3,0,1,26000,50000,2,60000,26000,86000,120000,2,120000,86000,86000,,,,,1,1,0,2,2,0,2,2,2,4,2,5,3,1,5,2,5,1,5,4,1,1,1,1,,1,,1,,,3,3,,,,,,,1,,1,1,Maryland,21918,1,Maryland,Perryville,2,0,4,4,2,4,1,,,,,,1,3,,1,,,1,,1,,Everything was easy enough. Numbers can be hard to predict though.
646ae503018c43cc5e033ae6,8/4/25 10:51,997,,,1,1,36,0,2,1,,3,,,,,,,,,2,1,,,4,4,4,3,5,4,2,2,2,1,4,3,4,5,3,3,2,3,3,4,1,1,0,10000,50000,2,80000,25000,,,,,,10000,,,0,25000,1,1,0,2,2,0,0,2,2,3,2,5,1,4,5,1,2,2,4,1,2,1,3,4,1,,,,,1,0,0,,,,,,,1,,1,1,Washington,98682,2,Washington,Vancouver,2,0,6,6,3,3,,1,,,,,1,1,,1,,,1,,,,
67573541b0d5514535218059,8/4/25 10:51,736,,,1,1,35,0,3,1,,3,,,,,,,,,5,,1,,2,4,4,4,3,1,2,2,2,2,5,3,3,2,2,2,-1,-1,2,2,2,1,1,60000,75000,2,110000,70000,,75000,2,110000,70000,70000,,,0,100000,3,3,0,0,0,0,0,0,4,1,3,4,5,2,4,1,4,2,2,1,2,1,2,4,1,,,,,1,0,0,,,,,,,1,,1,0,Florida,32222,2,Wisconsin,Kenosha,2,0,4,6,6,6,1,,,,,,1,1,,1,,,1,,,,
66e9a6cf278a9806ebe7bd0b,8/4/25 10:51,689,,,1,1,35,1,5,1,,4,,1,1,,,,,,5,1,,,2,3,4,3,2,5,5,2,3,2,2,3,3,2,2,2,1,1,1,1,3,1,1,60000,80000,2,80000,40000,,80000,2,80000,40000,100000,,,1,100000,5,5,0,0,0,0,0,0,4,1,3,2,5,4,4,2,4,1,2,2,1,1,2,3,1,,,,1,,1,1,,,,,,,1,,1,1,Pennsylvania,,1,Pennsylvania,,1,0,3,3,7,1,1,,,,,,1,1,,1,,,1,,,,Was a good survey! Was just the right length too. Thank you! hope to do more
67a62f17a81104f3f22f32e8,8/4/25 10:51,679,,,1,1,46,0,1,1,,3,,,,,,,,,1,,1,,1,2,2,3,5,1,1,1,1,2,5,2,3,5,3,3,3,3,4,4,5,0,1,160000,200000,2,185000,125000,235000,300000,2,270000,200000,150000,,,,,1,1,0,0,0,0,0,0,5,1,2,5,3,4,4,5,4,2,5,2,1,1,1,1,1,,,1,,,4,4,,1,,,,1,1,,1,1,Virginia,22553,2,California,Castaic,2,0,6,6,4,6,1,,,,,,1,2,,1,,,,1,,,No.
6753b6b7014705911770ecd0,8/4/25 10:52,651,,,1,1,36,1,4,1,,5,,1,1,,,,,,6,,1,,1,1,5,-1,1,5,-1,2,5,1,4,2,4,-1,2,2,2,3,2,2,3,0,0,50000,70000,1,80000,40000,76000,,,,,65000,,,0,70000,1,2,0,0,2,0,0,0,4,1,2,4,5,3,4,2,1,4,2,4,2,2,3,4,1,,,,,1,0,0,,,,,,,1,,1,1,Colorado,80229,2,Colorado,Denver,3,0,3,3,3,3,,,,,,1,1,3,1,,,1,,,,,
67d948e62910db37769361b0,8/4/25 10:52,3071,,,1,1,30,0,3,1,,3,,,,,,,,,4,,,1,4,3,5,5,4,1,3,4,4,3,5,2,3,2,2,2,-1,3,3,3,3,0,1,65000,120000,2,95000,60000,90000,150000,2,100000,80000,150000,,,1,150000,2,5,0,0,2,0,0,0,3,1,2,4,5,3,5,5,4,2,4,4,4,2,3,5,,1,,1,,,1,2,,,,,,,1,,1,1,Alabama,35750,1,Alabama,Hazel Green,1,0,6,6,,,1,,,,,,1,1,,1,,,1,,,,
676f8b5b07242dc7cacc43cc,8/4/25 10:52,928,,,.89999998,1,44,0,3,1,,3,,,,,,,,,5,1,,,5,4,5,4,4,5,5,2,5,5,5,3,4,3,3,3,3,3,3,3,4,0,1,79000,90990,3,90000,70000,70000,80000,3,90000,60000,75000,,,,,1,1,0,0,0,0,0,0,5,2,3,1,5,4,3,4,4,3,3,4,1,1,1,1,1,,,,,1,2,2,,,,,,,1,,1,1,Indiana,46075,3,Delaware,dover,3,0,7,7,7,7,1,,,,,,3,3,,1,,,1,,1,,
5cfc38f7ee119e001803dd01,8/4/25 10:53,577,,,1,1,30,1,5,1,,5,,,1,,,,,,7,,1,,1,1,4,3,3,3,4,4,5,5,5,2,3,1,2,2,2,4,1,3,2,1,1,50000,65000,1,120000,40000,,65000,2,120000,40000,70000,,,1,75000,1,1,2,2,2,0,0,0,3,1,2,4,5,3,4,2,4,1,4,3,1,1,2,3,1,,,,,1,0,3,,,,,,,1,,1,1,Michigan,48362,2,Michigan,Lake Orion,2,2,4,6,7,4,1,,,,,,2,2,,1,,,1,,,,
6824fd5f12b792fdaec9b2be,8/4/25 10:53,2172,,,.69999999,1,30,1,4,,1,4,,1,,,,,,,6,,1,,5,5,5,5,5,5,5,1,5,2,5,3,4,4,3,3,3,3,3,3,4,0,1,65000,90000,3,90000,80000,65000,90000,3,90000,80000,75000,,,1,75000,3,4,0,0,2,0,0,0,2,3,4,1,5,2,5,5,5,2,3,4,3,1,4,2,1,,,1,,,2,3,,,1,,,,,,1,1,Delaware,19802,3,North Carolina,Greenvile,3,0,6,9,3,3,1,,,,,,1,1,,1,,,1,,,,
67a7e69b82119112d04041fd,8/4/25 10:54,1438,,,1,1,49,1,2,,1,4,,1,,,,,,,6,,,1,4,5,5,5,4,4,5,4,5,4,2,2,3,2,2,2,3,2,3,3,3,0,1,35000,55000,2,50000,45000,35000,55000,2,53000,50000,30000,,,,,3,5,0,1,1,0,0,0,4,3,5,1,4,2,3,4,4,2,3,2,3,2,1,2,,1,,1,,,2,2,,,,,,,1,,1,1,Texas,73301,3,Texas,Austin,3,0,6,7,3,4,,1,,,,,1,1,,1,,,1,,,,it is a well structured study
5c309bb410677f0001dda0ed,8/4/25 10:55,1423,,,1,1,44,1,4,1,,4,,1,1,,,,,,3,,1,,1,-1,4,3,2,4,4,3,4,2,4,2,3,2,1,1,1,2,4,3,3,0,1,30000,100000,2,80000,70000,105000,175000,2,175000,150000,80000,,,,,10,10,0,0,2,0,0,0,2,2,1,5,3,4,4,5,5,1,4,3,2,2,3,4,1,,,,1,,0,0,,,,,,,1,,1,1,Illinois,60657,3,New York,"Utica, NY",3,0,9,9,5,6,,,1,,,,2,2,,1,,,1,,,,
617323e630f3fa36361cb35b,8/4/25 10:55,459,,,1,1,55,1,5,1,,5,,,1,,,,,,6,1,,,1,1,3,4,4,5,5,5,5,4,5,2,3,2,1,1,1,3,2,2,3,0,0,30000,50000,2,60000,40000,70000,,,,,50000,,,,,5,10,0,0,0,0,0,0,1,2,3,5,4,1,5,3,5,2,3,1,4,2,3,1,,1,,1,,,2,2,,,,,,,1,,1,1,Texas,76654,1,Texas,Waco,1,2,5,5,3,3,1,,,,,,2,1,,1,,,1,,,,
67a5f269529a71408abf98b7,8/4/25 10:55,592,,,1,1,49,0,3,,1,3,,,,,,,,,4,,,1,3,3,4,4,4,5,5,5,3,3,3,-1,-1,-1,-1,-1,2,-1,-1,-1,-1,0,1,99000,150000,2,200000,120000,200000,400000,2,400000,300000,250000,,,,,5,5,0,0,0,0,0,0,5,1,5,4,3,2,5,3,5,1,3,2,3,3,3,4,,1,,1,,,1,1,,,,,,,1,,1,1,California,93535,3,California,Lancaster,3,4,7,7,7,7,1,,,,,,1,1,,1,,,1,,,1,
60c4e1091b936c7b812e5af4,8/4/25 10:55,576,,,1,1,48,0,1,,1,3,,,,,,,,,1,1,,,2,2,2,5,5,1,1,1,2,2,4,2,3,3,3,3,3,3,3,3,3,0,1,95000,115000,2,125000,100000,135000,170000,2,190000,125000,95000,,,,,1,1,2,2,2,0,2,2,1,3,4,5,2,1,2,2,5,1,5,4,1,1,1,1,1,,,1,,,5,5,,,,,,,1,,1,1,Florida,32208,3,Florida,Gainesville,2,0,6,6,6,6,1,,,,,,1,1,,1,,,1,,,,
671850082109a84899a43a8e,8/4/25 10:56,577,,,1,1,37,1,5,1,,5,,,1,,,,,,6,,1,,2,2,5,2,2,5,5,3,5,1,2,3,2,3,-1,3,-1,2,5,4,2,0,1,35000,100000,2,250000,50000,175000,250000,2,500000,100000,50000,,,0,150000,1,3,2,2,2,0,1,1,4,3,1,5,4,2,5,5,4,4,2,4,4,2,4,1,1,,,,1,,0,0,,,,,,,1,,1,1,Florida,32835,2,Florida,Orlando,2,0,6,6,5,6,1,,,,,,1,2,1,,,,1,,,,Thanks for including me! 
5e076480c4e1550e2114f006,8/4/25 10:56,652,,,1,1,48,0,1,,1,3,,,,,,,,,4,,,1,1,1,5,5,1,3,1,2,5,5,5,2,4,1,1,3,3,3,4,3,3,1,0,54000,25000000,3,100000000,25000000,,,,,,200000,,,,,10,10,0,2,2,0,0,0,2,1,3,2,4,5,1,5,4,1,5,1,5,1,3,5,1,,,1,,,4,4,,,,1,,,,,1,0,Texas,77539,2,New York,The Bronx,3,0,4,4,3,3,,,1,,,,1,1,,1,,,1,,,,
5f82567f1e720a3842580d23,8/4/25 10:57,665,,,1,1,64,0,3,,1,3,,,,,,,,,4,,,1,1,4,5,4,5,1,2,1,4,1,5,1,1,4,2,2,2,2,2,2,3,0,1,53000,30000,1,30000,28000,53000,30000,1,35000,30000,18000,,,,,1,2,0,2,2,0,0,2,3,1,4,2,5,3,3,2,5,2,4,3,3,1,1,1,1,,,,1,,1,1,,,,,,,1,,1,1,Tennessee,38305,3,Tennessee,Humboldt,3,0,6,6,2,4,1,,,,,,1,1,,1,,,1,,1,,
67758b914f06b14a31669644,8/4/25 10:57,692,,,1,1,33,0,1,1,,3,,,,,,,,,5,,,1,4,4,3,4,4,4,2,4,4,4,4,3,3,2,1,1,1,3,3,3,2,0,0,65000,75000,2,85000,75000,65000,,,,,85000,,,0,85000,1,1,0,0,0,0,0,0,2,2,5,1,4,3,4,3,4,3,2,1,3,1,2,4,,1,,1,,,0,0,,,,,,,1,,1,1,Mississippi,38834,1,Tennessee,nashville,2,2,4,5,5,1,,,,,,1,1,1,,1,,,1,,,,
67cee8d6088dc3c843f48e48,8/4/25 10:58,1846,,,.89999998,1,46,1,4,,1,4,,1,,,,,,,5,,1,,1,3,5,5,4,5,5,4,4,5,5,5,5,1,2,3,2,3,3,3,3,1,1,75000,180000,3,150000,80000,,150000,2,180000,80000,200000,,,,,5,1,0,0,0,0,0,0,5,1,2,5,3,4,3,3,3,1,4,2,1,1,1,2,1,,,,1,,3,3,,,1,,,,,,1,1,Illinois,60074,2,Florida,Miami,2,0,6,6,6,6,1,,,,,,3,3,,1,,,1,,,,
664fa27830b7988bbfad8aff,8/4/25 10:58,945,,,1,1,32,1,5,,1,5,,,,1,,,,,6,,,1,2,1,3,4,3,4,5,4,5,4,4,1,2,1,1,1,-1,1,2,1,2,1,1,32000,60000,2,65000,18000,,50000,2,64000,20000,39000,,,1,43000,1,1,0,0,2,0,0,0,4,2,1,5,4,3,5,2,4,2,3,1,4,4,3,1,,1,,1,,,1,1,,,,,,,1,,1,1,Mississippi,39440,2,Mississippi,Laurel,2,0,3,3,2,3,1,,,,,,2,2,,1,,,1,,,,Thank you 
5bc0af535ea1020001f9352d,8/4/25 10:58,836,,,1,1,55,1,5,,1,3,,,,,,,,,6,1,,,1,1,4,2,1,5,5,4,4,1,5,1,3,1,1,1,1,3,3,3,2,0,1,30000,34000,2,45000,30000,46000,50000,2,65000,30000,45000,,,,,1,1,0,2,2,0,0,2,2,1,2,3,4,5,2,3,4,2,4,1,2,1,2,5,,1,,1,,,2,2,,,,,,,1,,1,1,Tennessee,38506,2,Tennessee,Cookeville,2,0,5,5,3,2,1,,,,,,1,1,,1,,1,,,,,
66f05e51545ecf68df96f480,8/4/25 10:59,1828,,,1,1,52,0,3,,1,3,,,,,,,,,6,,,1,3,3,5,5,3,5,5,3,3,3,5,2,3,3,1,2,2,2,3,2,3,0,1,35000,40000,2,45000,25000,35000,85000,2,90000,60000,90000,,,,,5,4,0,0,0,0,0,0,3,1,2,4,5,3,2,4,4,3,3,2,2,2,2,1,,1,,1,,,3,3,,,,,,,1,,1,1,Texas,77510,1,Texas,Santa Fe,1,0,3,4,2,2,,,1,,,,1,1,,1,,,1,,1,,
5c6ae4c31b9d0e000190bacc,8/4/25 10:59,680,,,1,1,62,0,3,,1,3,,,,,,,,,7,,,1,1,1,5,4,4,3,4,1,5,4,5,2,2,3,3,3,2,3,1,3,3,0,1,19000,30000,3,40000,29000,30000,50000,2,60000,49000,40000,,,,,5,10,0,2,2,0,0,0,2,3,4,5,1,2,3,1,4,1,3,4,2,1,2,1,,1,,1,,,0,0,,,,,,,1,,1,1,Tennessee,37924,2,Kentucky,Danville,2,0,6,6,3,6,,1,,,,,1,1,,1,,,1,,,,
6657de6005b37ec6f43084a6,8/4/25 10:59,788,,,1,1,38,0,3,1,,1,,,,,1,,,,4,,,1,1,3,4,4,3,2,2,2,4,1,4,3,2,1,1,2,1,3,2,3,3,0,1,55000,65000,1,70000,55000,139000,250000,1,300000,150000,150000,,,1,150000,2,2,0,0,2,0,0,0,3,2,1,5,4,3,2,3,5,1,4,1,1,1,2,4,,1,,1,,,1,2,,,,,,,1,,0,1,Texas,78108,2,Texas,Schertz,2,0,7,7,4,6,1,,,,,,1,2,,1,,,1,,,,
67ac8ac7ff629901b8ab0ffd,8/4/25 10:59,621,,,1,1,42,1,5,1,,4,,1,,,,,,,5,1,,,1,4,4,4,4,3,3,4,4,4,4,2,3,2,1,2,1,2,2,2,2,0,1,50000,75000,1,95000,45000,50000,75000,1,95000,45000,70000,,,,,5,5,0,0,0,0,0,0,4,1,3,4,5,2,4,4,4,3,2,1,4,3,5,5,,1,,1,,,2,2,,,,,,,1,,1,1,South Carolina,29845,1,Georgia,Dublin,1,0,5,5,3,6,,,,,1,,1,1,,1,,,1,,,,
675a5ad39c319c39e7753011,8/4/25 10:59,471,,,1,1,37,1,5,1,,3,,,,,,,,,7,1,,,1,5,4,3,2,5,5,4,4,2,5,1,2,1,1,1,1,2,2,2,1,0,1,45000,40000,2,50000,30000,70000,75000,2,100000,70000,80000,,,0,80000,1,6,0,0,0,0,0,0,4,1,2,5,4,3,5,2,1,4,1,2,3,2,2,4,1,,,1,,,0,2,,,,,,,1,,1,1,West Virginia,26202,1,Wisconsin,Oshkosh,2,0,3,3,3,3,,,,,,1,1,1,,,,,,,,,
5d0eecdd348afe00015865aa,8/4/25 10:59,698,,,1,1,51,1,5,1,,3,,,,,,,,,5,,1,,2,3,4,4,2,2,5,2,4,2,5,1,2,1,1,1,1,2,3,2,2,0,1,28000,33000,1,42000,28000,51000,61000,1,65000,55000,65000,,,,,1,2,0,0,0,0,0,0,4,1,2,3,4,5,4,1,3,3,3,2,2,1,2,1,,1,,1,,,3,3,,,,,,,1,,1,1,Wisconsin,53104,1,Illinois,Chicago,3,0,5,5,3,3,,1,,,,,1,2,,1,,,1,,,,thank you
65e41e88a96a10f5f38d608e,8/4/25 10:59,839,,,.89999998,1,35,1,5,,1,4,,1,,,,,,,4,,,1,2,4,5,5,2,5,5,5,5,4,4,3,3,1,2,2,2,4,3,4,2,1,1,10000,100000,2,80000,700000,,25000,2,80000,10000,55000,,,1,65000,5,5,0,0,2,0,0,0,3,3,5,1,4,2,4,4,4,3,4,1,4,3,4,4,,1,,,,1,4,4,,,,,,,1,,1,1,Colorado,90210,2,Oregon,Portland ,2,0,4,5,5,4,,1,,,,,1,1,,1,,,1,,1,,
66329b48f43cf984fdc252d3,8/4/25 10:59,951,,,1,1,64,1,4,1,,4,,,1,,,,,,7,,1,,1,1,5,1,2,2,4,4,5,1,1,2,2,-1,1,2,2,3,2,2,2,0,1,28000,24000,2,30000,24000,55000,50000,2,50000,50000,60000,,,,,6,1,0,2,2,0,0,0,4,1,3,4,2,5,5,2,4,3,2,2,5,1,4,1,,1,,,,1,0,0,,,,,,,1,,1,1,Alabama,35601,2,Louisiana,Winnfield,1,0,4,6,2,3,1,,,,,,1,3,1,,,,1,,,,
62cd43d66c2dd7ae9ab53ae7,8/4/25 10:59,803,,,1,1,38,0,3,,1,3,,,,,,,,,1,,1,,3,5,4,5,5,1,1,1,5,4,5,1,3,1,2,2,2,4,3,4,2,0,1,54000,80000,2,100000,70000,104000,140000,3,180000,125000,80000,,,1,140000,1,1,0,0,2,0,0,0,2,1,2,3,4,5,4,4,3,3,2,4,4,1,1,3,1,,,,1,,0,2,,,,1,,,1,,1,1,California,90094,3,California,Los Angeles,3,0,6,6,6,6,,,1,,,,1,1,,1,,,1,,1,,
670c06bb7926d2525a7a7755,8/4/25 10:59,642,,,1,1,34,1,2,1,,3,,,,,,,,,7,,1,,4,5,5,4,3,5,5,3,3,1,1,4,5,2,3,3,3,3,3,2,4,1,1,73000,200000,3,180000,100000,,180000,3,120000,90000,80000,,,1,120000,3,5,0,0,0,0,0,0,3,1,3,2,5,4,3,5,5,1,4,4,1,1,1,3,1,,,,,1,0,2,,,1,1,,,,,1,1,New York,10458,3,New York,Virginia ,3,0,3,3,5,5,1,,,,,,1,1,,1,,,1,,,,All good 
67097f0092142ae824cb6afa,8/4/25 11:00,693,,,1,1,41,0,2,,1,2,,,,,,,1,,6,,1,,4,5,5,5,2,5,4,2,2,2,4,3,5,2,3,3,1,1,1,1,4,0,1,70000,150000,2,200000,100000,150000,300000,2,350000,250000,100000,,,,,2,6,0,2,2,0,0,2,4,4,5,2,3,1,2,1,5,1,3,2,1,1,1,1,,1,,,1,,0,0,,,,,,,1,,1,1,Kansas,66212,2,Kansas,Kansas City,2,0,4,4,3,3,1,,,,,,1,1,,1,,,1,,,,
610dd74ebf5c4e1977a3e54e,8/4/25 11:00,990,,,1,1,69,0,4,1,,3,,,,,,,,,6,1,,,2,4,4,5,2,2,4,2,4,2,5,4,4,1,3,3,-1,3,3,2,3,1,0,32000,25000,1,25000,20000,,,,,,24000,,,,,10,6,0,2,2,0,0,0,2,1,2,4,5,3,4,2,5,1,3,4,1,1,2,1,,1,,,,,1,1,,,,,,,1,,1,1,Tennessee,38469,1,Tennessee,rather not answer,1,0,4,4,1,3,,,,,1,,1,1,,1,,,1,,,,
68423451060859f8ce31ee5a,8/4/25 11:00,1382,1,,.2,1,39,1,2,,1,5,,1,,,,,,,6,,1,,3,3,4,4,3,4,4,5,4,3,4,4,3,5,2,3,2,3,2,3,2,0,1,150000,300000,2,250000,200000,150000,250000,2,250000,200000,300000,,,1,300000,2,2,0,0,0,0,0,0,4,3,5,2,4,1,4,4,3,3,3,3,3,3,3,4,,1,,1,,,2,3,,,,,,,1,,1,1,Mississippi,38610,2,Mississippi,Blue Mountain,2,6,9,9,7,8,1,,,,,,1,1,,1,,,1,,,,
66bc038a785af1a7e20589eb,8/4/25 11:00,817,,,1,1,52,0,1,,1,3,,,,,,,,,1,,1,,2,1,5,4,3,5,1,2,5,1,5,3,3,5,2,2,2,3,2,3,2,1,1,40000,50000,1,55000,35000,,50000,2,35000,30000,30000,,,,,2,2,1,2,2,0,0,0,4,1,2,5,4,3,4,1,4,1,5,3,1,2,2,1,,1,,,,1,1,1,,,,,,,1,,1,1,North Carolina,27025,1,North Carolina,Madison,1,0,5,5,4,2,1,,,,,,1,2,,1,,,1,,,,No feedback
6788253c4b6d46ac0aa809b0,8/4/25 11:00,2931,,,1,1,70,1,4,1,,3,,,,,,,,,4,,,1,3,3,4,3,2,4,3,2,4,2,3,2,3,2,-1,-1,-1,-1,-1,-1,-1,1,0,50000,100000,2,200000,100000,,,,,,170000,,,,,7,5,0,0,2,0,0,1,4,2,3,1,4,5,4,2,1,1,3,3,2,2,2,2,,1,,,,1,2,2,,,,,,,1,,1,1,Delaware,05363,1,Delaware,Wilmington,3,0,7,7,6,6,,1,,,,,1,2,,1,,,1,,,1,
670218c2b67aa153fd9164fb,8/4/25 11:00,582,,,1,1,43,0,1,,1,1,,,,,,,,1,1,,1,,1,3,1,5,5,1,1,1,5,1,5,1,2,1,3,3,1,1,1,1,1,1,0,36000,36000,2,36000,10000,,,,,,10000,,,,,1,1,2,2,2,2,2,2,1,4,1,5,3,2,5,1,5,1,5,4,1,1,1,1,1,,,,,1,0,0,,,,,,,1,,1,1,Minnesota,55404,3,Minnesota,saint cloud,2,0,6,6,3,5,1,,,,,,1,1,,1,,,1,,1,,I would not trust the government with more power.  There is enough corruption as it is.
66dbe0d85afada72ecb65638,8/4/25 11:00,1114,,,1,1,40,0,1,1,,3,,,,,,,,,2,,1,,2,5,5,5,2,1,1,1,1,1,5,2,4,5,3,3,3,3,2,4,3,0,1,70000,80000,1,100000,40000,190000,220000,1,250000,150000,80000,,,,,5,1,0,0,0,0,0,0,4,1,5,2,4,3,4,3,2,2,2,1,1,1,4,5,,1,,,1,,0,0,,,,,,,1,,1,1,New Jersey,08086,2,New Jersey,Voorhees ,2,0,4,6,6,6,1,,,,,,1,1,,1,,,1,,,,
67ace3fc5892a4d45463156b,8/4/25 11:00,570,,,.60000002,1,43,1,4,,1,4,,,1,,,,,,6,,1,,2,2,4,4,2,4,5,3,4,1,4,1,2,1,1,2,1,2,2,2,2,0,1,65000,75000,2,75000,50000,65000,75000,2,75000,50000,85000,,,,,1,5,0,0,0,0,0,0,5,1,2,5,4,3,4,2,4,3,3,2,2,2,3,5,,1,,,1,,3,3,,,,,,,1,,0,1,Idaho,83713,2,Idaho,Nampa,2,0,4,4,3,3,,,,,,1,1,1,,1,,,1,,1,,
60ccbffae161aadb1880ad6c,8/4/25 11:00,543,,,1,1,36,1,3,1,,3,,,,,,,,,5,,,1,2,3,3,4,2,3,3,3,4,2,3,3,3,3,2,2,2,3,2,4,3,0,0,65000,72000,2,80000,72000,95000,,,,,62000,,,0,69000,2,5,2,2,0,2,2,2,4,2,1,3,5,4,4,2,4,2,4,3,2,2,2,2,,1,,,1,,2,2,,,,,,,1,,1,1,New York,11360,3,New York,maspeth,3,0,6,6,3,3,1,,,,,,1,1,,1,,,1,,,1,nothing else everything was great thanks so much
6334b0fc574064de4e68f578,8/4/25 11:01,641,,,1,1,64,0,1,,1,3,,,,,,,,,1,,,1,1,1,2,5,4,4,1,1,1,1,5,2,2,5,3,3,3,3,3,3,3,1,0,52222,42000,1,62000,28000,,,,,,48000,,,,,1,1,2,2,2,0,0,2,5,1,2,3,4,5,1,3,4,1,3,2,1,1,4,5,,1,,,,,0,0,,,,,,,1,,1,1,Wisconsin,53189,2,Wisconsin,West Allis,2,0,4,4,4,4,,,1,,,,1,1,,1,,,1,,1,,
652c3486250595e2f18d3d7f,8/4/25 11:01,3509,,,1,1,42,1,4,,1,3,,,,,,,,,7,,,1,1,2,5,4,2,5,5,2,5,1,2,2,3,2,3,3,3,3,3,3,3,0,1,50000,100000,3,150000,60000,80000,160000,3,220000,100000,70000,,,,,5,8,0,2,2,0,0,0,2,1,4,2,5,3,4,4,4,1,4,4,2,3,1,3,,1,,1,,,2,3,,,1,,,,,,0,1,Virginia,20149,3,Virginia,Ashburn,3,3,6,7,6,6,1,,,,,,1,1,,1,,,1,,1,,"Thanks for the opportunity to participate. Overall, I found the survey clear and well-balanced. The questions were straightforward and gave room for honest reflection without feeling leading or biased.  The length was just right—long enough to cover meaningful ground but not so long that it felt tedious. I appreciated the mix of personal values and policy preferences.  If I had one suggestion, it would be to clarify a few terms—like what’s meant by “modest income” or “progressive taxation”—just to ensure consistency in how respondents interpret them."
66afd624a26f73871dce55fe,8/4/25 11:01,2478,,,1,1,34,1,5,,1,3,,,,,,,,,6,,,1,2,5,5,4,4,5,4,3,3,3,5,2,3,3,2,2,2,3,4,3,3,0,1,90000,40000,2,70000,20000,90000,100000,2,150000,60000,120000,,,1,120000,6,6,0,0,0,0,0,0,3,2,3,1,5,4,4,2,4,1,4,4,2,1,4,1,,1,,1,,,1,2,,,1,,,,,,1,1,Wisconsin,53218,3,Wisconsin,Milwaukee,3,5,7,8,6,6,1,,,,,,1,1,,1,,,1,,,1,
67dd4da2c093609cf5b34756,8/4/25 11:01,1168,,,1,1,33,1,3,,1,3,,,,,,,,,5,,,1,2,5,5,5,4,4,4,2,4,4,5,3,2,5,3,3,3,2,2,2,3,0,0,85000,85000,3,95000,70000,95000,,,,,95000,,,1,99000,6,7,0,0,0,0,0,0,3,3,5,1,4,2,4,3,5,2,4,4,1,2,2,2,1,,,1,,,1,-1,,,,1,,,,,1,1,Arizona,85304,3,Arizona,Tucson,2,0,6,7,3,3,1,,,,,,1,1,,1,,,1,,,1,
66d63bf354de4c20d9369e20,8/4/25 11:01,607,,,1,1,45,1,5,,1,3,,,,,,,,,6,,,1,2,3,4,5,4,5,5,4,5,3,4,2,2,4,1,1,1,3,3,3,1,1,0,35000,40000,1,40000,25000,,,,,,45000,,,,,1,1,0,0,2,0,0,0,3,1,2,5,4,3,4,2,2,4,2,2,3,3,5,5,1,,,,,1,0,0,,,,,,,1,,1,1,Tennessee,38570,1,Wisconsin,algoma,1,0,3,3,3,2,1,,,,,,2,2,,1,,,,,,,
67d5eb76e92d5d35968ef211,8/4/25 11:01,1681,,,1,1,45,1,3,,1,4,,,1,,,,,,3,,1,,4,3,5,4,4,5,3,2,2,2,3,1,2,2,2,2,2,3,3,3,3,0,1,995000,120000,2,125000,100000,160000,170000,2,175000,170000,150000,,,,,6,7,0,2,2,0,2,2,2,3,5,1,4,2,4,4,5,1,4,3,1,2,1,1,1,,,1,,,2,2,,,,,,,1,,1,1,Tennessee,37323,2,Tennessee,Nashville,3,0,6,7,7,6,1,,,,,,3,1,,1,,,1,,,,Interesting study
64d52f6f30852f26223d1e84,8/4/25 11:01,990,,,1,1,49,0,1,,1,3,,,,,,,,,1,,,1,4,4,2,5,5,1,1,2,5,3,5,3,3,3,1,1,1,3,1,3,3,0,1,45000,50000,1,50000,45000,80000,200000,2,250000,100000,140000,,,,,1,1,0,0,2,0,0,0,4,1,2,4,5,3,4,3,4,3,2,1,1,1,2,1,1,,,1,,,4,4,,,,,,,1,,1,1,Arkansas,72642,1,Arkansas,Henderson,1,0,6,6,3,3,1,,,,,,1,1,,1,,,1,,,1,
640342ef16220993bc373606,8/4/25 11:01,642,,,1,1,39,1,4,,1,0,,,,,,,,,3,,1,,4,4,2,5,2,4,4,4,5,1,4,2,1,1,1,2,2,3,3,3,3,0,1,65000,80000,2,100000,80000,65000,100000,2,120000,80000,100000,,,1,120000,1,1,0,0,2,0,0,0,5,1,3,4,5,2,2,4,1,2,5,2,3,1,2,3,,1,,1,,,3,3,,,,,,,1,,1,1,Ohio,45807,2,Ohio,van wert,1,0,4,4,3,3,,,1,,,,2,2,,1,,,1,,,,
6706f2aa4e079b89068e5420,8/4/25 11:01,1016,,,1,1,31,1,5,,1,4,,1,,,,,,,6,,,1,1,2,4,4,2,1,4,4,5,1,4,2,2,1,2,2,1,3,3,2,3,0,1,28000,40000,1,50000,20000,85000,100000,1,95000,50000,90000,,,1,100000,10,10,0,0,2,0,0,0,2,2,3,5,4,1,4,1,5,3,4,3,1,2,2,4,,1,,1,,,2,2,,,,,,,1,,1,1,Florida,33811,2,Missouri,Kansas City ,3,2,5,6,3,3,,1,,,,,1,1,,1,,,1,,,,
6600a119385d8631c41cd795,8/4/25 11:01,878,,,1,1,36,1,4,1,,3,,,,,,,,,7,,1,,2,1,5,3,4,5,5,4,5,1,2,2,2,1,1,2,1,2,2,2,4,0,1,55000,65000,1,75000,50000,130000,100000,2,115000,90000,90000,,,1,90000,10,10,2,2,2,2,2,2,5,2,5,3,1,4,4,5,5,1,4,4,1,1,2,1,1,,,1,,,3,3,,,,,,,1,,1,1,Oklahoma,74011,3,Oklahoma,Tulsa,3,0,6,6,3,2,,,1,,,,2,2,,1,,1,,,,,N/A
66e9bdb86f599f239c1ea24e,8/4/25 11:01,1201,,,.89999998,1,64,0,5,1,,3,,,,,,,,,5,,1,,2,3,5,5,3,4,4,2,3,1,3,2,3,5,2,3,3,3,3,3,4,0,1,160000,200000,3,300000,180000,300000,600000,2,800000,500000,100000,,,,,10,5,0,0,2,0,0,0,1,4,5,1,3,2,2,3,5,2,4,4,2,2,1,1,,1,,1,,,2,2,,,,,,,1,,1,1,New York,10124,3,New York,,2,0,7,9,6,6,1,,,,,,1,1,,1,,,1,,,1,
680d155019b77b986ff85126,8/4/25 11:01,1487,,,.89999998,1,65,1,5,1,,5,1,1,1,,,,,,7,1,,,2,2,5,4,3,1,5,4,5,1,2,2,3,1,2,2,2,2,2,3,4,1,1,150000,200000,2,300000,250000,,500000,2,600000,450000,500000,,,,,5,7,0,2,2,0,2,2,2,5,4,3,1,2,5,3,5,1,4,3,2,1,1,2,,1,,,,,2,2,,,,,,,1,,1,1,North Carolina,27030,3,North Carolina,Mount Airy,3,0,3,3,4,5,1,,,,,,1,1,,1,,,1,,,,
65de3f6558e2556c9250e39e,8/4/25 11:01,837,,,1,1,50,0,1,,1,1,,,,,,1,,,1,1,,,5,5,5,4,4,1,1,1,2,2,5,3,3,5,2,3,1,2,1,3,3,0,1,95000,135000,2,140000,105000,136000,165000,2,180000,150000,100000,,,,,10,5,0,2,2,0,0,0,2,1,4,3,2,5,2,4,5,1,4,4,2,2,2,1,1,,,1,,,1,1,,,,,,,1,,1,1,California,95658,1,California,Newcastle,1,0,6,6,3,3,1,,,,,,1,1,,1,,,1,,,,"Straightforward and easy to understand study, thank you and best of luck in your research!"
67ace0218b0a55c03df3fefa,8/4/25 11:01,2117,,,1,1,35,1,5,1,,3,,,,,,,,,7,1,,,1,-1,4,4,-1,4,5,2,4,2,4,2,3,1,1,2,2,4,-1,4,3,0,1,26000,90000,1,90000,80000,120000,180000,2,200000,160000,170000,,,1,200000,5,5,0,0,2,0,0,0,4,2,1,5,4,3,1,2,4,1,3,1,1,1,2,3,,1,,,1,,2,2,,,,,,,1,,1,1,Illinois,60045,2,Illinois,Chicago,3,0,6,7,3,,,,,,1,,2,2,,1,,,1,,,,
6691a5c500af8a7d634133f7,8/4/25 11:01,1069,,,1,1,41,1,4,,1,4,,,,1,,,,,1,,,1,1,1,2,5,4,2,-1,4,5,4,5,1,3,1,1,2,1,4,3,1,1,0,0,10000,50000,1,50000,30000,10000,,,,,30000,,,,,1,1,0,0,0,0,0,0,4,3,1,5,4,2,2,5,1,4,1,2,5,1,5,5,,1,,,,1,1,2,,,,,,,1,,1,1,Texas,78216,3,Missouri,O'fallon,2,0,4,4,7,3,,,1,,,,1,1,,1,,,,,,,
65f35fdba0c847c6453d7903,8/4/25 11:02,738,,,1,1,38,0,1,1,,1,,,,,1,1,1,,1,1,,,4,2,4,5,4,1,1,1,1,3,4,3,3,2,3,3,3,4,1,3,4,0,1,131000,225000,3,350000,200000,145000,245000,3,450000,200000,100000,,,1,135000,3,3,0,2,2,0,0,0,1,2,4,1,3,5,1,5,5,2,5,4,2,1,1,1,1,,,1,,,3,4,,,,,,,1,,1,1,Tennessee,38401,2,Alaska,Kasilof,1,0,6,6,4,7,1,,,,,,1,1,,1,,,1,,1,,none
659d4aadab2eb6b7a8cffb07,8/4/25 11:02,3618,,,1,1,51,1,3,,1,3,,,,,,,,,2,1,,,4,4,4,4,4,3,3,4,4,1,4,3,3,1,3,3,3,2,2,3,5,0,1,110000,125000,2,170000,125000,25000,310000,3,300000,250000,210000,,,,,6,6,0,0,0,0,0,0,5,1,5,2,3,4,5,4,4,1,4,3,3,4,3,4,,1,,1,,,3,4,,,1,,,,,,1,1,Massachusetts,01608,2,Massachusetts,Boston,2,0,6,6,3,4,1,,,,,,1,1,,1,,,1,,,,no comments.
5e2b74daae56b71b9d24d89b,8/4/25 11:02,861,,,1,1,69,0,3,,1,3,,,,,,,,,2,1,,,1,1,5,4,1,1,1,1,2,1,1,3,5,4,3,3,3,3,2,2,3,1,1,144000,155000,2,175000,155000,,155000,3,175000,155000,100000,,,,,6,3,0,2,2,0,0,2,5,1,4,5,3,2,5,2,5,1,3,2,1,1,1,1,,1,,,,1,4,4,,,,,,,1,,0,1,California,94597,2,California,Oakland,3,0,9,9,4,4,,1,,,,,1,1,,1,,,1,,,,
6779c674931f49f5fe68afe3,8/4/25 11:02,558,,,1,1,31,0,3,1,,3,,,,,,,,,4,,1,,2,2,5,4,4,4,1,1,3,1,4,2,3,4,3,2,-1,1,2,5,4,1,0,140000,175000,1,140000,65000,,,,,,65000,,,1,65000,5,6,0,2,2,0,0,0,1,1,2,4,3,5,4,5,5,3,4,4,3,1,2,1,1,,,1,,,1,4,,,,,,,1,,1,1,Connecticut,06066,2,Massachusetts,Springfield,2,0,3,3,4,4,1,,,,,,1,1,,1,,,1,,,,
63d698af12a4d488c5fdf05a,8/4/25 11:02,804,,,.69999999,1,38,1,4,1,,3,,,,,,,,,6,1,,,1,2,3,5,3,2,4,3,4,2,5,3,4,4,-1,-1,1,3,3,3,1,0,1,20000,30000,2,30000,20000,50000,60000,1,60000,50000,50000,,,0,50000,1,2,0,2,2,0,0,2,3,2,1,4,5,3,5,3,2,4,2,1,1,1,2,4,1,,,,,1,0,0,,,,,,,1,,1,1,Michigan,49251,1,Michigan,Jackson,3,0,4,4,3,3,,,,,,1,1,1,,,,,,,,,
581bd344930a280001062c90,8/4/25 11:02,1322,,,1,1,41,1,4,,1,4,,,1,,,,,,7,,,1,1,2,4,5,2,1,5,4,5,1,1,4,2,2,1,2,2,3,1,3,1,0,1,26000,45000,2,51000,40000,36000,65000,1,75000,48000,58000,,,,,3,3,0,0,2,0,0,0,4,1,3,2,4,5,5,4,1,4,2,1,1,2,5,1,,1,,1,,,5,5,,,,1,,,1,,1,1,Texas,78602,1,Texas,Kingsville Tx,1,0,6,6,2,4,,,1,,,,1,1,,1,,,1,,,,
5a98d411f05361000171ebe7,8/4/25 11:03,1022,,,.80000001,1,35,1,4,,1,3,,,,,,,,,5,,1,,2,4,4,5,2,4,4,2,4,4,4,1,2,1,1,2,1,2,3,4,2,0,1,46000,80000,2,75000,60000,85000,125000,2,100000,90000,90000,,,1,150000,3,5,0,2,2,0,0,0,4,2,3,4,5,1,4,2,2,3,4,1,2,2,2,4,,1,,,1,,0,2,,,,,,,1,,1,1,New Jersey,08204,2,New Jersey,egg harbor township,2,0,6,6,5,6,1,,,,,,2,1,,1,,,1,,,,
667dff584b72be8e8cf6b196,8/4/25 11:03,1599,,,1,1,42,0,1,,1,3,,,,,,,,,1,1,,,5,4,1,5,5,1,1,2,3,2,5,2,2,1,1,1,1,1,2,3,2,1,0,60000,50000,1,80000,40000,,,,,,100000,,,,,2,1,0,0,0,0,0,0,4,1,4,5,2,3,4,1,2,4,2,1,2,2,3,5,,1,,1,,,1,1,,,,,,,1,,1,1,South Dakota,57747,2,Colorado,Colorado Springs,3,0,7,7,4,6,1,,,,,,1,1,,1,,,1,,,,
6298f0e21abd78cb684b723c,8/4/25 11:03,932,,,1,1,47,1,5,,1,4,,1,,,,,,,7,1,,,1,1,4,5,4,4,5,4,5,4,5,1,2,1,1,1,1,3,3,3,1,0,0,30000,35000,1,40000,20000,30000,,,,,50000,,,,,1,2,0,2,2,0,0,2,5,1,2,5,4,3,5,3,2,3,2,2,2,1,5,1,1,,,,,1,0,0,,,,,,,1,,1,1,Florida,34491,1,Florida,Summerfield,1,0,6,6,2,2,1,,,,,,1,1,,1,,,1,,1,,
6114b416d9c506518392523e,8/4/25 11:04,1260,,,1,1,59,0,3,,1,3,,,,,,,,,2,1,,,3,4,4,4,4,2,2,3,3,3,5,-1,-1,-1,2,-1,-1,3,2,1,1,1,0,19999,45000,1,60000,35000,,,,,,30000,,,,,5,5,0,2,2,0,0,0,2,1,2,5,4,3,4,2,1,3,4,1,1,1,3,1,1,,,,,1,1,1,,,,,,,1,,1,1,Pennsylvania,15616,2,Pennsylvania,Mount Pleasant ,1,0,3,3,3,3,,,,,,1,1,1,,1,,,1,,,,
6620b6a209127dafd5b2dfb9,8/4/25 11:04,949,,,1,1,37,0,4,1,,3,,,,,,,,,6,,1,,1,1,3,2,5,4,2,2,4,2,5,1,2,4,3,2,1,4,4,5,3,1,0,51000,52000,2,70000,35000,,,,,,50000,,,0,50000,1,1,0,0,0,0,0,0,5,1,3,4,5,2,4,5,4,2,5,1,3,2,5,4,,1,,,,1,0,0,,,,,,,1,,1,1,Nevada,89102,3,Nevada,Minneapolis,2,1,3,3,3,5,1,,,,,,1,1,,1,,,1,,,,It was great thanks
677046f01cd61f8d5b5d5e54,8/4/25 11:04,1023,,,.89999998,,29,1,4,1,,4,,1,,,,,,,5,1,,,2,2,5,5,3,5,4,4,4,2,3,2,2,1,2,2,2,3,3,3,3,0,1,143000,250000,2,250000,200000,143000,250000,2,250000,200000,100000,1,150000,0,200000,1,3,0,0,0,0,0,0,3,1,5,3,4,2,4,4,4,1,3,4,1,2,2,1,1,,,1,,,3,4,,,1,,,,,,1,1,Oklahoma,73068,3,Oklahoma,Noble ,3,0,6,6,6,6,1,,,,,,1,1,,1,,,1,,,,
671b1613bc7c45cc441fb78b,8/4/25 11:04,691,,,1,1,47,0,3,1,,3,,,,,,,,,5,,1,,2,2,4,5,2,5,2,4,4,3,4,2,1,2,2,2,1,2,3,3,2,0,1,11780,12000,1,15000,12000,31000,36000,1,60000,15000,80000,,,,,2,1,0,0,0,0,0,0,2,3,4,5,2,1,4,4,4,2,4,1,1,2,2,4,,1,,,1,,2,2,1,,,,,,1,,1,1,Alabama,36582,2,Tennessee,Memphis ,3,0,3,3,3,4,,,,,1,,2,1,,1,,,1,,,,
664aa55ce849bcd782008c64,8/4/25 11:04,697,,,1,1,30,0,3,,1,3,,,,,,,,,2,1,,,2,5,5,5,2,1,2,5,5,-1,4,1,-1,5,1,3,2,3,3,3,3,1,0,32500,65500,2,75000,45000,,,,,,30000,,,1,45000,6,5,0,0,2,0,0,0,4,2,4,3,1,5,5,5,5,2,4,4,2,3,1,2,1,,,,,1,2,5,,,,,,,1,,1,1,Ohio,45005,3,Ohio,Ohio,3,0,3,3,6,2,1,,,,,,1,1,,1,,,1,,,,Love u
63345f710321e08d1720919e,8/4/25 11:04,1745,,,1,1,37,1,4,,1,4,,1,,,,,,,7,1,,,2,3,4,3,1,4,-1,3,5,3,4,2,3,1,-1,1,2,3,2,4,2,0,0,56000,100000,1,150000,90000,80000,,,,,120000,,,0,130000,1,5,0,0,2,0,0,0,4,1,5,3,4,2,4,5,4,3,3,1,3,2,3,4,1,,,,,1,0,0,,1,,,,,,,1,1,California,90005,3,Maryland,Bel Air,2,0,6,6,7,7,,,1,,,,2,3,,1,,,1,,,,n/a
66e63523010d80f848f798e5,8/4/25 11:04,820,,,1,1,49,0,3,,1,3,,,,,,,,,4,,,1,1,3,4,4,4,1,2,2,3,2,1,4,4,5,2,2,2,1,-1,2,2,0,0,99000,99000,3,99000,99000,99000,,,,,275000,,,,,8,8,0,0,2,0,0,0,4,1,3,5,4,2,4,1,5,3,2,1,2,1,1,1,,1,,1,,,3,3,,,,,,,1,,1,1,Washington,98277,1,Wisconsin,Milwaukee ,2,0,4,4,5,,,,,,1,,1,1,,1,,,1,,,,
6547b4f7add88bc536050025,8/4/25 11:05,963,,,1,1,79,1,5,1,,5,,,,1,,,,,7,,,1,1,1,5,2,1,5,5,5,5,5,1,2,2,1,1,2,2,4,2,2,3,0,1,15000,18000,2,20000,15000,121000,125000,2,130000,121000,121000,,,,,7,8,0,2,2,0,0,0,4,1,2,5,4,3,4,1,4,1,1,2,1,1,3,1,,1,,1,,,2,2,,1,,,,,1,,1,1,Hawaii,96746,1,New York,Suffern,1,0,4,4,3,3,,,,,1,,3,3,1,,,1,,,,,
5a54f0daac562400015388da,8/4/25 11:05,794,,,.89999998,1,44,0,1,1,,1,,,,,1,,1,1,1,,,1,5,4,3,2,5,1,1,2,2,2,5,3,4,2,3,3,2,3,3,3,4,0,1,60000,75000,2,150000,60000,600000,1500000,2,3000000,500000,200000,,,,,1,1,0,2,2,0,0,0,1,4,3,5,2,1,4,3,5,2,4,4,3,3,2,1,,1,,1,,,2,2,,,,,,,1,,1,1,Louisiana,70471,2,Kansas,Hesston,1,0,6,6,7,3,1,,,,,,1,1,,1,,,1,,,,
5c022a94d183df000141f1e2,8/4/25 11:05,599,,,.89999998,1,55,0,4,1,,3,,,,,,,,,5,1,,,2,3,5,5,3,3,4,4,5,2,5,1,2,2,2,2,2,3,3,3,3,0,1,52000,65000,2,70000,55000,98000,120000,1,110000,98000,65000,,,,,10,6,0,2,2,0,0,0,2,1,2,3,4,5,3,3,4,1,3,4,2,1,2,1,1,,,1,,,1,1,,,,,,,1,,1,1,Michigan,48473,2,Michigan,Swartz Creek,2,0,4,4,7,3,1,,,,,,1,1,,1,,,1,,,,
66df530525ff636218e380bf,8/4/25 11:05,1161,,,1,1,33,0,3,,1,1,,,,,1,1,1,,3,,1,,3,5,4,5,4,2,3,1,4,2,5,3,4,1,2,2,2,3,2,3,2,0,1,76000,150000,1,90000,70000,80000,150000,1,150000,80000,90000,,,1,100000,1,2,0,0,2,0,0,0,4,1,2,4,3,5,5,2,2,3,2,1,1,1,3,5,1,,,,1,,3,-1,,,,1,,,1,,1,0,California,90731,2,California,Los Angeles,2,0,6,7,4,3,1,,,,,,1,1,,1,,,1,,,,None
66c335d0ba1ba63d4a7bb0b2,8/4/25 11:05,476,,,.69999999,1,31,1,4,,1,4,1,1,,,,,,,5,,,1,3,4,4,4,5,3,5,4,2,2,4,4,3,4,2,3,2,4,3,3,2,1,0,57000,90000,1,75000,50000,,,,,,75000,,,0,80000,1,4,0,2,2,0,0,2,3,1,4,3,5,2,4,3,3,3,3,1,2,3,3,3,1,,,,,1,0,0,,,1,,,,,,1,1,Texas,75115,2,Texas,Fort Worth ,3,0,5,7,6,7,1,,,,,,2,2,1,,,1,,,,,
5db6553837647d000bb049ab,8/4/25 11:05,717,,,1,1,75,1,3,1,,2,,,,,,1,,,3,,,1,1,1,4,4,2,5,2,1,2,1,4,3,3,3,3,3,2,2,2,3,3,0,1,45000,50000,2,60000,40000,110000,120000,2,150000,100000,100000,,,,,1,5,2,2,2,0,0,0,4,1,3,4,2,5,1,2,5,1,4,3,1,1,1,1,,1,,1,,,2,2,,,,,,,1,,1,1,Washington,98382,1,Montana,Miles City,1,0,7,7,3,1,,,,,1,,1,2,1,,,1,,,,,
6695a62c614f900eb86de512,8/4/25 11:06,616,1,1,1,1,42,0,4,1,,3,,,,,,,,,4,,,1,2,2,3,3,3,2,2,2,2,3,5,3,4,-1,2,3,2,3,3,3,3,1,0,95000,150000,2,140000,110000,,,,,,125000,,,,,1,1,0,0,0,0,0,0,4,1,3,5,4,2,4,3,2,3,4,2,1,1,1,2,1,,,,,1,3,3,,,,,,,1,,1,1,Pennsylvania,19475,2,New York,Bohemia,2,0,7,7,3,3,1,,,,,,1,1,,1,,,1,,,,
663817b7de64fca4fb45a414,8/4/25 11:06,788,,,1,1,43,1,5,1,,4,,1,1,,,,,,6,,,1,3,2,4,4,3,5,5,5,4,3,3,2,2,1,1,1,1,3,4,4,1,0,1,1200,18000,2,2500,200,65000,67500,3,66600,65000,75000,,,,,5,1,0,0,0,0,0,0,4,1,2,4,5,3,4,5,5,4,3,1,2,1,2,5,1,,,1,,,4,1,,,,,,,1,,1,1,Ohio,44092,2,Ohio,Wickliffe,2,0,3,3,3,3,,,1,,,,2,1,,,1,,1,,,,
5f4a835e9e84256238129995,8/4/25 11:06,1023,,,1,1,34,1,5,1,,5,,1,,,,,,,5,,1,,1,1,4,5,3,5,5,4,5,1,1,1,2,1,2,2,2,3,3,1,3,0,1,45000,55000,2,55000,50000,99000,150000,2,150000,125000,75000,,,0,100000,1,1,0,0,0,0,0,0,2,1,2,5,3,4,4,4,5,1,5,4,1,1,1,1,,1,,1,,,0,0,,,,,,,1,,1,1,New York,12801,2,New York,Glens Falls,2,0,3,3,3,3,1,,,,,,1,1,,1,,,1,,,,
672ff35fc68be1c3a2a49e58,8/4/25 11:06,593,,,1,1,43,1,4,,1,4,,1,,,,,,,5,,1,,2,1,5,4,2,5,5,4,4,2,2,2,2,1,2,2,1,2,1,2,2,1,0,44000,50000,2,55000,45000,,,,,,60000,,,,,2,2,0,0,0,0,0,0,4,1,3,4,5,2,4,3,4,2,1,1,2,1,2,1,,1,,1,,,2,2,,,,,,,1,,1,1,Indiana,47303,2,Indiana,Muncie,2,0,4,5,5,4,,1,,,,,3,3,1,,,,,,,,
6766234e79fd5a6045f9466c,8/4/25 11:07,859,,,1,1,61,1,4,1,,4,,,1,,,,,,6,,,1,2,3,5,4,2,5,4,2,2,4,4,2,3,4,3,3,3,4,4,4,4,0,1,67000,90000,3,90000,90000,80000,120000,2,120000,95000,75000,,,,,10,10,0,2,2,0,0,2,4,2,4,5,3,1,2,1,5,1,2,3,1,1,2,1,,1,,1,,,2,2,,,,,,,1,,1,1,Arkansas,72211,2,Nevada,Las Vegas,3,0,7,7,4,8,,,,,1,,1,1,1,,,,1,,,,
661ec48c618b7a27e5a9077a,8/4/25 11:07,1533,,,1,1,60,0,2,,1,1,,,,,,,,1,3,1,,,3,1,4,4,3,1,2,2,4,2,4,2,3,-1,2,2,2,2,3,2,3,0,1,40000,50000,2,60000,30000,85000,150000,2,200000,60000,150000,,,,,5,5,0,0,2,0,0,0,4,2,3,5,1,4,2,5,2,3,4,2,2,1,5,1,,1,,1,,,2,2,,,,,,,1,,1,1,Texas,76028,2,Iowa,Dubuque,2,0,7,7,2,2,,,1,,,,1,1,,1,,,1,,,,"Not confusing but some difficult to answer given choices. Example: Is it harder or eaiser to move up today? In some ways due to competition and economy it is harder - in other ways due to social media for example, there are more people gaining wealth younger and more quickly."
67488a49e81479112e127446,8/4/25 11:07,2154,,,.89999998,1,69,0,3,,1,3,,,,,,,,,6,,1,,1,1,4,4,3,4,1,1,4,1,5,3,4,4,2,2,2,2,3,1,2,0,1,84000,45000,2,33000,30000,84000,48000,2,50000,45000,40000,,,,,10,10,1,2,2,0,1,2,3,1,3,4,5,2,4,1,5,1,5,4,1,1,1,1,1,,,1,,,2,2,,,,,,,1,,1,1,Arizona,85361,1,New York,Albany,2,0,9,9,3,2,,,,,1,,1,1,,1,,,1,,,,
664e8030120b00bd5a99c0ad,8/4/25 11:07,781,,,1,1,59,1,4,,1,4,,1,,,,,,,5,1,,,3,4,5,5,4,4,3,4,4,2,2,3,3,2,2,2,2,3,3,3,3,0,1,32000,32000,2,40000,320000,75000,85000,2,90000,75000,85000,,,,,3,5,0,0,0,0,0,0,3,1,4,5,2,3,4,2,5,1,5,4,1,2,1,1,,1,,1,,,3,3,,,,,,,1,,1,1,Maryland,21532,1,Maryland,Cumberland,1,0,3,3,3,3,1,,,,,,1,1,,1,,,1,,,,
62989737409d018c733483c1,8/4/25 11:07,660,,,.80000001,1,36,0,4,1,,4,,1,,,,,,,4,1,,,2,5,5,5,5,5,5,4,5,1,5,1,2,4,3,3,3,2,1,2,3,1,0,142000,165000,3,157000,150000,,,,,,142000,,,0,142000,6,10,0,0,2,0,0,0,5,5,4,3,2,1,5,1,5,1,4,4,1,1,1,1,1,,,1,,,1,1,,,1,,,,,,1,1,Pennsylvania,19020,2,Pennsylvania,Bensalem,2,0,5,5,6,3,1,,,,,,3,3,,1,,,1,,,,
6449103e84f82d613e8d6d73,8/4/25 11:07,609,,,1,1,53,0,2,,1,3,,,,,,,,,6,,,1,5,3,4,-1,-1,3,2,2,5,1,5,3,3,5,3,3,-1,1,1,2,5,0,1,250000,280000,1,300000,250000,260000,350000,1,325000,290000,200000,,,,,10,10,0,2,2,0,2,2,2,1,3,4,5,2,1,3,4,4,2,1,2,1,2,1,,1,,1,,,0,0,,,,,,,1,,1,1,Florida,32724,1,Michigan,Ishpeming,1,0,6,7,2,3,1,,,,,,1,2,,1,,,1,,1,,none
650c409b6112d165091bb2cc,8/4/25 11:07,1612,,,1,1,62,0,4,1,,3,,,,,,,,,6,,1,,4,2,5,4,2,2,5,5,5,4,4,2,2,4,1,2,2,3,3,3,4,0,1,5000,25000,1,25000,20000,125000,150000,2,150000,130000,130000,,,,,5,5,0,0,2,0,0,0,4,1,3,4,5,2,1,2,2,2,4,2,4,1,1,3,,1,,1,,,3,3,,,1,,,,,,1,1,North Carolina,28086,2,Michigan,Detroit,3,0,5,5,3,2,,,1,,,,1,1,,1,,,1,,,,
641385c88f29eb3264283818,8/4/25 11:07,539,,,1,1,59,0,2,,1,3,,,,,,,,,1,,1,,3,2,4,5,4,1,1,3,3,4,5,2,2,2,1,1,1,1,1,2,1,1,0,20100,38000,2,40000,35000,,,,,,60000,,,,,1,1,2,2,2,0,0,0,3,1,2,5,4,3,4,2,5,1,1,3,1,1,3,5,1,,,,,1,0,0,,,,,,,1,,1,1,Pennsylvania,18013,1,Pennsylvania,Roseto,1,0,7,7,1,4,,,,,1,,1,1,,1,,,1,,,,
67d36708a7ca7a13dbc0bce1,8/4/25 11:08,1605,,,1,1,39,0,5,,1,3,,,,,,,,,6,,1,,2,3,5,3,2,5,5,3,5,3,4,1,3,2,2,3,2,1,1,1,2,0,1,10000,20000,2,20000,10000,19500,50000,2,50000,20000,40000,,,1,30000,2,2,0,0,0,0,0,0,4,1,2,3,5,4,4,4,4,3,2,2,1,1,3,1,,1,,1,,,3,3,,,,,,,,1,1,1,Pennsylvania,19013,2,Pennsylvania,Chester,2,0,5,5,4,3,,1,,,,,1,1,,1,,,1,,,,all was well. Thank you for the chance to participate
5fd9ad6dab00c64c8a45c9fc,8/4/25 11:08,769,,,1,1,61,0,1,1,,3,,,,,,,,,1,,1,,3,3,4,4,5,1,1,2,3,4,5,2,4,2,2,1,3,2,2,2,4,0,0,160000,164000,2,170000,40000,210000,,,,,180000,,,,,5,10,0,2,2,0,0,0,3,1,2,5,4,3,4,1,4,4,1,3,2,1,1,1,,1,,1,,,1,1,,,,,,,1,,0,0,New Jersey,07621,2,New Jersey,"Oak Park, MI",2,0,6,6,3,3,1,,,,,,1,1,,1,,,1,,1,,
66106426fc5e2e2bccfb8c60,8/4/25 11:08,1260,,,1,1,45,0,4,1,,4,,1,,,,,,,5,1,,,3,3,4,5,2,3,2,2,4,1,4,3,3,2,3,3,3,1,1,3,4,0,1,160000,220000,2,200000,190000,40000,50000,3,450000,400000,400000,,,,,3,5,0,2,2,0,0,2,3,1,3,2,4,5,2,2,5,2,4,3,2,1,2,1,1,,,1,,,2,2,,,,1,,,,,1,0,Illinois,60046,2,Illinois,skokie,2,0,7,7,5,7,1,,,,,,1,1,,1,,,1,,,,
5c1021a547d07800011a23de,8/4/25 11:08,550,,,1,1,67,0,2,1,,3,,,,,,,,,5,,1,,2,4,2,4,4,3,2,2,4,2,5,2,3,2,2,2,1,2,4,3,1,0,1,20000,20000,1,15000,10000,60000,60000,2,60000,45000,45000,,,,,3,6,0,0,2,0,0,0,4,2,4,5,1,3,4,1,4,1,1,3,1,1,1,1,,1,,1,,,2,2,,,,,,,1,,1,1,Washington,98597,2,California,Salinas,2,0,3,3,5,7,,,,,1,,1,1,,1,,,1,,,,
67ad9a5f2971684fea887fd6,8/4/25 11:08,1059,,,1,,20,0,2,,1,3,,,,,,,,,5,,1,,1,4,4,4,2,4,1,2,3,2,4,4,4,1,2,3,2,2,3,4,3,0,1,3000,200000,3,200000,50000,68000,300000,2,300000,140000,50000,0,70000,0,70000,5,2,0,0,2,0,0,0,1,3,1,4,5,2,4,4,5,1,4,3,2,2,2,2,,1,,1,,,0,0,,,,,,,1,,1,1,Florida,32548,2,Georgia,Gibson,1,0,3,3,7,6,,,1,,,,1,1,,,,,,,,,
5c6c597c42e33400019c72a5,8/4/25 11:09,790,,,1,1,63,1,5,1,,4,,,,1,,,,,5,,,1,1,1,4,2,1,4,5,2,4,1,2,3,4,2,2,2,3,3,-1,4,2,1,0,30000,35000,2,40000,20000,,,,,,30000,,,,,10,10,2,2,2,0,2,2,2,3,4,5,1,2,3,5,2,1,4,2,2,3,2,1,,1,,,,1,0,0,,,,,,,1,,1,0,Pennsylvania,18064,2,Pennsylvania,Oreland,2,0,7,7,4,4,,,1,,,,1,1,1,,,1,,,,,
60eb1a7c95641da67ae7d611,8/4/25 11:09,921,,,1,1,66,0,1,,1,0,,,,,,,,,1,,,1,5,1,1,5,5,1,1,1,1,3,1,3,3,5,2,2,2,1,4,4,3,0,1,36000,45000,1,45000,43000,96000,113000,3,135000,130000,150000,,,,,10,10,0,2,2,0,0,0,1,1,3,5,2,4,2,2,4,2,5,4,2,1,2,1,,1,,1,,,5,5,,,,,,,1,,1,1,Colorado,80517,1,New Jersey,Colonia,2,0,6,6,3,5,,1,,,,,1,1,,1,,,1,,1,,
673fd425abf60cdbd75ae360,8/4/25 11:09,942,,,1,1,40,1,1,1,,1,,,,,1,,1,,5,,1,,5,4,5,5,4,2,3,2,2,1,4,2,3,3,2,3,2,2,2,2,3,0,1,95000,120000,2,140000,100000,195000,240000,2,260000,210000,180000,,,,,5,1,0,0,2,0,0,0,1,1,2,3,5,4,2,5,5,1,3,3,2,1,1,1,,1,,,1,,2,2,,,,,,,1,,0,0,New Jersey,07751,2,New York,Brooklyn,3,0,6,6,6,6,1,,,,,,1,1,,1,,,1,,1,,
67d1af22429207c7c4bd0d63,8/4/25 11:09,898,,,1,1,41,1,4,,1,5,,,1,,,,,,6,,1,,2,3,5,2,1,4,4,2,4,3,3,2,3,2,2,2,3,3,3,3,3,0,1,85000,120000,3,140000,80000,85000,120000,3,140000,80000,120000,,,,,5,5,0,0,0,0,0,0,5,5,4,3,1,2,4,4,5,3,4,4,3,2,1,1,1,,,1,,,3,4,,,,,,,1,,1,1,New York,10001,2,New York,New York City,2,3,6,8,7,7,,1,,,,,3,3,,1,,1,,,,,The survey was amazing
63a4af8f8b8722876fa88952,8/4/25 11:09,579,,,1,1,63,0,3,,1,3,,,,,,,,,5,1,,,2,2,4,4,4,1,4,2,4,2,5,2,3,2,2,2,2,3,3,3,3,0,1,115000,85000,2,75000,50000,125000,90000,2,85000,55000,60000,,,,,6,6,0,0,2,0,0,0,4,1,3,5,4,2,4,1,4,2,3,3,2,1,1,1,1,,,,1,,2,2,,,,,,,1,,1,1,Pennsylvania,15085,2,Pennsylvania,Trafford,2,0,4,4,3,5,1,,,,,,1,1,,1,,,1,,,,none
58595b56a3149800011e156e,8/4/25 11:10,895,,,1,1,54,0,1,,1,3,,,,,,,,,3,,1,,2,4,4,4,2,1,1,1,1,1,4,1,3,2,2,2,2,2,2,2,4,0,1,34000,44000,1,50000,34000,165000,200000,2,215000,165000,100000,,,,,6,6,2,2,2,0,2,2,4,4,2,5,3,1,4,1,5,1,5,3,1,1,2,1,,1,,1,,,3,3,,,,,,,1,,1,1,South Carolina,27526,2,Vermont,berlin,2,0,3,3,3,3,1,,,,,,1,2,,1,,,1,,,,
672ff021dad78d519a50f64a,8/4/25 11:10,704,,,.89999998,,23,1,5,,1,4,,,1,,,,,,7,1,,,1,1,5,2,1,5,5,5,5,1,2,2,2,1,1,2,2,4,4,1,1,0,1,1000,60000,3,60000,45000,20000,100000,2,120000,45000,50000,1,100000,1,100000,1,1,0,0,0,0,0,0,4,1,2,5,4,3,5,1,1,3,3,1,2,3,4,5,,1,,,1,,0,3,,,,,,,1,,1,1,Missouri,65806,2,Rhode Island,Providence,3,0,6,6,3,3,,,,,,1,3,3,1,,,1,,,,,
66abc1c82e0fab4f407454a8,8/4/25 11:10,719,,,1,1,36,0,5,1,,2,,,,,,,1,,6,1,,,2,2,5,5,2,3,4,2,4,2,5,3,4,2,2,3,1,1,1,2,3,0,1,94500,145000,2,130000,96300,185940,550000,1,421000,350000,130000,,,1,145000,8,10,0,0,0,0,0,0,3,4,3,2,1,5,4,4,5,1,5,4,1,3,2,1,,1,,1,,,1,1,,,,1,,,,,1,1,Nevada,89113,2,Nevada,Las Vegas,3,0,6,6,3,4,1,,,,,,1,1,,1,,,1,,,,
6824f2326444e0c0b3eb0371,8/4/25 11:11,1273,,,.89999998,,24,1,4,1,,4,,1,,,,,,,6,1,,,4,5,5,5,5,5,4,5,5,5,5,4,4,5,3,3,3,5,5,5,5,0,1,70000,200000,3,200000,500000,20000000,300000000,3,600000000,100000000,200000000,1,200000000,0,300000000,10,10,2,2,2,2,2,2,1,3,4,2,5,1,1,5,5,2,5,4,4,3,1,1,1,,,1,,,2,5,,,,,,,1,,1,1,New Jersey,08540,3,Pennsylvania,Pennsylvania,2,0,9,9,9,9,1,,,,,,3,3,1,,,1,,,,1,
62a099bb01ad779df1971ea4,8/4/25 11:11,775,,,1,1,62,0,4,,1,1,,,,,,,1,,6,,1,,1,3,5,5,2,1,1,4,5,1,4,4,4,1,2,2,1,3,3,4,3,0,1,30000,32000,2,32000,31000,110000,120000,2,120000,115000,110000,,,,,2,5,0,0,0,0,0,0,5,1,4,3,5,2,2,1,5,1,5,4,1,1,1,1,,1,,1,,,5,5,,,,,,,1,,1,0,Mississippi,39455,1,California,Santa Clarita,2,0,5,5,7,5,1,,,,,,1,1,,1,,,1,,,,Thank you
663139cbb8723d403f4e7fc8,8/4/25 11:11,2686,,,1,1,47,0,3,,1,2,,,,,,,,1,2,1,,,3,3,5,4,3,3,1,1,2,1,5,2,2,3,3,3,3,3,3,3,3,0,1,80000,140000,2,120000,80000,160000,250000,2,220000,150000,150000,,,,,1,6,0,2,2,0,0,2,3,1,3,2,4,5,2,3,5,2,3,3,2,1,1,2,1,,,1,,,3,3,,,,,,,1,,1,0,New York,14450,2,New York,Rochester,2,3,6,6,5,3,1,,,,,,1,1,,1,,,1,,,,
65c0ed76e2e195876cfd9b74,8/4/25 11:11,440,,,.89999998,1,56,0,1,,1,1,,,,,,,1,,2,,1,,4,4,4,4,4,1,3,2,2,2,4,2,2,1,2,2,2,3,2,3,4,1,0,159000,0,3,0,0,,,,,,75000,,,,,10,10,2,2,2,0,2,2,4,2,1,4,5,3,4,1,5,2,1,4,2,1,2,1,1,,,,,1,0,0,,,,,,,1,,1,1,New Hampshire,03833,2,New Hampshire,Manchester NH,3,0,6,6,6,3,1,,,,,,1,1,,1,,,1,,1,,
67d83d5fdd68549a4c41a1fd,8/4/25 11:12,1277,,,1,1,31,1,4,,1,4,,1,,,,,,,7,1,,,2,2,5,4,2,5,5,4,5,1,2,2,3,2,3,3,3,3,3,2,2,1,0,10000,60000,2,100000,30000,,,,,,160000,,,1,200000,3,7,0,2,2,0,2,2,4,2,4,1,5,3,4,5,4,2,2,3,3,4,4,4,,1,,1,,,1,2,,,,,,,1,,1,1,New York,11238,2,New York,Brooklyn,3,5,7,8,6,7,1,,,,,,1,1,,1,,,1,,,1,I am content with the study
5958ff3892b7c90001693bbc,8/4/25 11:12,688,,,1,1,52,0,3,1,,3,,,,,,,,,6,1,,,2,2,5,5,3,1,3,4,4,1,5,3,3,1,1,-1,-1,2,2,1,1,0,1,29000,49000,1,50000,10000,29000,49000,1,50000,10000,50000,,,,,10,10,0,0,0,0,0,0,2,1,5,3,4,2,5,5,1,4,3,1,1,1,4,5,1,,,1,,,2,2,,,,,,,1,,1,1,Connecticut,06053,2,Connecticut,New Britain,3,0,3,3,3,1,1,,,,,,1,1,,1,,,1,,,,
673ab124dd6f6df06b143da0,8/4/25 11:12,1371,,,1,1,44,1,3,,1,5,,,,1,,,,,2,,,1,1,1,4,5,1,4,2,2,5,5,5,3,3,4,2,2,2,4,3,3,1,1,1,4000,80000,3,500000,80000,,123000,3,500000,840000,75000,,,,,3,4,0,2,2,0,0,0,2,3,2,4,1,5,4,5,4,2,2,2,4,4,2,3,,1,,1,,,1,2,,,1,,,,,,1,1,Tennessee,38106,3,Tennessee,Memphis,3,0,5,5,3,3,,1,,,,,1,2,,,,,,,,1,
67edb211a7c1d23c1535d6b2,8/4/25 11:12,956,,,1,1,42,1,1,1,,4,,,1,,,,,,6,,,1,2,1,5,5,4,3,5,5,4,5,4,2,2,1,2,3,2,2,3,3,4,0,1,110000,100000,2,120000,100000,150000,180000,2,180000,140000,120000,,,,,3,6,0,0,2,0,0,0,4,1,4,2,5,3,2,5,5,2,5,2,2,2,1,1,1,,,1,,,2,3,,,1,,,,,,1,1,North Carolina,27401,3,North Carolina,Fayetteville,2,0,7,8,6,6,1,,,,,,1,2,,1,,,1,,1,,
63f2261685a2effaa7a16de6,8/4/25 11:13,692,,,.69999999,1,64,0,4,,1,3,,,,,,,,,7,1,,,1,3,5,5,3,1,3,3,5,1,5,4,4,3,3,3,2,3,3,3,3,1,0,25700,40000,2,40000,38000,,,,,,30000,,,,,1,1,0,0,2,0,0,0,4,3,5,2,1,4,4,3,4,2,4,4,2,2,1,1,,1,,,,1,0,0,,,,,,,1,,1,1,Virginia,24311,1,Tennessee,Memphis,2,0,4,4,4,4,,1,,,,,1,2,,1,,,1,,,,"No feedback that I can think of, but thank you for asking. Have a terrific day! :-)"
66ecacaae782ea94cd9bfbd8,8/4/25 11:13,956,,,1,1,53,1,4,,1,5,,,1,,,,,,6,,1,,4,4,5,5,5,5,3,2,1,3,4,4,3,3,3,3,3,1,2,3,5,0,1,86000,140000,3,200000,190000,86000,92000,2,81000,76000,70000,,,,,8,6,0,0,2,0,0,0,5,3,4,2,5,1,3,5,4,4,4,2,2,2,1,1,1,,,1,,,2,3,,,,1,,,,,1,1,New York,11412,1,New York,New york,1,0,7,9,6,6,1,,,,,,1,1,,1,,,,,,,
5ddb5ed4a64380abb2907440,8/4/25 11:13,830,,,1,1,30,0,3,,1,3,,,,,,,,,5,,,1,2,4,4,4,4,2,2,1,2,2,2,3,4,5,3,3,3,1,1,2,4,1,1,75000,100000,1,100000,80000,,100000,1,100000,80000,70000,,,0,70000,1,2,0,2,2,0,2,0,4,1,2,5,4,3,4,1,5,1,4,2,2,2,2,1,,1,,1,,,1,3,,,1,,,,,,1,1,Georgia,30044,2,Georgia,Cartersville,2,3,4,6,6,3,1,,,,,,1,1,,1,,,1,,,,
5d1595d71ae42000191bc23c,8/4/25 11:13,542,,,1,1,49,0,4,,1,3,,,,,,,,,5,,,1,2,3,4,4,2,4,3,2,3,2,4,4,3,3,2,3,2,2,4,4,3,1,0,58000,65000,1,75000,45000,,,,,,65000,,,,,1,2,0,0,2,0,0,0,2,1,2,5,4,3,4,5,5,2,3,2,2,1,2,1,,1,,,,1,0,0,,,,,,,1,,1,1,Illinois,61615,2,Illinois,Peoria,2,0,6,6,5,6,1,,,,,,1,1,,1,,,1,,,,
66c1175e2a6eac30bb107cf1,8/4/25 11:14,410,,,1,1,30,1,5,1,,5,,,1,,,,,,5,,,1,4,2,5,-1,-1,5,5,5,5,1,4,4,4,1,1,1,1,2,1,2,2,1,1,10000,10000,1,50000,75000,,5500,1,4500,3500,40000,,,0,45000,1,1,0,2,2,0,0,0,4,1,2,3,4,5,4,2,1,4,2,1,1,3,5,5,,1,,,,1,0,1,,,,,,,1,,1,1,Texas,77530,2,Texas,Houston,2,0,3,3,3,3,,,,,,1,1,1,,,,,,,,,
6732a061a707876bcf34ff6e,8/4/25 11:14,3383,,,1,1,78,0,3,,1,3,,,,,,,,,4,,1,,3,1,3,5,5,1,3,3,3,3,2,3,2,2,2,1,2,3,5,3,3,0,1,50000,60000,2,70000,55000,100000,110000,2,125000,80000,100000,,,,,1,8,0,0,2,0,0,0,3,1,2,3,5,4,3,3,5,1,1,4,1,1,1,2,1,,,1,,,4,4,,,,,,,1,,0,0,New York,14526,2,New York,Utica,2,0,5,5,2,2,,,,,1,,1,1,,1,,,1,,,,
67e85abca44b52f2e03fcbb1,8/4/25 11:14,2274,,,1,1,47,0,5,1,,3,,,,,,,,,6,,,1,2,4,4,5,4,4,2,2,1,2,2,2,3,5,2,2,2,2,2,3,3,0,1,42000,80000,2,65000,50000,107000,180000,2,170000,120000,140000,,,,,6,5,0,0,0,0,0,0,4,2,4,3,5,1,4,5,4,2,3,4,3,2,2,1,1,,,1,,,3,3,,,1,,,,,,1,1,North Carolina,28353,2,Texas,Hilshire,1,0,7,8,6,6,1,,,,,,1,2,,1,,,1,,,1,
6724f64f20aa833adf9702eb,8/4/25 11:14,536,,,.89999998,1,70,0,4,1,,4,,,1,,,,,,6,1,,,1,1,5,2,4,4,4,3,4,3,4,1,3,2,2,2,3,1,2,2,4,0,0,45000,45000,3,50000,45000,79000,,,,,60000,,,,,10,10,0,2,2,0,0,1,2,3,4,5,1,2,4,1,5,1,5,4,1,1,2,1,,1,,1,,,3,3,,,,,,,1,,0,0,Louisiana,71351,1,Mississippi,Vicksburg ,3,0,7,7,2,3,,,,,1,,2,1,,1,,,1,,,,
62349f9ac56251496a619264,8/4/25 11:15,742,,,.89999998,1,51,1,5,1,,5,,1,,1,,,,,5,,1,,1,2,3,5,1,3,5,5,5,5,5,2,3,1,1,-1,1,2,1,2,3,0,0,85000,95000,1,250000,50000,140000,,,,,160000,,,,,2,5,0,0,0,0,0,0,3,1,2,5,3,4,5,5,3,2,2,2,2,2,4,1,1,,,,,1,0,3,,,,,,,1,,1,1,California,94553,2,California,walnut creek,2,3,5,6,3,3,1,,,,,,2,1,,1,,,1,,,,perfect length and good pay. thank you! :-)
669dbd856a36321b0839f78e,8/4/25 11:15,1172,,,1,1,37,1,4,,1,3,,,,,,,,,6,,,1,2,4,5,5,5,5,5,3,4,5,5,4,4,2,2,2,2,2,2,2,2,0,1,50000,80000,2,70000,40000,90000,150000,2,10000,70000,20000,,,1,200000,1,1,0,0,2,0,0,0,2,2,5,3,4,1,2,3,4,2,3,2,1,2,2,3,1,,,,,1,0,5,,1,,,,,,,0,0,California,93308,3,California,Manila,3,0,6,6,6,6,1,,,,,,1,1,,1,,,1,,1,,none
65a7027c88eae2b9a68ae596,8/4/25 11:15,1494,,,.89999998,1,52,1,4,1,,5,,,1,,,,,,5,,1,,4,4,5,4,3,4,4,2,5,2,2,3,3,3,3,3,2,4,3,4,4,0,1,35000,35000,1,45000,25000,150000,165000,1,175000,150000,135000,,,,,5,5,2,2,2,0,2,2,1,3,4,5,2,1,2,5,5,1,4,4,2,2,2,1,,1,,1,,,3,3,,,,,,,1,,1,1,Ohio,44883,1,Ohio,Tiffin,1,0,6,6,6,4,1,,,,,,1,1,,1,,,1,,,,Thank you for the opportunity! Blessings on your research!
674235f8f041e92215fbf483,8/4/25 11:15,1122,,,1,1,45,0,2,,1,1,,,,,,1,1,,7,,1,,1,4,4,4,4,3,3,5,4,3,5,1,1,1,1,3,2,1,2,3,2,1,1,23000,100000,2,100000,80000,,100000,2,80000,75000,60000,,,,,10,10,0,0,0,0,0,0,3,1,3,5,2,4,3,5,2,2,3,2,3,2,2,3,1,,,1,,,5,-1,,,,,,,1,,1,1,Alabama,36426,1,Alabama,Brewton,1,0,6,7,2,2,,,1,,,,1,1,,1,,,1,,,,
63cac85f8519383ef0422593,8/4/25 11:16,1826,,,1,1,60,0,2,,1,3,,,,,,,,,1,,1,,3,3,1,-1,4,-1,1,1,1,1,3,2,3,3,3,3,3,1,1,1,4,0,1,110000,150000,2,180000,140000,155000,200000,2,225000,175000,80000,,,,,10,10,2,2,2,0,0,2,2,3,2,5,1,4,3,1,5,1,3,4,2,2,2,1,1,,,1,,,2,2,,,,1,,,,,1,0,Florida,32223,2,Florida,Miami,3,0,7,7,2,2,1,,,,,,1,1,,1,,,1,,,,
67d04642f55260fc0c75fda1,8/4/25 11:16,1098,,,.89999998,1,49,1,4,,1,4,,1,1,,,,,,6,1,,,4,2,5,5,4,4,4,4,4,2,4,1,2,4,2,3,3,2,2,2,2,0,1,30000,55000,1,60000,45000,50000,70000,1,75000,60000,80000,,,,,1,4,0,0,0,0,0,0,4,1,3,4,5,2,4,5,5,1,4,2,2,2,2,3,1,,,1,,,4,4,,,1,,,,,,1,1,Ohio,43229,3,Ohio,Columbus,3,0,6,7,6,6,1,,,,,,1,1,,1,,,1,,,,
67d18c20050ecfd766de3af3,8/4/25 11:16,1008,,,1,1,58,1,4,,1,4,,1,,,,,,,6,,,1,2,4,5,4,4,5,5,2,3,2,2,3,3,5,2,3,3,4,4,4,4,0,1,60000,9000,2,90000,50000,60000,80000,2,90000,50000,150000,,,,,3,4,0,0,2,0,0,0,4,2,4,1,5,3,4,5,4,1,2,4,1,3,2,3,,1,,1,,,4,4,,,,,,,1,,1,1,Texas,76455,2,Texas,Austin,1,0,6,6,7,6,,1,,,,,1,1,,1,,,1,,,1,
66dc6a84045c49214a18285f,8/4/25 11:17,697,,,1,,20,1,4,1,,4,,1,,,,,,,6,,1,,1,1,4,2,4,5,5,5,5,4,4,3,4,2,1,2,1,2,2,2,1,0,1,13000,60000,1,100000,30000,60000,80000,1,120000,50000,45000,1,70000,1,70000,2,1,0,0,2,0,0,0,5,2,1,4,5,3,5,3,1,4,2,1,2,2,5,5,1,,,,,1,0,2,,,1,,,,,,1,0,New York,11203,3,New York,Brooklyn,3,0,4,4,2,3,,,,,,1,3,3,,,,,,,1,,
616964223dcbf0aa539dbae2,8/4/25 11:17,1209,,,1,1,46,0,4,,1,3,,,,,,,,,2,,,1,3,4,4,5,4,3,4,4,4,4,5,2,3,5,2,3,1,3,3,4,3,0,1,60000,100000,2,80000,60000,60000,120000,2,100000,60000,60000,,,,,5,5,0,0,0,0,0,0,4,2,1,3,5,4,4,5,4,2,3,2,2,1,5,1,,1,,1,,,4,4,,,,,,,1,,1,1,Alabama,35121,1,Alabama,Adamsville,2,0,3,3,5,3,,,1,,,,1,1,,1,,,1,,,1,
63c1f16254a3e934011c0e00,8/4/25 11:17,499,,,.80000001,,22,1,5,,1,5,,,,1,,,,,7,,1,,1,1,5,2,1,5,5,5,5,1,1,2,2,2,1,2,1,2,2,2,2,0,0,300,60000,1,60000,40000,150000,,,,,90000,1,120000,1,120000,1,1,0,0,2,0,0,0,3,2,1,5,4,3,4,2,1,4,2,2,2,2,3,4,,1,,,,1,0,2,,,1,,,,,,1,1,California,95701,1,California,Colfax,2,3,4,6,5,5,,,,1,,,3,3,1,,,1,,,,1,
67757553ccb7cd2a4385b679,8/4/25 11:17,824,,,1,1,59,0,4,1,,3,,,,,,,,,6,1,,,2,4,4,4,2,3,4,2,3,3,4,3,3,3,2,2,2,3,3,3,3,0,1,5000,0,2,5000,0,80000,60000,2,80000,40000,60000,,,,,10,5,0,2,2,0,2,2,4,2,3,5,1,4,4,2,5,1,3,3,2,2,2,1,,1,,1,,,4,4,,,,,,,1,,1,1,Ohio,44610,1,Ohio,Sugarcreek,1,0,5,5,1,1,,,,,1,,1,1,,1,,,1,,,,Good survey. Thank you.
6394e32126ebbdc7b10c6748,8/4/25 11:18,1007,,,1,1,62,0,1,,1,3,,,,,,,,,1,,,1,2,1,3,4,3,1,1,1,1,1,5,4,5,3,3,3,2,2,2,2,4,1,0,300000,100000,2,120000,0,,,,,,200000,,,,,1,1,2,2,2,0,2,2,2,1,5,4,2,3,1,3,4,3,2,3,2,1,3,1,1,,,1,,,4,4,,,,,,,1,,1,1,Virginia,23188,2,Ohio,Westlake,2,0,6,6,6,7,1,,,,,,1,1,,1,,,1,,1,,
67e9c5ae31da35e759d17d8f,8/4/25 11:18,1292,,,1,1,58,1,4,,1,4,,,1,,,,,,3,,1,,2,3,4,5,1,3,3,2,4,2,3,2,3,2,2,1,2,2,2,2,3,0,1,59000,69000,2,75000,50000,152000,150000,3,200000,100000,100000,,,,,9,5,0,2,2,0,0,2,3,1,2,4,5,3,2,5,5,2,3,4,2,2,2,1,,1,,1,,,2,2,,,1,,,,,,1,1,Maine,04965,2,Maine,Palmyra,2,0,7,7,5,5,1,,,,,,3,3,,1,,,1,,,,
67886304e14cde87368e3688,8/4/25 11:18,766,,,1,1,63,1,5,1,,5,1,,,,,,,,7,,,1,1,2,5,5,1,5,5,4,5,4,5,2,3,1,2,2,3,2,1,3,2,1,0,17500,18500,2,20000,15000,,,,,,25000,,,,,2,4,0,2,2,0,0,2,4,1,2,5,4,3,4,2,5,2,1,1,1,1,1,5,1,,,,,1,0,0,,,,,,,1,,1,1,Florida,33756,3,Virginia,manassas,3,0,3,3,2,,,,,,1,,1,1,,,,,1,,,1,
669ae5e518a6da2e08898e9f,8/4/25 11:18,606,,,1,,20,1,4,1,,3,,,,,,,,,7,1,,,1,3,4,3,1,4,4,1,4,2,3,4,4,4,2,3,2,2,2,2,3,0,0,6000,100000,3,200000,70000,160000,,,,,250000,1,200000,1,200000,6,3,2,2,2,0,0,2,2,1,4,3,5,2,2,4,4,2,4,2,2,3,2,4,1,,,,,1,0,2,,,,,,,1,,0,0,New York,10306,2,New York,NYC,3,3,4,6,7,1,,,,1,,,2,2,1,,,,,,,,
64602202550aa320d8de4330,8/4/25 11:18,682,,,.89999998,1,54,1,4,1,,4,,,1,,,,,,6,1,,,1,4,5,4,1,2,5,2,5,3,5,1,2,2,2,2,1,4,3,5,4,1,0,84000,100000,1,120000,60000,,,,,,50000,,,,,5,1,0,0,2,0,0,0,4,2,1,5,4,3,2,4,2,3,2,4,2,2,4,3,1,,,,,,0,0,,,,,,,1,,1,1,California,91942,2,California,Woodland,2,0,5,5,6,6,1,,,,,,1,1,,1,,,1,,,,
67d952104d8da4447ab6be2c,8/4/25 11:18,2263,,,.89999998,1,55,1,5,1,,5,,1,1,,,,,,7,,1,,4,5,5,5,2,5,4,2,4,4,4,3,4,1,1,3,3,2,2,3,4,0,1,200000,500000,2,400000,350000,300000,700000,2,600000,500000,200000,,,,,6,8,0,0,2,0,0,0,2,1,5,3,4,2,4,5,5,2,4,4,2,2,1,1,1,,,1,,,3,3,,,1,,,,,,1,1,New York,11210,3,California,"Los Angeles, California",3,0,7,8,6,7,1,,,,,,1,1,,1,,,1,,,,None
6646d66dff946ef256719adf,8/4/25 11:19,2544,,,1,1,53,1,5,1,,2,,,,,,1,,,6,,1,,2,2,5,4,-1,4,5,3,5,4,2,2,3,1,2,2,3,3,1,3,3,0,1,75000,50000,2,80000,40000,125000,100000,2,80000,50000,135000,,,,,4,5,2,2,2,0,0,2,2,1,3,4,5,2,4,2,4,2,2,2,2,2,2,1,,1,,1,,,3,3,,,,,,,1,,1,1,Ohio,44883,1,Ohio,Tiffin,1,0,7,7,6,4,1,,,,,,1,1,1,,,,1,,,,Thank you!
61202b6be797314915cb1bd7,8/4/25 11:19,1028,,,1,,23,1,5,,1,4,,1,1,,,,,,7,,,1,1,1,5,3,2,5,5,5,5,1,1,1,3,2,2,2,2,4,3,4,2,0,0,5000,120000,3,250000,10000,130000,,,,,100000,0,120000,0,120000,6,1,0,0,2,0,1,2,4,2,4,3,5,1,3,1,1,3,2,1,3,4,2,4,,1,,,,1,0,0,,,,,,,1,,1,1,Louisiana,00000,2,Louisiana,Not comfortable saying,2,0,6,6,9,6,,,,,,1,3,3,1,,,1,,,,,
673654fe4689394b4c0bb101,8/4/25 11:19,1024,,,.80000001,,21,1,4,1,,4,,1,1,,,,,,6,1,,,3,5,5,4,4,3,2,5,4,3,5,3,4,3,3,2,3,3,3,3,3,0,1,25000,60000,2,70000,50000,25000,60000,3,60000,30000,15000,0,40000,1,50000,2,6,0,0,0,0,0,0,5,4,5,2,3,1,4,3,5,2,3,4,4,4,3,3,1,,,1,,,0,2,,,,,,,1,,1,1,New York,14226,3,New York,Buffalo,3,0,6,6,6,6,1,,,,,,1,1,,1,,,,,,,None
651c526fd33de31308653e50,8/4/25 11:19,1306,,,1,1,50,0,4,1,,4,,1,,,,,,,6,,1,,2,3,4,4,2,1,4,2,4,2,4,3,3,3,-1,1,2,3,3,2,2,1,0,50000,200000,3,300000,80000,,,,,,74000,,,,,1,1,0,0,1,0,0,0,2,2,5,4,1,3,4,5,4,2,4,3,2,2,2,3,1,,,,,1,0,0,,,1,,,,,,1,0,New York,11231,3,New York,New York City,3,0,4,6,3,1,1,,,,,,1,1,,1,,,,,,,Thanks for letting me participate.
6652147db2b19cefc9fa9452,8/4/25 11:19,701,,,1,,19,1,5,,1,5,,,1,,,,,,3,1,,,1,1,5,3,2,5,5,5,5,1,1,2,3,1,1,2,3,2,2,1,2,0,1,35000,80000,2,125000,65000,42000,60000,2,75000,55000,45000,1,70000,1,115000,1,5,0,0,0,0,0,0,4,1,3,2,5,4,4,2,4,2,3,2,2,1,2,3,1,,,,,1,0,-1,,,,1,,,,,1,1,Arizona,85281,3,Arizona,Tempe,3,3,3,6,4,4,1,,,,,,3,3,1,,,,,,,,N/A
66826e9e2c8e4bfd530e5584,8/4/25 11:20,814,,,1,,23,1,5,,1,3,,,,,,,,,5,,,1,1,2,5,4,5,5,5,5,4,4,2,2,3,2,1,1,1,2,3,2,1,0,0,30000,700000,1,100000,50000,70000,,,,,40000,0,40000,0,40000,1,6,2,2,2,0,0,0,2,1,5,2,4,3,5,1,1,4,2,4,4,2,4,5,1,,,,,1,0,0,,,,,,,1,,1,1,Kansas,67212,2,Kansas,wichita,3,2,4,6,6,4,,,,,,1,3,3,,,,1,,,,,
671fb7534780312b6355a4c1,8/4/25 11:20,1771,,,1,1,49,0,3,1,,3,,,,,,,,,4,,,1,4,4,5,4,3,5,3,2,3,3,2,3,3,5,3,3,3,3,3,4,4,0,1,89000,150000,3,120000,10000,187000,300000,3,300000,250000,200000,,,,,1,4,0,0,0,0,0,0,4,2,3,1,5,4,3,4,5,2,3,4,2,2,4,1,1,,,1,,,2,2,,1,,,,,,,0,0,Arizona,85353,3,Arizona,Tolleson,3,0,7,7,6,7,1,,,,,,1,1,,1,,,1,,,,
67cf6dfb019a3a7d53e9dc7e,8/4/25 11:21,402,1,1,1,1,51,1,5,1,,5,1,,,,,,,,7,,,1,5,5,5,5,5,5,5,5,5,5,4,5,3,3,3,3,3,5,3,5,2,1,1,400000,4,3,4,6,,40000,3,20000,450000,700000,,,,,5,4,0,0,2,0,0,0,5,1,4,2,5,3,5,5,5,1,2,3,4,3,3,4,1,,,1,,,3,3,,,,,,,1,,1,1,Illinois,78202,3,Florida,New York,3,4,7,7,7,7,,1,,,,,1,1,,1,,,1,,1,,good
66df46fb357af63664ede595,8/4/25 11:21,500,,,1,,21,0,1,,1,3,,,,,,,,,5,,,1,3,4,4,5,5,2,1,3,4,1,5,3,4,1,2,2,-1,4,3,4,4,0,1,12000,150000,2,300000,0,100000,160000,1,700000,0,80000,1,80000,1,90000,6,10,2,2,2,0,0,2,2,1,2,4,5,3,4,3,2,3,4,2,3,1,2,5,1,,,,,1,0,3,,,,,,,1,,1,1,Arizona,85281,3,Maryland,20877,2,3,4,7,7,7,,,,1,,,2,1,,1,,,,,,,
66295f6787560614cb0b4d24,8/4/25 11:21,773,,,1,1,42,0,2,1,,3,,,,,,,,,5,,,1,2,3,4,4,3,4,1,2,3,2,4,2,3,1,2,2,2,3,4,4,3,0,1,73000,135000,2,155000,100000,130000,210000,2,255000,175000,100000,,,,,4,3,0,2,2,0,0,0,4,2,3,4,5,1,2,2,5,1,5,3,2,1,2,1,,1,,,1,,1,2,,,,,,,1,,1,1,Massachusetts,01129,2,Massachusetts,Chicopee,2,0,6,7,3,6,1,,,,,,1,1,,1,,,1,,,,"Good experience- survey had good flow, length and no confusing questions "
5d8a64630ffb9c001746ca2c,8/4/25 11:21,1009,,,1,1,66,0,1,,1,1,,,,,,,,1,1,,1,,4,4,4,5,2,1,1,2,4,2,5,4,4,1,2,2,2,3,3,3,3,0,0,52000,58000,1,57000,53000,77000,,,,,77000,,,,,1,5,0,2,2,0,0,2,1,1,3,5,4,2,2,1,5,1,3,4,2,1,1,1,1,,,1,,,2,2,,1,,,,,,,1,0,California,91911,2,California,San Diego,2,0,5,5,3,6,1,,,,,,1,1,,1,,,1,,,,None
6710074f43e0ed058e49ccc6,8/4/25 11:21,796,,,1,,23,1,4,,1,5,,1,,,,,,,7,,,1,1,1,4,3,1,4,4,4,4,3,4,1,3,2,2,3,2,1,3,3,2,0,1,28000,60000,2,80000,28000,36000,130000,2,158000,80000,40000,1,85000,1,95000,3,5,0,2,2,1,0,2,2,5,3,2,4,1,5,1,5,3,2,2,2,2,4,5,,1,,,1,,0,3,,,,,,,1,,1,1,Arizona,85719,3,Arkansas,Hot Springs,2,4,6,8,3,4,1,,,,,,2,2,1,,,,,,,,
66046f7689c4f0da055f17c5,8/4/25 11:22,1368,,,1,1,54,0,2,,1,1,,,,,1,,,,2,,,1,2,2,4,5,4,1,1,1,2,2,4,2,3,5,3,3,3,2,2,3,4,1,0,99000,200000,3,200000,90000,,,,,,50000,,,,,1,1,0,0,0,0,0,0,5,1,2,5,3,4,1,5,5,1,5,3,1,1,5,1,1,,,1,,,2,2,,,1,,,,,,1,1,Arkansas,71726,1,Arkansas,chidester,1,0,4,4,4,3,,,1,,,,1,1,,1,,,1,,,,good survey
6733c9f67240fddc73fe943b,8/4/25 11:22,1111,,,1,1,60,1,5,,1,4,,1,,,,,,,7,,1,,-1,4,5,4,5,5,5,4,-1,-1,4,4,5,1,1,1,-1,-1,-1,-1,5,0,1,32000,35000,1,35000,34000,32000,35000,1,50000,53000,45000,,,,,1,5,0,0,2,0,0,0,2,1,5,4,3,2,4,2,4,4,4,4,1,1,4,5,1,,,1,,,0,0,,,,,,,1,,0,0,Illinois,60608,3,Illinois,Chicago,3,1,3,3,3,3,1,,,,,,3,3,,1,,,,,,,none
668f4963f56b93ef61e2edff,8/4/25 11:22,2173,,,1,,20,1,4,1,,4,,1,,,,,,,6,,,1,1,2,4,2,4,4,5,2,4,1,2,2,4,2,2,3,2,4,2,3,3,0,1,30000,45000,2,60000,50000,30000,50000,3,55000,25000,25000,1,45000,1,48000,10,10,0,0,0,0,0,0,4,2,4,1,5,3,4,3,4,2,3,2,3,3,4,4,1,,,,,1,0,0,,,,,,,1,,1,1,Minnesota,55106,2,Minnesota,saint paul,2,3,6,7,7,7,1,,,,,,1,2,,1,,,1,,,,
67c4d6db7736e277b8582936,8/4/25 11:22,1375,,,1,1,65,0,1,,1,3,,,,,,,,,5,,1,,4,4,3,5,2,2,1,2,4,3,5,3,4,4,2,3,1,2,1,3,3,0,1,37000,45000,2,45000,42000,72000,86000,2,86000,82000,75000,,,,,2,3,0,2,2,0,0,2,3,1,2,5,4,3,4,3,5,1,3,2,1,1,1,4,,1,,,,,5,5,,,1,,,,,,1,1,Oklahoma,73012,2,Oklahoma,Fort Sill,2,0,5,5,3,6,,,,,1,,1,1,,1,,,1,,1,,no feedback
5dcc9ee9b4cc7892cce47c45,8/4/25 11:23,1015,,,1,,23,1,5,1,,4,,,,,,,,,1,,1,,1,1,5,1,1,5,5,5,5,1,1,1,3,2,2,2,1,3,4,4,3,0,1,33000,50000,2,40000,35000,70000,120000,2,100000,80000,80000,1,120000,0,100000,1,1,0,2,2,0,0,2,2,1,3,4,5,2,5,1,5,1,3,1,1,3,3,1,1,,,1,,,0,1,,,,,,,1,,1,1,Florida,34652,2,Georgia,Jesup,1,0,4,4,5,6,1,,,,,,3,3,1,,,1,,,,,
5c646fd5a6d35c00015e8f3b,8/4/25 11:24,1337,,,.89999998,1,70,1,4,1,,4,,,1,,,,,,5,,1,,2,3,2,3,4,3,4,3,4,4,3,3,2,2,2,2,2,2,2,3,3,0,1,60000,64000,1,64000,62000,60000,64000,1,64000,62000,55000,,,,,5,1,0,0,2,0,0,0,3,1,4,3,5,2,4,1,4,1,1,3,3,3,3,4,1,,,1,,,0,-1,,,,,,,1,,1,1,South Carolina,29078,1,South Carolina,Charleston sc,3,0,2,2,1,1,,,,,1,,1,1,,,,,,,,,None
652c5f38cf13042034313b91,8/4/25 11:24,1092,,,1,1,39,0,1,,1,1,,,,,,1,,,1,,1,,5,1,5,5,4,1,1,1,3,2,1,2,3,1,2,2,2,2,3,2,3,1,0,65000,90000,2,80000,70000,,,,,,80000,,,0,80000,6,6,0,2,2,0,0,0,1,2,3,1,4,5,4,4,5,2,3,3,2,2,2,5,1,,,,,1,0,0,,,,1,,,,,1,0,California,92227,1,California,Fresno,3,0,4,6,4,3,1,,,,,,1,1,,1,,,1,,1,,"This was a great study to take, the questions were very interesting and I truly thought a lot about looking into the future, thank you so much!"
6595d13c34beaad5917cc71a,8/4/25 11:24,963,,,1,,20,1,5,1,,3,,,,,,,,,4,,,1,1,2,4,2,3,2,4,4,4,1,1,2,3,1,-1,-1,2,3,3,3,2,0,1,30000,60000,1,80000,50000,160000,180000,1,180000,160000,50000,1,15000,1,170000,1,4,1,0,0,0,0,0,4,1,3,4,5,2,4,3,2,3,2,2,1,1,2,4,,1,,,,1,0,2,,,1,,,,,,1,0,Florida,33436,2,Florida,BOYNTON BEACH,2,3,5,9,6,6,,,,,,1,3,3,1,,,,,,1,,
67ad36abfb121731457f8390,8/4/25 11:24,1410,,,1,,18,1,5,,1,5,,1,,,,,,,6,,1,,1,2,5,5,5,4,4,4,4,1,1,2,4,2,3,3,3,1,2,4,2,0,1,45000,150000,3,100000,85000,120000,220000,3,170000,135000,90000,1,180000,1,220000,3,5,0,2,2,0,2,2,5,1,3,2,5,4,4,3,4,1,5,3,1,4,2,4,1,,,,,1,0,2,,,1,,,,,,1,1,Alabama,36532,2,Alabama,Mobile,2,3,4,6,7,6,,1,,,,,2,2,,,,,,,,,
66ccc9348aaefa0fa851a63f,8/4/25 11:24,1771,1,1,1,,28,1,3,,1,4,1,1,,,,,,,5,,,1,3,4,5,4,5,4,4,3,4,4,5,4,3,5,3,2,3,3,3,4,4,1,1,45000,800000000,3,500000,50000,,560000,2,40000,50000,50000,1,40000,1,50000,10,7,0,2,0,2,0,0,4,5,1,3,4,2,4,4,4,3,4,2,5,4,3,3,1,,,,,1,1,1,,,1,,,,,,1,1,California,96507,3,California,las vegas,3,3,6,6,6,6,1,,,,,,1,1,,1,,,1,,,1,no
6234a7fc493d026318784c23,8/4/25 11:25,548,,,1,,22,1,4,,1,3,,,,,,,,,5,,1,,2,3,4,2,3,5,4,4,4,3,3,2,2,2,1,2,2,1,3,1,2,0,1,40000,80000,2,60000,50000,40000,87000,2,75000,60000,50000,0,65000,0,70000,1,1,0,0,2,0,0,0,4,1,4,2,5,3,4,2,4,2,3,3,2,1,2,3,,1,,,,1,0,0,,,,,,,1,,1,1,Maryland,21213,3,Maryland,Baltimore,3,3,5,6,3,2,1,,,,,,2,2,1,,,,,,,,
666e0c42ac414869ed22fbc5,8/4/25 11:25,1122,,,1,,19,1,5,,1,4,,,1,,,,,,7,1,,,1,1,4,4,4,4,4,5,5,1,1,1,1,1,1,1,1,1,1,2,2,0,1,2000,50000,2,50000,25000,50000,50000,2,50000,4000,70000,0,70000,0,70000,5,1,0,0,0,0,0,0,4,2,1,5,4,3,4,1,2,3,1,1,4,4,4,5,,1,,,,1,0,0,,,,,,,1,,1,1,Louisiana,70532,1,Louisiana,Elton,1,0,3,3,2,4,,,,,1,,3,3,1,,,,,,,,
66bcffc3e6f77501141b3d0f,8/4/25 11:25,781,,,1,1,37,1,5,1,,4,,1,,,,,,,6,1,,,1,3,4,5,1,5,5,4,5,4,5,2,2,1,2,3,2,3,3,3,4,0,1,75000,110000,2,100000,80000,100000,150000,2,120000,100000,90000,,,1,100000,1,1,0,0,0,0,0,0,2,1,4,3,2,5,3,4,4,1,4,2,2,2,2,3,1,,,,,1,0,2,,,,1,,,,,1,0,New York,11590,2,New York,"Westbury, NY",2,0,6,6,3,3,1,,,,,,1,1,,1,,,1,,,,"Great Study, hope to do more in the future."
615ddab1e4f013092538b6c5,8/4/25 11:26,944,,,.89999998,1,62,0,4,1,,4,,1,,1,,,,,3,1,,,4,4,2,4,4,2,4,3,4,3,4,2,3,2,2,2,2,2,2,3,3,1,1,123000,100000,1,120000,40000,,110000,1,130000,50000,100000,,,,,2,7,2,2,2,0,2,2,3,1,4,5,2,3,3,2,5,3,2,2,1,1,2,1,1,,,,,,0,0,,,,,,,1,,1,1,Wyoming,82007,2,Wyoming,Riverton,2,0,7,7,4,6,,,,,1,,1,1,,1,,,1,,1,,None
671d33d76bd496cb00531106,8/4/25 11:26,737,,,.89999998,1,55,0,3,1,,3,,,,,,,,,5,,1,,2,5,5,5,3,1,1,1,3,2,5,3,3,2,1,-1,1,1,1,1,1,0,1,1500,14000,1,20000,5000,14500,20000,1,25000,14000,25000,,,,,10,10,0,0,0,0,0,0,5,3,2,4,5,1,5,1,4,3,2,2,2,1,1,1,1,,,1,,,0,0,,,,,,,1,,1,1,Colorado,80003,2,Colorado,Superior,1,0,5,5,3,4,,,,,,1,1,2,,1,,,1,,1,,
55d1955dcc2b1800102be8e3,8/4/25 11:27,602,,,1,1,54,0,3,1,,3,,,,,,,,,6,,1,,2,4,2,5,4,1,2,4,5,3,5,1,1,5,2,1,1,1,3,3,2,0,1,54500,59500,2,62000,55000,90000,105000,2,110000,97000,110000,,,,,1,2,0,0,2,0,0,0,4,1,2,4,5,3,2,1,5,1,3,1,1,1,1,3,1,,,,1,,1,1,,,,,,,1,,1,1,Vermont,05458,1,Vermont,Burlington,2,0,5,5,3,3,1,,,,,,1,1,,1,,,1,,,,Thank you!
677edb96bb091e27806608b9,8/4/25 11:27,812,,,1,1,48,1,3,,1,3,,,,,,,,,3,1,,,4,4,5,4,2,4,4,2,2,4,2,2,3,2,3,3,3,3,3,3,3,0,1,143000,175000,2,220000,160000,143000,250000,2,270000,200000,180000,,,,,10,8,0,0,2,0,0,0,1,3,5,4,2,1,1,3,4,3,3,2,2,2,2,3,,1,,1,,,3,3,,,,1,,,,,1,1,Maryland,21043,2,Texas,Corpus Christi,2,4,6,7,4,5,1,,,,,,2,2,,,,,1,,,,"Everything was great, thanks!"
67e830b647b5346d37e9bc11,8/4/25 11:27,948,,,1,,22,1,2,1,,5,,1,,,,,,,7,1,,,5,2,4,5,1,3,4,4,4,1,4,3,4,5,2,3,3,4,4,4,2,1,1,20000,200000,2,200000,100000,,200000,2,200000,100000,60000,1,100000,1,200000,5,3,0,0,0,0,0,0,5,5,2,4,3,1,4,3,2,4,3,2,2,2,2,2,1,,,,,1,0,2,,,1,,,,,,1,1,Virginia,39046,2,Virginia,Virginia Beach,2,4,6,8,7,9,,1,,,,,1,2,,1,,,1,,,,
6734e9f8951399dc7d4d3ba7,8/4/25 11:28,1036,,,.89999998,1,46,0,4,1,,1,,,,,,,1,,6,,1,,2,3,4,4,3,2,4,2,4,1,4,1,3,1,3,3,2,4,-1,3,3,1,0,55000,100000,3,100000,0,,,,,,40000,,,,,1,6,0,0,2,0,0,0,4,4,2,5,3,1,2,5,4,2,2,4,2,1,2,1,,1,,,,1,2,2,,,,1,,,,,1,1,Arizona,85202,2,Arizona,Phoenix,3,0,4,8,5,2,,,1,,,,1,1,,1,,,1,,1,,
6329bc8f80d4501faf9bbdc6,8/4/25 11:28,850,,,1,,23,1,5,1,,4,,1,1,,,,,,2,,1,,1,1,4,5,1,4,5,5,5,1,2,1,2,1,1,1,1,4,3,5,2,1,1,6000,45000,2,100000,20000,,75000,1,200000,35000,25000,1,80000,1,80000,1,2,2,0,0,2,2,0,2,2,1,3,4,5,5,1,4,3,1,4,1,2,3,5,,1,,,1,,0,2,,,,1,1,,1,,1,0,Michigan,48912,3,Maryland,rockville,2,2,7,7,6,4,,1,,,,,2,2,1,,,,,1,,,
67cccc70ea11ab9caa72da49,8/4/25 11:28,1515,,,1,1,51,1,5,1,,5,1,1,1,,,,,,6,1,,,2,2,5,4,1,5,5,2,5,1,2,2,3,2,2,2,2,2,2,3,4,0,1,90000,120000,2,120000,90000,145000,200000,2,220000,120000,130000,,,,,5,7,0,0,2,0,0,0,4,1,4,3,5,2,4,4,4,2,3,4,2,2,2,2,,1,,1,,,2,2,,,,,,,1,,1,1,Arizona,85020,3,Arizona,Phoenix,3,0,7,9,6,6,1,,,,,,1,1,,1,,,1,,,,The questions were clear and balanced overall.
6238dfab577ecd4adb97a917,8/4/25 11:28,717,,,1,1,52,1,5,1,,5,,1,,,,,,,3,,1,,1,1,5,5,5,5,5,4,5,3,1,2,1,1,2,2,2,3,3,3,3,1,0,69000,69000,3,69000,69000,,,,,,69000,,,,,2,3,0,0,2,0,0,0,1,2,4,1,5,3,5,4,5,1,4,2,1,1,1,1,1,,,1,,,1,1,,,,,,,1,,1,1,Texas,77084,2,Texas,Houston Tx,2,3,6,6,6,6,1,,,,,,1,1,,1,,,1,,,1,
66a951b14b7efb731d95dcbd,8/4/25 11:28,1179,,,.89999998,1,54,0,3,,1,2,,,,,,,,1,5,,,1,2,1,5,4,4,5,3,4,5,1,4,1,3,4,3,2,3,1,1,2,4,1,0,138775,200000,3,175000,100000,,,,,,75000,,,,,10,10,0,0,2,0,0,0,5,1,2,3,5,4,4,4,4,4,2,3,3,2,3,1,,1,,,,,3,3,,,1,,,,,,1,1,North Carolina,27957,1,North Carolina,Edenton,1,0,8,8,4,3,1,,,,,,1,1,1,,,1,,,,,All went well. No confusion. Flowed well. Not too short or long. 
678340c9ba7d324b063cec2f,8/4/25 11:29,394,,,1,,18,0,1,,1,3,,,,,,,,,1,,,1,5,5,5,1,2,5,1,1,4,1,5,5,5,2,3,3,3,1,1,5,3,0,1,30000,120000,3,150000,80000,250000,200000,3,250000,180000,200000,0,180000,0,200000,1,1,2,2,2,0,0,2,2,2,3,1,4,5,4,1,5,1,5,4,2,1,1,2,1,,,,,1,0,0,,1,,,,,,,1,0,Georgia,30000,2,Georgia,Atlanta,2,3,4,7,6,6,,,,1,,,2,2,,,,,,,,,
5ed9c285b8c16356b385a97f,8/4/25 11:30,1027,,,.69999999,1,72,0,3,,1,3,,,,,,,,,2,1,,,4,3,4,4,4,4,2,4,4,2,4,3,2,1,2,2,1,3,3,2,3,0,1,20000,22000,2,22000,20000,39000,42000,2,44000,39000,55000,,,,,1,2,2,2,2,0,2,2,4,3,2,5,1,4,3,2,4,2,3,2,2,2,2,1,,1,,1,,,0,0,,,,,,,1,,1,1,Ohio,44460,2,Ohio,personal,1,0,4,4,1,3,,1,,,,,1,1,,1,,,1,,1,,
6110df91926e32f27942c87e,8/4/25 11:30,726,,,1,,21,1,5,1,,3,,,,,,,,,6,1,,,2,3,5,3,1,5,5,4,5,1,1,2,4,1,2,2,2,3,4,2,1,0,1,10000,80000,2,70000,60000,85000,85000,2,75000,70000,75000,1,85000,1,90000,5,2,0,0,0,0,0,0,3,1,2,3,5,4,4,2,2,2,5,2,2,2,3,4,,1,,,,1,0,3,,,,,,,1,,1,1,Tennessee,38017,2,Tennessee,Memphis,3,2,4,5,6,7,,,,1,,,3,3,1,,,,,,,,N/A
67c72a3ce6327e6ac2aaabbc,8/4/25 11:30,1122,1,1,1,1,78,0,5,1,,4,,1,,,,,,,7,,1,,4,5,3,4,3,4,4,5,5,5,5,3,1,4,2,1,2,1,1,2,3,1,1,42000,10000,3,10000,0,,0,3,10000,0,40000,,,,,1,6,0,2,2,0,0,1,5,1,2,5,4,3,5,1,4,3,2,3,1,1,2,1,,1,,,,,0,0,,,,,,,1,,1,1,Vermont,05408,3,Vermont,BURLINGTON,3,0,3,3,3,1,,1,,,,,1,1,,1,,,1,,1,,Survey asked political questions at end- I don't know what that has to do with the survey.
657dd22938e31904b66ca3b4,8/4/25 11:30,2048,,,1,1,55,0,4,1,,3,,,,,,,,,7,,,1,1,4,5,2,4,2,5,1,2,1,4,3,3,3,3,3,2,2,2,3,3,0,0,125000,125000,2,140000,100000,130000,,,,,150000,,,,,2,1,0,2,2,0,0,2,5,1,5,2,3,4,2,5,4,2,3,4,2,2,2,2,1,,,1,,,1,1,,,,,,,1,,1,1,Missouri,63301,2,Missouri,Farmington,2,0,6,6,5,7,,,1,,,,1,2,,1,,,1,,,,
6673c06ef972fa4885e8ec49,8/4/25 11:30,670,,,1,,22,1,5,1,,4,,1,,,,,,,7,1,,,2,1,4,4,1,5,5,5,5,1,1,1,2,1,1,2,1,1,2,1,2,0,1,35000,60000,2,55000,50000,80000,80000,1,85000,75000,80000,0,80000,0,80000,3,4,0,0,2,0,0,0,2,3,2,4,5,1,4,2,4,3,3,3,3,3,3,4,,1,,,1,,0,0,,,,1,,,,,1,1,Wisconsin,53186,3,Wisconsin,Waukesha,3,2,5,6,7,3,1,,,,,,3,3,1,,,,,,,,
65e25a56b48b9af00aaf76d5,8/4/25 11:31,1930,,,1,1,51,1,3,1,,3,,,,,,,,,3,,1,,4,3,4,5,3,5,4,4,5,2,2,1,1,5,2,2,2,3,3,4,2,1,0,38000,45000,1,60000,45000,,,,,,45000,,,,,6,6,0,0,0,0,0,0,4,5,3,4,1,2,2,1,5,1,4,1,1,1,1,1,,1,,1,,,4,4,,,,,,,1,,1,1,Indiana,47421,1,Indiana,Bedford,1,0,4,5,5,3,1,,,,,,1,1,,1,,,1,,,1,
5589c7cefdf99b18bd86cf31,8/4/25 11:31,835,,,1,1,42,0,1,,1,3,,,,,,,,,2,,,1,2,2,1,4,5,1,1,4,5,1,5,1,2,2,2,2,2,2,2,3,2,1,0,22000,30000,1,40000,15000,,,,,,20000,,,,,1,1,2,2,2,0,2,2,2,1,2,5,3,4,4,3,4,2,2,4,2,1,5,4,1,,,,,1,0,2,,,,,,,1,,1,1,Arizona,85119,2,Minnesota,Stillwater,2,0,6,6,3,3,1,,,,,,1,1,,1,,,1,,1,,
66ac145b55e2055063cd4079,8/4/25 11:31,1720,,,1,1,78,1,4,,1,4,1,,1,,,,,,7,1,,,2,5,5,4,5,5,4,4,5,4,4,2,2,4,3,2,3,3,3,3,5,0,1,90000,150000,3,170000,120000,180000,250000,3,270000,230000,150000,,,,,3,4,2,0,0,0,0,0,5,2,4,3,5,1,4,4,5,1,5,2,1,3,1,1,1,,,1,,,2,2,,,,,,,1,,1,1,Pennsylvania,16504,3,Pennsylvania,"Erie, Pennsylvania",3,0,7,7,6,7,,1,,,,,1,1,,1,,,1,,,,No
63e55808e2a9efc0cd65e879,8/4/25 11:31,1217,,,1,1,70,1,4,1,,4,1,,,,,,,,7,1,,,1,3,3,4,4,4,4,3,5,2,2,2,2,3,1,1,1,2,2,2,2,1,0,15000,15000,2,15000,15000,,,,,,45000,,,,,3,1,0,2,2,0,0,2,5,1,2,4,5,3,4,1,5,1,1,1,1,1,1,1,1,,,,,1,3,3,,,,,,,1,,1,1,Michigan,49337,1,Michigan,Byron center Mi,1,0,2,2,3,3,,,,,1,,2,2,,,,,,,,,Nothing 
67b60042eed04ca5cedbb70a,8/4/25 11:31,1263,,,.89999998,1,62,1,5,1,,1,,,,,,,1,,6,,1,,1,3,4,5,5,5,5,5,5,2,5,3,3,5,2,3,3,2,2,2,3,0,1,150000,1500000,1,100000,800000,20000,150000,2,100000,100000,300000,,,,,5,6,0,0,2,0,0,0,4,1,4,2,5,3,4,5,4,2,3,3,3,3,4,4,,1,,1,,,3,3,,,1,,,,,,1,0,New York,100023,2,New Jersey,newark,3,0,7,8,6,6,1,,,,,,1,1,,1,,,1,,,,none
67cb3cf25f6ee9d77f22a665,8/4/25 11:32,2520,,,1,,19,1,4,1,,4,,1,1,,,,,,6,,1,,2,4,5,5,4,4,3,3,2,4,5,2,2,5,3,3,3,3,3,3,3,1,1,80000,85000,2,80000,75000,,85000,2,100000,80000,80000,1,100000,1,100000,3,6,0,0,0,0,0,0,4,2,3,4,5,1,1,4,4,2,3,3,3,2,2,2,1,,,,,1,0,3,,,,,,,1,,1,1,North Carolina,28217,3,North Carolina,Charlotte,3,0,6,9,6,6,1,,,,,,1,1,,1,,,1,,,,none
66537ee0b74eb6e13c4b6f32,8/4/25 11:32,995,,,1,,21,1,5,,1,3,,,,,,,,,5,,1,,1,2,4,3,2,5,5,5,5,1,1,2,3,3,1,2,2,3,3,5,5,0,1,3700,180000,2,180000,38000,37000,230000,2,230000,35000,90000,0,90000,1,420000,3,1,0,0,0,0,0,0,4,3,2,5,1,4,4,3,2,4,2,1,2,3,2,4,,1,,,,1,0,4,,,1,,,,,,1,1,Pennsylvania,15212,3,Pennsylvania,Pittsburgh,3,0,3,6,1,4,,,,,,1,3,3,1,,,,,,1,,
66cfbd2cb8eff8c5edc1700f,8/4/25 11:32,679,,,1,,19,1,5,,1,2,,,,,,,1,,7,,,1,2,4,5,4,2,5,5,4,4,2,4,2,1,2,1,2,2,1,1,2,2,0,1,1000,48000,1,30000,20000,15000,20000,1,15000,14000,15000,1,30000,1,15000,3,4,0,2,2,0,0,0,3,2,1,5,4,3,4,2,2,3,2,2,1,2,5,5,,1,,,,1,0,2,,,,,,,1,,1,1,Maryland,20743,2,West Virginia,Dunbar,2,0,3,6,4,2,,,,,,1,1,1,,1,,,,,,,
6781163e42dd9b1176a29412,8/4/25 11:33,3705,,,1,,19,1,4,1,,4,,1,,,,,,,6,1,,,3,4,3,4,5,4,5,3,4,4,5,4,2,3,2,3,3,3,4,5,4,0,1,75000,50000,2,70000,80000,80000,80000,3,60000,70000,70000,1,75000,1,70000,3,4,0,0,2,2,1,0,4,1,2,4,3,5,3,4,4,2,4,2,3,4,3,4,1,,,,,1,2,2,,1,,,,,,,1,0,California,92844,3,California,Garden Grove,3,3,4,4,3,4,1,,,,,,2,2,,1,,,1,,,,
67e5c355411c738824ca3aad,8/4/25 11:33,1638,,,.89999998,,19,0,3,1,,3,,,,,,,,,1,1,,,3,2,3,2,1,-1,4,2,4,1,4,1,1,3,2,3,3,3,3,3,3,0,1,10000,120000,2,150000,80000,10000,120000,2,150000,80000,100000,1,150000,1,150000,1,1,0,0,0,0,0,0,4,1,5,3,4,2,2,3,1,1,1,1,2,2,2,2,,1,,,,1,1,3,,,,,,,1,,1,1,California,92335,2,California,Raisin ,2,3,3,6,6,6,,,,1,,,1,1,,1,,,1,,,1,n/a
6735b2a6112cf17b7b8df8d1,8/4/25 11:33,1299,,,.89999998,,20,1,4,1,,4,,1,,,,,,,7,1,,,2,2,5,1,4,5,5,4,5,5,2,1,2,3,2,2,2,2,-1,1,1,1,1,10000,70000,2,50000,40000,,60000,2,50000,45000,30000,1,60000,1,60000,1,2,0,0,2,0,0,0,4,1,2,4,5,3,4,2,1,4,1,1,2,1,4,4,,1,,,,1,0,2,,,,,,,1,,1,1,New York,14830,1,New York,Corning,1,1,3,6,3,4,,,,,,1,3,3,1,,,,,,,,
675b29368726450cb73685cf,8/4/25 11:33,1011,,,1,1,68,1,3,,1,3,,,,,,,,,1,,,1,3,1,5,4,3,1,1,1,4,2,4,4,4,5,2,2,1,2,4,4,2,0,0,15000,25000,1,28000,20000,25000,,,,,240000,,,,,9,1,0,0,2,0,0,0,5,2,1,5,4,3,5,1,5,1,5,4,1,1,1,1,1,,,1,,,0,0,,,,,,,1,,1,1,Ohio,45840,3,Colorado,"Colorado Springs, Colorado ",3,0,5,5,2,2,,,,,1,,1,1,,1,,,1,,,,
676ea71fbd46fae80e7d6b38,8/4/25 11:33,1037,,,1,1,68,0,2,1,,3,,,,,,,,,1,,,1,3,5,2,5,5,1,1,1,2,1,5,3,4,2,2,3,3,2,3,3,3,0,1,96000,55000,2,65000,45000,190000,110000,2,90000,130000,175000,,,,,1,1,0,2,2,0,0,0,4,1,2,5,3,4,1,1,4,1,2,4,1,1,1,1,1,,,1,,,2,2,,,,,,,1,,1,1,Connecticut,06786,2,Connecticut,Southington,2,0,5,5,3,4,1,,,,,,1,1,,1,,,1,,1,,
67d5f6c42a9c97450f6bbcd5,8/4/25 11:35,1377,,,.69999999,,21,1,2,,1,5,,1,,,,,,,6,1,,,4,5,5,4,4,5,2,5,5,2,4,3,4,5,3,2,3,4,3,3,4,0,1,40000,100000,2,80000,75000,60000,90000,3,130000,70000,50000,1,70000,1,90000,5,6,0,0,0,0,0,0,5,1,2,3,5,4,5,4,3,3,3,3,2,2,3,4,1,,,,,1,0,4,,,1,,,,,,1,0,New Jersey,08840,3,New Jersey,Metuchen,2,0,6,6,6,6,1,,,,,,2,2,,,1,,,1,,1,nice study
6413c7853eba2b2215197ff4,8/4/25 11:35,871,,,1,1,70,0,3,1,,3,,,,,,,,,2,,1,,2,2,2,4,2,1,1,1,2,2,5,3,3,1,-1,-1,-1,3,4,3,1,1,0,15000,15000,2,15000,15000,,,,,,27000,,,,,1,1,0,0,0,0,0,0,5,1,2,5,3,4,1,5,4,2,4,2,1,1,1,1,,1,,,,,4,4,,,,,,,,1,1,1,California,95714,1,Texas,Poteet,1,0,5,5,3,3,,,1,,,,1,1,,1,,,1,,,,All good. Good luck with your research.
5c239f96da51990001e21d97,8/4/25 11:35,995,,,1,1,78,0,3,1,,3,,,,,,,,,4,,1,,1,1,5,5,1,-1,3,2,4,4,3,2,2,3,2,2,2,1,1,2,3,1,0,27000,27000,2,27000,27000,,,,,,27000,,,,,5,2,0,0,2,0,0,0,5,1,4,5,2,3,5,1,5,1,1,2,1,1,1,1,1,,,,,,4,4,,,,,,,1,,1,1,Missouri,63026,2,Missouri,"Salem, Mo",1,0,3,3,1,1,,,,,1,,1,1,,1,,,1,,,,
67d8591e059fa98302073a33,8/4/25 11:35,1674,,,1,1,61,1,4,1,,4,,1,1,,,,,,5,,1,,4,4,5,4,2,3,2,5,4,3,5,3,3,4,3,3,3,2,2,3,3,0,0,120000,100000,2,150000,90000,120000,,,,,100000,,,,,10,10,0,0,0,0,0,0,5,5,4,1,3,2,4,5,5,1,4,4,3,2,1,1,1,,,1,,,3,3,,,,,,,1,,1,1,New Hampshire,03307,1,New Hampshire,Deerfield,1,0,7,7,6,6,1,,,,,,1,1,,1,,,1,,,,
66c6ad713afa83a1ba517d18,8/4/25 11:35,1356,,,1,1,62,0,3,1,,3,,,,,,,,,1,,1,,-1,2,1,5,5,1,1,1,4,5,5,5,5,1,1,1,1,3,3,3,2,1,0,20000,18000,3,18000,18000,,,,,,36000,,,,,1,10,0,0,0,0,0,0,5,2,1,3,4,5,5,1,5,1,1,1,1,1,1,1,1,,,1,,,0,0,,,,,,,1,,1,1,Alabama,36530,1,California,San Francisco,3,0,4,4,7,3,,,,,1,,1,1,,1,,,1,,1,,
66e5bcf611d0bc991efda653,8/4/25 11:35,863,,,1,,19,1,4,,1,4,,1,,,,,,,6,1,,,1,1,4,3,2,1,4,2,5,1,4,3,5,2,2,3,3,1,1,4,3,0,1,12000,82000,2,125000,51000,260000,300000,2,320000,150000,100000,1,110000,1,120000,1,3,0,2,2,0,0,2,1,2,3,1,5,4,4,1,5,1,5,4,2,2,1,2,1,,,,,1,0,1,,1,,,,,,,1,0,Minnesota,55447,2,Minnesota,Minneapolis,2,3,4,6,9,9,,1,,,,,3,1,,1,,,,,,,
61222038c2048b50449284a1,8/4/25 11:36,709,,,1,1,35,1,5,1,,3,,,,,,,,,2,,1,,2,1,5,3,1,3,4,3,5,3,3,2,1,1,2,2,2,1,1,3,3,1,0,93000,150000,2,170000,100000,,,,,,90000,,,1,90000,1,10,0,0,0,0,0,0,2,1,4,2,3,5,4,5,4,3,4,3,2,1,2,3,,1,,,,1,2,2,,,1,,,,,,1,1,North Carolina,27587,2,New York,Bronx,3,0,6,6,6,7,1,,,,,,1,2,,1,,1,,,,1,
6779ab59311fd2904146f0d7,8/4/25 11:37,1146,,,1,1,30,1,4,1,,2,,,,,1,,,,5,1,,,3,3,4,4,4,4,4,3,4,4,3,3,2,1,2,2,2,2,2,3,3,0,1,79900,150000,2,150000,50000,145900,200000,2,200000,100000,200000,,,1,250000,5,5,0,0,0,0,0,0,4,3,1,2,4,5,4,3,5,1,3,4,4,3,2,3,,1,,1,,,1,2,,,,1,,,,,1,1,Florida,32726,3,Florida,Eustis,3,0,6,8,5,5,1,,,,,,1,1,,1,,,1,,,,
5de831cad4995d000c5fb540,8/4/25 11:37,1006,,,1,1,64,0,1,,1,3,,,,,,,,,1,,1,,3,3,1,3,5,1,1,1,1,1,3,3,3,2,2,2,2,3,3,2,4,1,1,125000,50000,1,50000,45000,,65000,1,65000,60000,50000,,,,,1,1,0,0,0,0,0,0,4,1,2,5,3,4,2,2,5,1,1,4,1,1,1,1,1,,,1,,,3,3,,,,,,,1,,1,0,New Hampshire,03045,1,New Hampshire,Hudson,2,0,6,6,3,6,1,,,,,,1,1,,1,,,1,,1,,
67e8e0c0be5802df7311d109,8/4/25 11:37,1050,,,.69999999,1,68,1,4,1,,3,,,,,,,,,5,,,1,2,4,4,3,3,3,2,4,3,3,2,4,3,3,-1,-1,2,3,3,3,4,0,1,165000,220000,2,135000,95000,200000,350000,2,300000,125000,210000,,,,,1,4,0,0,0,0,0,0,3,5,3,2,4,1,3,3,4,1,3,4,1,2,1,1,1,,,,,,2,2,,,,,,,1,,1,1,Virginia,20185,2,New York,New York,3,0,8,8,4,4,,,,,1,,1,1,,1,,,1,,,1,
643bd22e67aeded15060e447,8/4/25 11:37,756,,,1,1,61,0,4,,1,1,,,,,,1,,,1,,1,,1,4,5,4,1,4,1,5,5,4,5,3,4,2,1,2,1,1,4,4,1,1,0,43000,50000,2,80000,20000,,,,,,70000,,,,,1,6,0,2,2,0,0,0,4,2,5,4,3,1,1,4,4,4,2,1,2,2,2,1,,,1,,,1,0,0,,,,,,,1,1,1,1,Washington,98011,2,Washington,Richland,1,3,5,7,3,3,1,,,,,,1,2,,1,,,1,,1,,
67e823750167abce80c36ab8,8/4/25 11:37,1686,,,1,,21,1,4,,1,2,,,,,,1,,,5,1,,,4,2,4,4,3,5,4,2,2,1,4,3,2,5,2,3,2,1,1,2,3,1,1,95000,400000,2,250000,100000,,600000,1,300000,150000,150000,1,200000,1,300000,5,3,0,0,0,0,0,0,4,2,5,1,3,4,1,4,4,2,3,2,3,2,4,3,1,,,,,1,0,2,,,1,,,,,,1,1,Maryland,20912,2,Maryland,Takoma Park,3,4,7,9,4,4,,1,,,,,1,1,,1,,1,,,,,
582c83a0bbb67e0001e49ec1,8/4/25 11:38,1071,,,.89999998,1,69,0,3,,1,3,,,,,,,,,6,,1,,1,1,4,5,3,1,1,1,4,1,5,3,4,4,2,2,2,3,2,3,5,1,0,240000,375000,2,500000,350000,,,,,,150000,,,,,2,10,0,2,2,0,0,2,1,2,1,3,5,4,2,2,5,1,4,4,1,2,1,1,1,,,,,1,0,0,,,,,,,1,,1,1,New Jersey,07730,2,New Jersey,Hazlet,2,0,6,6,3,2,,,,,1,,1,1,,1,,,1,,,,There was one question about replacing your curretn job I think in 6 months with a job of equal pay. Don't have a job.
65f5cbcd2324b8dd6f3ff42d,8/4/25 11:38,687,,,1,,20,1,3,,1,3,,,,,,,,,3,,,1,4,3,5,5,3,3,1,1,3,3,5,3,4,3,-1,3,2,3,2,2,4,0,1,40000,55000,3,67000,1500,45000,80000,2,101000,21000,70000,1,75000,1,100000,1,2,1,1,1,0,0,0,1,1,2,4,3,5,5,5,3,4,2,3,4,3,3,2,,1,,,,1,0,3,,1,,,,,,,1,0,Texas,77073,2,Texas,Spring,2,2,4,5,5,4,,,1,,,,1,1,,1,,,,,1,,
67e45fa56b0d253fde489a5c,8/4/25 11:40,3248,1,,.5,,19,1,2,1,,4,,,1,,,,,,6,,1,,1,1,3,4,3,4,3,4,4,3,4,1,3,3,2,2,2,3,3,3,3,0,1,38000,80000,3,70000,50000,38000,80000,3,70000,50000,60000,1,70000,1,80000,2,3,0,0,0,0,0,0,4,1,5,2,4,3,4,4,3,2,4,2,2,2,2,2,,1,,,1,,0,2,,,1,,,,,,1,1,Michigan,48458,2,Michigan,Michigan City,3,4,7,7,6,6,,1,,,,,3,3,1,,,1,,,1,,No comments.
67d60d26704111a05e1a325b,8/4/25 11:40,1777,,,.60000002,,18,1,5,,1,5,,,1,,,,,,4,,1,,2,4,5,5,5,5,5,4,4,2,2,3,4,1,2,3,3,1,1,1,3,0,1,25000,60000,2,90000,70000,85000,140000,3,180000,120000,120000,1,150000,1,160000,7,5,0,0,0,0,0,0,5,2,4,1,5,3,4,4,4,2,2,3,2,2,1,4,1,,,,,1,0,2,,,,,,,1,,1,1,North Carolina,28645,2,North Carolina,Lenoir,2,0,3,7,4,6,,1,,,,,1,1,,,,,,,,,
63e51e55974365f1e43df265,8/4/25 11:40,957,,,1,,21,1,4,,1,2,,,,,,1,,,5,,1,,5,4,3,4,2,4,4,3,3,5,4,3,4,5,2,3,2,3,2,4,3,1,0,10000,120000,2,150000,60000,,,,,,120000,1,200000,1,250000,1,6,0,2,2,0,0,0,4,4,3,1,5,2,3,4,4,3,3,2,3,2,4,3,1,,,,,1,0,2,,1,,,,,,,1,0,New York,12524,2,New York,Fishkill,2,3,4,6,4,6,,,,1,,,2,2,1,,,,,,,,
67df6707673d3c0754f80bee,8/4/25 11:41,1745,1,,.2,,22,1,5,1,,5,,1,,,,,,,7,1,,,2,2,5,4,5,4,5,2,2,4,1,2,3,1,2,2,3,2,3,3,3,0,1,39000,70000,3,100000,40000,70000,140000,2,150000,75000,70000,1,75000,1,70000,2,3,0,2,2,0,0,0,4,1,4,2,5,3,4,3,2,3,3,3,2,3,2,2,1,,,,,1,0,2,,,1,,,,,,1,1,California,90045,3,California,Los Angeles,3,4,6,7,2,2,,1,,,,,1,3,,1,,,,,,,
6887670ee3ac8a0f4f0220e2,8/4/25 11:42,1630,,,1,,21,1,5,,1,4,,1,1,,,,,,6,,1,,1,3,5,5,1,5,5,5,5,1,5,1,2,2,1,2,1,2,2,3,3,0,1,11000,150000,2,112000,80000,110000,250000,1,200000,180000,100000,0,120000,0,150000,3,5,0,0,2,0,0,0,4,1,4,2,5,3,4,2,3,4,3,1,4,2,4,4,1,,,,,1,0,0,,1,,,,,,,1,0,New Jersey,07307,3,New Jersey,Jersey City,3,4,6,7,6,6,,,,1,,,3,3,1,,,1,,,1,,
65fce3dd020f1b27fa78d8a9,8/4/25 11:42,986,,,1,,19,1,5,,1,3,,,,,,,,,6,,1,,1,1,4,-1,2,5,5,4,-1,1,1,2,3,1,1,2,2,2,3,3,1,0,1,0,175000,2,200000,150000,180000,180000,1,200000,150000,100000,0,100000,1,120000,6,5,2,2,2,0,0,0,4,1,4,3,5,2,4,1,4,4,4,2,1,3,2,3,,1,,,,1,0,2,,1,,,,,,,1,0,California,95608,2,California,Milpitas,2,3,3,6,6,6,,,,1,,,3,2,1,,,,,,1,,
67d232491fcc58c4a4519aef,8/4/25 11:43,1524,,,1,1,31,1,4,,1,5,,1,,,,,,,6,,,1,2,2,5,3,1,5,5,2,5,1,2,2,3,2,2,2,2,2,3,3,3,0,1,45000,75000,2,80000,42000,45000,75000,2,100000,70000,50000,,,1,85000,2,5,0,2,2,0,0,2,4,2,5,4,1,3,4,4,4,2,4,2,2,2,3,1,,1,,1,,,1,2,,,,,,,1,,1,1,South Carolina,29180,3,South Carolina,columbia,3,3,6,7,6,6,,1,,,,,1,1,,1,,1,,,,,none
678e6eb7170e3a5da7c4ab91,8/4/25 11:43,1379,,,.80000001,1,72,1,3,1,,3,,,,,,,,,4,1,,,4,3,5,5,5,5,5,4,3,3,3,2,3,3,2,2,2,3,3,3,3,0,1,45000,60000,2,50000,35000,45000,60000,2,50000,35000,150000,,,,,10,6,0,0,2,0,0,0,3,2,5,1,4,3,3,4,3,2,3,3,4,3,3,2,,1,,,,,3,3,,,,,,,1,,1,1,New Jersey,08089,3,New Jersey,chesilhurst,3,0,3,6,4,6,,1,,,,,1,1,,1,,,1,,,,
66343f7910c04370761ae595,8/4/25 11:43,3275,,,1,1,61,1,5,1,,4,,1,1,,,,,,6,1,,,1,1,4,5,2,5,5,3,5,2,5,1,1,1,3,3,3,4,3,3,3,0,1,40000,50000,2,75000,40000,60000,80000,3,100000,75000,70000,,,,,6,9,0,0,0,0,0,0,5,1,3,2,5,4,4,2,5,1,4,4,1,4,4,1,1,,,1,,,2,4,,,,,,,1,,1,1,Florida,34275,3,Florida,venice,3,0,6,6,4,8,1,,,,,,1,1,,1,,,1,,,,
6272b9dfc470a51d5fa0e6ea,8/4/25 11:44,853,,,1,1,43,0,1,1,,3,,,,,,,,,3,,,1,5,4,4,5,5,5,1,3,4,1,5,2,2,4,2,2,1,2,2,2,3,0,1,41000,65000,1,70000,45000,51000,76000,1,90000,55000,50000,,,,,1,5,0,2,2,0,0,2,1,1,2,3,5,4,4,3,4,2,5,4,2,1,2,3,1,,,,,1,0,3,,1,,,,,,,0,0,Colorado,80817,2,Alaska,Fairbanks,2,0,5,5,1,3,1,,,,,,1,2,,1,,,1,,,,
66f2698be6c575e403ed1b4c,8/4/25 11:44,637,,,1,,19,0,5,1,,5,,1,1,,,,,,6,,1,,2,2,5,4,4,5,5,4,5,5,4,1,2,1,1,2,3,2,1,4,2,0,1,5000,100000,3,170000,60000,140000,170000,2,180000,140000,120000,0,110000,0,115000,1,1,0,0,2,0,0,0,4,1,2,3,5,4,4,2,5,1,4,4,2,2,1,2,,,1,,,1,0,0,,,,1,,,,,1,1,California,93702,3,California,Fresno,3,2,4,6,7,6,,,,1,,,3,3,1,,,,,,,,
5f032c613963d04d69c9327b,8/4/25 11:46,1316,,,1,1,73,0,4,1,,4,,,,1,,,,,5,,,1,2,4,4,5,4,2,3,2,2,3,5,2,3,2,2,2,2,2,3,4,1,0,1,14000,17000,2,18000,14000,29000,35000,2,40000,32000,65000,,,,,10,2,0,2,2,0,0,0,4,1,2,4,5,3,4,2,4,2,2,2,2,2,2,1,1,,,1,,,3,3,,,,,,,1,,1,0,Virginia,22504,1,New York,Suffolk County ,2,0,4,4,3,3,,,,,,1,1,1,,1,,,1,,,,Nothing confusing. Thank you. 
5c1199258b095d00015cf0ec,8/4/25 11:47,1089,,,1,1,70,0,1,,1,3,,,,,,,,,1,,,1,4,3,5,2,5,1,1,1,2,4,5,3,4,-1,2,2,1,2,3,3,3,0,0,35800,32000,2,42000,20000,98800,,,,,96000,,,,,1,10,0,2,2,0,0,0,2,2,5,3,1,4,1,1,4,1,4,4,1,1,2,1,1,,,1,,,3,3,,,,,,,1,,1,1,Colorado,80104,2,California,Manhattan Beach,2,0,6,6,4,3,,,1,,,,1,1,,1,,,1,,1,,Thanks!
65490276dc42961a8e1cdec3,8/4/25 11:47,781,,,1,1,52,0,1,,1,3,,,,,,,,,6,,,1,2,2,4,5,5,2,3,2,5,3,4,3,3,2,1,1,1,3,2,3,2,0,0,38000,50000,2,55000,45000,75000,,,,,125000,,,,,1,1,0,0,2,0,0,0,5,1,2,4,5,3,1,3,4,3,3,1,3,2,2,5,,1,,1,,,1,1,,,,,,,1,,1,1,Florida,32931,2,New Jersey,Bayonne,3,0,4,4,3,5,1,,,,,,1,2,,1,,,1,,,,
674237456d8298ec577d6ab5,8/4/25 11:47,686,,,1,1,47,1,2,1,,5,,1,,,,,,,6,,1,,4,4,4,4,4,4,4,4,4,4,4,4,4,2,3,3,3,3,2,1,2,0,1,120000,150000,2,120000,200000,100000,150000,2,200000,30000,200000,,,,,2,7,0,0,0,0,0,0,4,1,5,4,2,3,3,3,2,2,4,1,1,1,1,1,,1,,1,,,1,3,,,,,,,1,,1,1,Georgia,30318,2,Georgia,georgia,2,6,9,9,9,8,1,,,,,,3,3,,1,,,1,,1,,none
669a92a04b3c1065d6548062,8/4/25 11:48,844,,,1,,21,1,4,,1,4,,1,,,,,,,4,,1,,3,2,3,3,5,4,4,3,5,4,4,3,3,5,3,2,3,4,3,1,4,0,0,87000,140000,2,140000,90000,87000,,,,,200000,1,200000,1,200000,1,2,0,0,2,0,2,2,4,1,4,2,5,3,2,4,3,2,3,4,3,4,3,3,1,,,,,1,0,3,,,1,,,,,,1,1,Virginia,22043,3,Virginia,Falls Church,3,2,5,7,7,8,,,,1,,,3,2,1,,,,,,,,
5a9262251eda410001360b2c,8/4/25 11:51,1929,,,1,1,42,0,3,1,,1,,,,,,,1,,1,,,1,4,-1,5,4,2,1,1,1,4,3,5,1,3,-1,-1,-1,-1,-1,-1,3,1,0,1,9000,8000,1,12000,5000,37000,25000,1,28000,22000,30000,,,,,6,5,0,2,2,0,0,2,3,4,1,5,3,2,5,2,1,3,3,2,2,2,3,5,,1,,,,,0,-1,,1,,,,,1,,1,0,Arkansas,72118,2,Arkansas,North Little Rock,2,0,3,4,5,3,,,1,,,,1,1,,,,,,,1,,
6695c0f382fd54349473da11,8/4/25 11:51,713,,,1,1,30,0,2,,1,3,,,,,,,,,2,1,,,2,1,1,1,2,1,1,1,1,4,1,5,5,4,3,3,3,2,2,2,2,0,1,6000,100000,3,90000,40000,87000,200000,3,200000,80000,80000,,,1,120000,6,4,0,0,0,0,0,0,4,2,5,1,4,3,4,5,4,1,2,4,1,1,1,2,,1,,1,,,1,1,,,,1,,,,,1,0,Illinois,60098,1,Illinois,round lake beach,3,0,4,4,1,3,,,1,,,,1,1,,1,,,1,,,,
67aa44e0ec4c8a6e21c64636,8/4/25 11:52,540,,,.89999998,,21,0,3,,1,2,,,,,,1,,,4,1,,,3,3,3,3,3,3,3,3,3,3,1,-1,-1,-1,-1,-1,-1,-1,-1,-1,-1,0,1,20000,40000,1,60000,40000,20000,60000,1,60000,60000,40000,0,40000,0,40000,1,4,0,0,0,0,0,0,4,3,2,5,1,4,3,3,3,3,2,2,1,1,1,1,1,,,,,1,0,2,,,,,,,1,,1,1,North Carolina,28411,2,North Carolina,wilmington,2,0,3,3,3,3,,,,,,1,1,2,,,,,,,,,
676113aec3e011fc88b716e4,8/4/25 11:53,845,,,.80000001,,21,0,4,1,,3,,,,,,,,,5,1,,,4,1,4,5,2,1,3,1,1,1,5,2,3,2,3,3,3,3,2,3,2,0,1,15000,150000,2,200000,80000,250000,300000,2,310000,200000,40000,1,275000,1,200000,10,1,0,2,2,0,0,2,2,1,2,4,5,3,1,2,2,1,5,2,2,1,2,3,,1,,,,1,0,-1,,,,,,,1,,1,1,New Jersey,07024,3,New Jersey,West Orange ,2,4,6,7,6,3,,,,1,,,1,1,,1,,,,,1,,
65fcaa30c61e9b7657625912,8/4/25 11:54,869,,,1,1,61,0,2,,1,3,,,,,,,,,5,,1,,5,1,5,5,2,5,4,1,4,2,4,1,2,3,3,3,3,3,3,3,2,1,1,13000,50000,2,50000,20000,,60000,2,60000,40000,30000,,,,,6,6,0,0,0,0,0,0,2,2,4,1,3,5,4,3,4,3,2,2,2,3,2,1,1,,,,,1,0,1,,,,,1,,,,0,0,California,91306,3,California,Tehran,3,0,4,5,3,3,,,,,,1,1,1,,1,,,1,,,,
665f5744f064b435b440a803,8/4/25 11:54,1214,,,1,,21,0,5,,1,2,,,,,,1,,,5,,1,,5,3,5,3,4,5,4,5,5,4,4,4,5,2,3,3,3,3,4,3,2,0,1,69000,1,2,64645,66454,70000,80000,2,65265,56665,90000,1,100000,1,100000,5,5,0,0,2,0,0,0,4,2,1,3,4,5,5,5,4,4,3,2,2,2,2,1,,1,,1,,,2,5,,,,,,,1,,1,1,Missouri,64862,1,Texas,kerrville,1,3,4,8,3,3,1,,,,,,2,2,,1,,,,,,,
66e28103f28d6e15a3f4f1f0,8/4/25 11:54,633,,,1,,20,1,4,1,,3,,,,,,,,,5,,,1,3,2,5,2,1,4,4,4,5,3,1,2,3,5,2,3,3,1,1,3,2,0,0,0,80000,3,120000,70000,60000,,,,,100000,1,150000,1,170000,7,5,0,0,2,0,0,0,2,2,1,5,4,3,2,2,2,1,3,2,1,1,1,2,,1,,,,1,0,4,,1,,,,,,,0,0,New York,10462,2,New York,dhaka,2,3,4,6,4,4,,1,,,,,2,2,,,,,,,,,
665d355ffadca0d8dcccd492,8/4/25 11:54,953,1,1,1,1,75,1,5,1,,3,,,,,,,,,5,1,,,2,2,3,3,2,4,5,2,4,2,3,4,4,1,1,1,-1,2,-1,2,2,1,0,15516,15516,2,15556,15556,,,,,,30000,,,,,5,6,0,0,0,0,0,0,3,2,3,4,5,1,4,1,5,1,1,1,3,1,1,1,,1,,,,1,2,2,,,,,,,1,,1,1,Nevada,89015,3,Ohio,Cincinnati,3,0,3,3,3,,,,,,1,,1,1,,1,,,1,,,1,
6783e8fd89e3f78e0e08c30f,8/4/25 11:55,829,,,1,,21,0,2,,1,3,,,,,,,,,3,,1,,4,4,3,4,3,3,1,4,3,1,4,3,3,3,2,2,3,2,2,3,4,0,1,50000,100000,2,100000,80000,160000,170000,2,170000,150000,65000,1,100000,1,100000,1,1,0,2,2,0,0,2,3,1,2,3,5,4,4,2,4,2,3,3,2,2,2,3,,1,,,,1,0,2,,,,,,,1,,1,0,Virginia,23454,2,Virginia,Virginia Beach,2,3,4,6,6,6,1,,,,,,1,1,,1,,,,,,,
66c1358fe32d48080b56748c,8/4/25 11:56,2405,,,1,1,34,1,4,,1,4,,,1,,,,,,7,,,1,2,4,5,5,4,4,5,1,2,2,5,3,4,2,3,3,3,1,3,3,2,1,1,35000,75000,2,65000,45000,,90000,1,80000,65000,55000,,,1,75000,2,4,0,0,2,0,0,0,4,4,3,1,5,2,4,2,5,2,3,2,2,2,3,4,,1,,,,1,1,3,,1,,,,,,,1,0,Michigan,48038,2,Michigan,Pontiac,2,0,7,7,6,7,1,,,,,,1,1,,1,,,1,,,,
65baa72531ba3e8cb06d96ea,8/4/25 11:57,740,,,.89999998,,21,1,4,,1,3,,,,,,,,,6,1,,,1,1,5,-1,5,5,5,5,5,1,1,3,4,4,-1,2,2,2,-1,3,2,0,1,30000,60000,2,300000,45000,25000,50000,2,70000,20000,60000,0,80000,1,100000,6,5,0,2,2,0,0,2,4,1,2,3,4,5,3,2,4,2,4,3,3,3,2,4,,1,,,,1,0,3,,,1,1,,,,,1,1,Maine,04286,2,Maryland,N/A,3,0,3,6,,,,1,,,,,3,3,,,,,,,,,
66465b2522d14ab162ff2dbd,8/4/25 12:02,786,,,1,,21,0,4,1,,4,,,1,,,,,,4,,1,,2,3,5,4,4,5,4,5,5,3,4,2,4,1,2,3,2,1,2,2,2,0,1,10000,25000,2,17000,13000,10000,19000,2,20000,15000,20000,1,24000,1,35000,6,2,0,0,0,0,0,0,3,2,3,4,5,1,2,2,5,3,4,1,1,1,5,4,,1,,,1,,0,3,,,,,,,1,,1,1,Tennessee,37806,1,Virginia,Stafford,2,3,4,6,3,3,,1,,,,,2,2,,,,,,,,,
65ddb419cd6dd91fdbe6dbdc,8/4/25 12:03,607,,,1,,20,1,5,1,,5,1,1,1,,,,,,7,,1,,1,1,5,1,1,5,5,5,5,1,5,1,1,1,2,2,3,4,5,2,4,0,1,10000,60000,2,100000,0,60000,160000,2,140000,100000,80000,1,140000,1,160000,4,1,0,0,2,0,0,0,5,3,1,4,5,2,5,4,4,3,4,1,1,1,5,2,,1,,,1,,0,3,,,,,,,1,,1,1,South Carolina,29210,3,Ohio,Sullivan,1,3,4,7,4,4,,,,1,,,2,2,,,,,,,,,
67353de525b2a1085f3b7ed6,8/4/25 12:03,428,,,1,,20,0,5,,1,3,,,,,,,,,6,,1,,2,2,5,5,5,5,5,4,5,1,3,2,2,1,1,3,3,2,3,2,2,0,1,20000,100000,1,150000,34999,20000,199999,1,250000,34999,74999,0,99999,0,120000,5,3,0,2,2,0,0,2,3,1,2,4,5,3,4,4,4,3,3,2,3,2,3,4,,1,,,,1,0,-1,,,,,,,1,,1,1,Texas,78130,2,Texas,Victoria,2,3,5,9,4,5,1,,,,,,2,3,,,,,,,,,
660ce8118af7c468fd0f996b,8/4/25 12:04,2329,,,1,,21,1,4,,1,3,,,,,,,,,6,,1,,1,1,4,2,3,5,4,3,3,1,2,3,3,2,2,3,3,4,4,4,4,0,1,7000,300000,3,500000,100000,200000,300000,2,500000,100000,80000,0,80000,0,80000,4,1,0,2,2,0,0,0,2,2,5,4,1,3,3,2,3,2,4,1,1,2,1,2,,1,,,,1,0,0,,1,,,,,,,1,0,Nebraska,68007,2,Nebraska,Bennington,2,3,4,8,8,7,,1,,,,,2,2,1,,,,,,,,
67e944da95c1ca7712027013,8/4/25 12:04,3242,,,1,,19,1,5,,1,4,,,1,,,,,,7,,1,,1,1,5,1,1,5,5,4,5,1,1,1,4,2,2,3,3,3,3,4,1,0,1,15000,100000,2,150000,60000,30000,40000,2,100000,80000,70000,1,70000,1,80000,10,10,0,0,0,0,0,0,4,5,4,3,1,2,5,3,3,2,2,4,2,1,1,3,1,,,,,1,0,3,,,1,,,,,,1,1,Florida,32817,3,Florida,orlando,3,3,6,9,6,6,,1,,,,,3,3,,1,,,,,1,,
667e0253d6563ab8acaf5803,8/4/25 12:05,711,,,.89999998,,21,1,5,1,,3,,,,,,,,,6,,1,,1,1,5,3,1,5,5,5,5,1,2,3,3,2,2,2,2,2,3,4,2,0,1,20000,70000,1,100000,40000,60000,120000,1,200000,80000,20000,0,40000,0,40000,3,6,2,2,2,0,2,2,2,3,1,5,2,4,4,3,4,2,4,3,2,3,3,5,1,,,,1,,0,0,,,,,,,1,,1,1,Georgia,30161,2,Maryland,Lusby,2,3,5,6,5,6,,,,1,,,3,3,1,,,,,,1,,Worried about healthcare given the current administration
663e5cf06229dbbedcd83aeb,8/4/25 12:06,659,,,.89999998,,20,1,5,,1,5,,,1,,,,,,6,,1,,1,1,4,2,2,5,5,4,5,2,2,2,3,1,2,2,2,2,4,2,2,0,1,20000,30000,2,30000,25000,40000,60000,2,60000,50000,60000,0,70000,0,75000,7,1,0,0,0,0,0,0,4,1,5,3,4,2,5,1,2,3,3,1,4,1,5,5,,1,,,,1,0,0,,,,,,,1,,1,1,Illinois,62704,3,Illinois,Springfield,3,2,4,5,4,3,,1,,,,,3,3,1,,,,,,,,
67d727dbd653b68ee63e3d08,8/4/25 12:06,2339,,,.89999998,1,62,1,4,1,,3,,,,,,,,,3,,,1,1,2,4,3,2,3,4,3,4,1,5,2,3,4,2,2,2,2,2,2,3,0,1,51000,40000,1,40000,30000,75000,60000,1,60000,50000,95000,,,,,7,5,0,0,1,0,0,0,2,1,5,3,4,2,2,5,5,1,2,4,2,2,2,1,,1,,1,,,2,2,,,,,,,1,,1,1,Minnesota,55075,3,Minnesota,Minneapolis,3,0,7,7,6,6,,1,,,,,1,1,,1,,1,,,,,All good.
6510e07706b5dc6a7bddb4b6,8/4/25 12:07,666,,,1,1,42,0,3,,1,3,,,,,,,,,4,,,1,4,4,5,5,2,3,1,1,2,1,2,2,3,2,2,2,2,3,3,3,4,0,0,78000,90000,1,130000,70000,145000,,,,,60000,,,,,1,1,0,2,2,0,0,2,1,1,2,4,5,3,5,2,5,2,5,4,2,2,2,1,1,,,,,1,0,0,,,,,,,1,,1,1,Nevada,89122,2,Minnesota,Big Lake,2,0,4,4,6,6,1,,,,,,1,1,,,,,,,,,No comments. Thank you.
657f1d06a2dc99584052f77f,8/4/25 12:09,685,,,1,,19,1,5,,1,3,,,,,,,,,7,,1,,1,2,5,5,5,5,5,-1,5,1,4,2,1,1,1,3,3,2,1,2,3,0,1,25000,60000,1,50000,30000,30000,60000,1,40000,30000,60000,0,60000,0,60000,2,1,0,0,0,0,0,0,3,1,3,2,5,4,4,1,4,1,5,1,2,3,3,5,,1,,,,1,0,0,,,1,,,,,,1,1,New York,12206,3,New York,Bronx,3,2,5,7,3,2,,1,,,,,3,3,1,,,,,,,,
5cb128db0d14d3001838eef5,8/4/25 12:10,2117,,,1,1,53,0,2,1,,3,,,,,,,,,5,1,,,2,4,4,3,4,2,4,4,4,2,4,3,3,5,2,2,1,3,5,4,3,0,0,39000,39000,2,50000,30000,170000,,,,,120000,,,,,6,6,2,2,2,0,2,2,4,1,2,5,4,3,2,3,4,3,3,4,3,2,2,3,,1,,1,,,2,2,,1,,,,,,,1,0,Washington,98607,2,California,walnut,2,0,6,6,6,7,,1,,,,,1,1,,1,,1,,,,,
60fdd386c006ce8f6ba0f784,8/4/25 12:10,472,,,1,,21,0,3,,1,2,,,,,,1,1,,5,1,,,4,4,5,5,5,3,3,4,4,4,5,3,3,2,2,3,3,1,1,2,1,0,1,8000,112000,2,150000,75000,25000,35000,2,50000,30000,40000,1,78000,1,90000,4,4,0,2,2,0,0,0,4,1,3,2,4,5,4,3,2,2,3,3,2,2,2,3,1,,,,,1,0,3,,,,,,,1,,1,0,Virginia,22201,3,Rhode Island,Coventry,3,3,6,7,2,2,,,,1,,,2,2,,,,,,,,,
66c3e3f175a3d28f14209a5a,8/4/25 12:10,1086,,,1,1,54,0,3,,1,3,,,,,,,,,6,1,,,2,1,4,5,2,5,3,2,5,3,1,2,4,2,2,2,1,2,2,3,3,0,0,88000,75000,1,80000,60000,88000,,,,,150000,,,,,2,5,0,2,2,0,0,0,5,3,5,1,2,4,2,2,5,2,3,3,1,1,2,1,,1,,1,,,3,3,,,,,,,1,,1,1,Texas,78251,2,Georgia,Macon,2,0,6,6,5,5,,,,,1,,1,1,,1,,,1,,,,
67ba21c0b541eea63c1ec480,8/4/25 12:14,2824,,,1,1,62,1,4,1,,3,,,,,,,,,6,1,,,5,4,5,4,3,5,5,4,4,4,4,4,4,2,2,2,3,4,3,3,3,1,1,77000,150000,2,150000,100000,,150000,2,150000,100000,100000,,,,,4,1,0,0,0,0,0,0,4,2,4,3,5,1,3,5,3,2,4,4,2,3,4,4,1,,,,,,3,0,,,1,,,,,,1,1,Texas,75001,3,Texas,Dallas,3,5,7,8,4,4,,1,,,,,2,2,,1,,,1,,,,
5fa5c59f357d4e15bafb3b5f,8/4/25 12:15,579,,,1,1,58,0,1,1,,3,,,,,,,,,1,,,1,5,5,1,5,5,1,1,1,1,1,5,3,3,4,3,3,1,2,2,3,2,0,0,60000,80000,3,90000,60000,60000,,,,,20000,,,,,1,10,2,2,2,2,2,2,1,4,5,2,1,3,5,1,5,1,5,4,1,1,5,1,1,,,1,,,0,0,,,,,,,1,,1,1,Arizona,86022,1,California,San Luis Obispo,2,0,4,4,3,6,,1,,,,,1,1,,1,,,1,,,,
62f7393003fbb183f178dd1e,8/4/25 12:15,960,,,1,,23,1,4,,1,4,,1,,,,,,,5,,1,,2,5,5,5,4,5,4,4,5,3,5,5,3,1,2,3,2,1,2,3,4,0,1,21000,180000,2,145000,108000,58000,310000,3,280000,218000,58000,1,75000,0,75000,10,10,0,0,2,0,0,0,4,4,2,3,5,1,5,2,5,2,3,3,2,1,2,2,1,,,,,1,0,1,,,,,,,1,,1,1,Massachusetts,01605,2,Massachusetts,Worcester,2,0,3,3,3,3,1,,,,,,2,2,1,,,,,,,,
6678401533e4f29fcd1b6e88,8/4/25 12:17,776,,,1,,21,1,5,1,,3,,,,,,,,,7,,1,,1,1,5,-1,1,5,5,5,5,1,1,2,3,2,2,2,2,2,4,4,2,0,1,25000,100000,1,80000,40000,150000,200000,1,250000,100000,100000,1,150000,1,160000,10,6,0,2,2,0,0,0,3,2,3,4,5,1,3,2,2,2,2,4,2,1,3,4,,1,,,,1,0,2,,,,,,,1,,1,1,Pennsylvania,15905,1,Pennsylvania,Johnstown,1,3,4,6,3,6,,,,1,,,3,3,1,,,,,,,,
663e4ae0cc7e60349ab076a3,8/4/25 12:17,2011,,,.89999998,,20,1,5,1,,5,,,,1,,,,,3,,1,,1,1,5,4,3,5,5,5,4,1,1,1,2,1,1,2,1,1,3,2,2,0,1,25000,60000,2,90000,50000,50000,100000,2,130000,90000,80000,1,80000,0,80000,1,1,0,0,0,0,0,0,4,1,2,4,5,3,4,2,2,3,4,1,1,1,1,4,,1,,,,,0,1,,1,,,1,,,,1,1,Minnesota,55330,1,Virginia,Roanoke,1,0,3,6,6,6,,1,,,,,3,3,,,,,,,,,
66464f86ac64009eb910c2f4,8/4/25 12:22,625,,,1,,20,1,5,1,,3,,,,,,,,,6,1,,,1,2,5,4,1,5,5,5,5,1,2,2,3,1,2,2,3,2,3,3,3,0,1,10000,90000,2,115000,50000,160000,140000,2,175000,100000,60000,1,100000,1,100000,3,5,1,2,2,0,0,1,4,2,3,4,5,1,2,2,4,4,3,2,3,3,3,4,,1,,,,1,0,2,,,,,,,1,,1,1,North Carolina,28805,2,North Carolina,Asheville,2,4,6,7,3,6,,,,1,,,3,3,1,,,,,,1,,
6658b62617b161dc426bd2a9,8/4/25 12:22,801,,,.89999998,1,69,0,2,,1,3,,,,,,,,,2,,,1,3,4,4,4,3,1,2,3,5,2,1,3,3,5,2,-1,2,3,3,3,3,0,1,70000,85000,2,85000,65000,90000,120000,2,120000,105000,90000,,,,,6,6,0,2,2,0,0,0,4,2,5,1,4,3,2,3,5,2,3,2,2,1,1,1,,1,,,,1,4,4,,,,,,,1,,1,1,Ohio,45014,2,Ohio,Cincinnati,2,0,5,5,4,4,,,1,,,,1,1,,1,,,1,,1,,
65debd8f9059fd74f4ac3d03,8/4/25 12:24,612,,,1,,21,1,4,1,,5,,1,,,,,,,6,,1,,1,1,5,2,2,2,5,2,5,1,2,2,3,2,3,3,3,3,3,4,3,1,0,60000,100000,2,70000,60000,,,,,,70000,1,75000,1,80000,5,3,0,0,2,0,0,2,1,2,3,4,5,1,2,4,5,1,4,2,2,2,2,3,1,,,,,1,0,3,,,,,,,1,,1,1,Florida,32304,3,Florida,Orlando,2,4,6,7,7,6,,1,,,,,3,3,1,,,,,,,,
67843a0d463e42f7f8fe1054,8/4/25 12:25,1212,,,1,,19,1,5,1,,5,,,1,,,,,,7,,,1,1,3,5,5,3,5,5,5,5,1,1,3,2,1,-1,2,2,2,2,2,2,0,0,10000,200000,1,250000,0,60000,,,,,120000,1,250000,1,300000,4,4,0,0,2,0,0,0,3,1,3,4,5,2,2,2,2,3,3,2,3,2,2,5,,1,,,,1,0,5,,,1,,,,,,1,0,Texas,77469,2,Texas,Sugar Land,2,3,4,9,6,7,,,,1,,,3,3,1,,,,,,1,,
6496f9fbc2928ee6956ef623,8/4/25 12:31,1497,,,1,,21,1,5,,1,5,,1,,,,,,,7,,1,,2,2,5,5,3,5,5,5,5,2,3,3,4,1,-1,3,3,3,2,3,3,0,1,27000,35000,3,40000,30000,27000,35000,2,40000,35000,45000,1,50000,1,55000,7,5,0,0,2,0,0,0,4,1,5,2,4,3,5,3,4,2,3,2,2,1,2,3,1,,,,,1,0,2,,,1,1,,,1,,1,1,Indiana,46323,2,Illinois,Chicago,3,0,3,6,3,3,1,,,,,,2,2,,1,,,1,,,,
6662e9e9187b0ca18293def6,8/4/25 12:34,1905,,,1,,21,1,5,,1,5,,1,,,,,,,7,,1,,1,1,5,2,1,5,5,1,5,1,2,1,3,1,2,2,3,3,3,3,3,0,1,20000,90000,2,130000,45000,35000,150000,2,220000,60000,50000,1,80000,1,90000,3,7,0,0,0,0,0,0,4,1,5,2,4,3,3,4,4,3,3,2,1,2,1,3,,1,,,,1,0,0,,,1,,,,,,1,1,Texas,78504,2,Texas,"Edinburg, TX",2,3,3,7,6,6,,,,1,,,1,1,,1,,,1,,,1,
667c3ff6cf1e7403ee07d955,8/4/25 12:36,418,,,1,,21,1,4,1,,3,,,,,,,,,6,,1,,1,1,4,3,2,5,4,3,5,1,3,2,2,1,2,2,2,3,3,3,2,1,0,5000,50000,2,75000,25000,,,,,,30000,0,45000,0,45000,4,4,0,2,2,0,0,2,2,1,2,5,4,3,5,3,2,3,4,2,3,3,4,4,,1,,,,1,0,0,,,,,,,1,,1,1,Texas,75070,2,Texas,McKinney,2,4,6,8,6,6,,,,1,,,2,2,1,,,,,,,,
66c26b01a3d551a7d8bd342c,8/4/25 12:36,737,,,.69999999,1,59,0,1,,1,3,,,,,,,,,1,,,1,5,5,4,5,4,1,1,1,1,1,5,4,5,3,3,3,3,2,2,4,4,1,0,98000,125000,1,125000,100000,,,,,,80000,,,,,1,4,0,0,2,0,0,0,4,4,5,3,2,1,5,1,5,1,5,3,1,2,2,1,1,,,1,,,2,2,,,,,,,1,,1,1,Texas,75081,2,Texas,Lake Jackson,2,0,5,5,6,6,,,,,1,,2,1,,1,,,1,,,1,Interesting. Wish we could discuss the racism of DEI a bit more .
67ca15b22979fd146d828d9f,8/4/25 12:37,1062,,,1,,21,1,5,,1,5,,1,,,,,,,6,1,,,2,3,4,4,5,4,4,5,4,2,2,1,2,1,3,3,3,1,1,3,3,0,0,70000,120000,2,150000,100000,75000,,,,,85000,1,100000,1,150000,2,3,0,0,0,0,0,0,4,1,3,2,5,4,4,4,3,2,3,2,3,2,2,2,1,,,,,1,1,2,,,,1,,,,,1,1,Michigan,48219,3,Michigan,detroit,3,3,6,8,7,8,,1,,,,,3,3,,1,,,,,1,,The questions were clear as possible.
66ceb2c1386d481586b66854,8/4/25 12:39,507,,,.89999998,,20,1,3,,1,3,,,,,,,,,4,1,,,3,3,3,3,3,5,5,5,5,3,3,-1,-1,1,-1,-1,-1,2,2,2,3,0,1,7000,50000,1,50000,50000,7000,50000,1,50000,50000,10000,1,75000,0,75000,1,1,0,0,2,0,0,0,3,1,2,3,5,4,5,2,3,1,2,1,3,3,1,4,,1,,,1,,0,3,,,,1,,,,,1,0,California,90201,1,California,Bellflower,1,0,3,3,1,1,,1,,,,,2,2,,,,,,,,,
66fdd57ffbfc37c25100cd79,8/4/25 12:40,2590,,,1,1,46,0,4,,1,3,,,,,,,,,6,1,,,4,4,5,4,4,4,5,2,3,3,3,3,4,5,3,3,3,3,3,3,4,0,1,145000,165000,3,180000,165000,145000,180000,3,180000,160000,160000,,,,,5,5,0,0,0,0,0,0,3,1,3,5,4,2,4,4,5,1,3,4,1,1,1,2,1,,,1,,,4,2,,,,,,,1,,1,1,Florida,32736,3,Florida,Florida,3,0,8,8,5,5,1,,,,,,1,1,,1,,,1,,,1,nice study
67e5dcf60b37d83a081ae99a,8/4/25 12:40,1505,,,1,,19,1,4,1,,4,,,1,,,,,,7,1,,,1,1,5,1,1,5,5,1,5,1,1,2,4,2,3,3,3,3,3,3,3,0,1,65000,100000,2,130000,70000,110000,180000,2,220000,120000,130000,1,180000,1,220000,10,10,1,2,2,0,2,2,2,4,5,2,1,3,1,4,3,2,3,3,2,2,1,2,1,,,,,1,1,3,,,1,,,,,,1,0,Florida,32825,3,Florida,Florida,3,3,6,8,4,5,,1,,,,,3,3,,1,,,,,1,,NO
66d6167357ca2076851f0e37,8/4/25 12:42,630,,,1,,20,1,5,,1,4,,1,,,,,,,6,,1,,3,4,4,5,5,4,5,4,5,3,4,2,2,2,2,3,2,3,3,3,4,0,1,50000,20000000,3,10000000,5000000,65000,5000000,2,15000000,4000000,2000000,0,2000000,1,8000000,2,3,0,0,0,0,0,0,4,1,3,2,5,4,1,4,3,2,3,3,2,2,2,3,1,,,,,1,0,2,,,,,,,1,,1,1,Illinois,60046,2,Illinois,Lake forest,2,0,3,3,3,3,,1,,,,,1,1,,1,,,,,,,
66c3970db9a9c2ab258a20c3,8/4/25 12:45,578,1,,.1,,20,0,4,,1,3,,,,,,,,,3,,1,,4,5,4,4,3,3,4,4,2,4,4,3,3,3,1,1,2,3,2,3,3,0,0,0,0,3,0,0,0,,,,,0,0,0,1,0,1,2,2,0,1,0,2,0,1,4,3,2,5,1,3,4,4,3,4,2,4,3,2,3,1,,,,,1,0,2,,,,1,,,1,,1,1,Texas,79912,2,Texas,dallas,2,3,5,8,6,7,,,,1,,,2,2,,,,,,,,1,
5e5518f855087a505eb9df13,8/4/25 12:47,2648,,,1,1,36,1,5,1,,5,,1,,,,,,,4,,1,,5,4,5,5,1,3,5,4,4,5,4,4,3,2,2,2,2,2,1,3,3,0,1,40000,65000,2,50000,40000,28000,45000,1,50000,43000,50000,,,0,45000,5,5,0,0,0,0,0,0,5,1,4,3,5,2,5,3,5,2,3,2,2,1,1,3,,1,,,1,,2,2,,,,1,,,,,1,0,Texas,76904,3,Texas,San Angelo,3,0,3,3,3,2,1,,,,,,2,2,,1,,,1,,,,None
67d19fa5529a76fabbfbab57,8/4/25 12:49,2892,,,1,1,39,0,4,1,,4,,1,,,,,,,6,1,,,3,4,5,4,3,4,4,5,4,2,2,4,4,2,2,3,3,4,4,4,5,0,1,80000,100000,3,90000,40000,80000,85000,3,75000,50000,20000,,,0,300000,3,7,0,0,0,0,0,0,4,2,4,1,5,3,4,5,4,4,2,3,3,3,2,1,,1,,1,,,4,4,,,,1,,,,,1,1,Texas,78406,3,Texas,corpus Christi,3,0,4,6,6,7,1,,,,,,1,1,,1,,,1,,,1,none
6348846ae221cb4a0efbf3f9,8/4/25 12:53,1958,,,1,1,81,1,4,1,,1,,,,,,,1,,4,1,,,-1,5,5,5,4,3,1,4,5,5,4,3,3,4,1,1,1,1,1,2,3,1,0,30000,40000,1,50000,30000,,,,,,30000,,,,,10,10,0,2,2,0,0,0,3,2,3,5,4,1,5,1,2,1,3,2,4,3,3,5,,1,,,,,4,4,,,,,,,1,,1,1,Florida,32174,3,Florida,"Daytona Beach, Fl",3,0,4,5,4,7,,,,,1,,1,1,,,,,,,,,
67645851737cb4ecd2efcc3e,8/4/25 12:56,1563,,,1,,19,1,5,1,,3,,,,,,,,,4,,1,,3,3,4,3,3,3,3,3,2,3,3,2,3,3,1,1,1,3,2,2,3,0,1,30000,40000,1,10000,900,1000,4000,1,4000,800,100000,1,17000,1,19000,5,5,0,0,0,0,0,0,3,5,4,3,2,1,3,3,3,3,3,2,3,3,3,3,,1,,,,1,0,3,,,,,,1,,,1,1,California,93033,3,California,Oxnard,3,0,3,3,3,3,,1,,,,,2,2,1,,,1,,,,,
65c6c2ba75830293a68fe774,8/4/25 12:58,720,,,1,1,78,0,2,1,,3,,,,,,,,,3,1,,,2,3,5,1,2,1,1,1,3,1,3,3,2,5,3,2,3,4,4,3,4,1,0,150000,225000,2,250000,90000,,,,,,150000,,,,,2,10,0,2,2,0,0,0,1,3,5,2,1,4,1,1,5,1,4,4,1,2,1,1,,1,,,,1,0,0,,,,,,,1,,1,1,California,94571,1,California,"Pacoima, CA",2,0,6,6,3,3,,,,,1,,1,1,1,,,1,,,,,
61212af5c9eb08438b542567,8/4/25 13:00,835,,,1,1,70,1,5,1,,3,,,,,,,,,1,1,,,4,3,4,5,4,5,5,4,4,2,5,3,3,1,1,1,1,1,1,3,2,0,0,24000,0,3,1000,-1000,27000,,,,,3000,,,,,5,1,0,2,2,0,0,2,4,4,3,5,2,1,4,1,2,1,1,1,1,1,1,1,1,,,1,,,5,0,,,,,,,1,,1,1,Utah,84320,1,Idaho,Preston,1,0,4,4,2,1,,,,,1,,1,1,,1,,,1,,,,Great questions 
6726ab04b0d80cbe074f2afc,8/4/25 13:02,888,,,1,,19,1,4,,1,4,,,1,,,,,,6,,1,,2,3,5,2,1,4,4,2,4,1,3,2,3,2,2,2,3,2,3,2,3,0,1,40000,75000,2,76000,50000,40000,75000,2,80000,50000,35000,1,50000,0,55000,5,10,0,0,0,0,0,0,5,2,5,3,4,1,5,2,4,3,3,2,3,2,5,4,1,,,,,1,0,2,,,1,,,,,,1,1,North Carolina,28394,1,North Carolina,Raleigh,3,0,3,4,4,4,,,,,,1,1,1,,1,,,,,,1,
677154f7f2518ea087b747ed,8/4/25 13:02,1430,,,1,,21,1,4,,1,5,,1,,,,,,,6,,1,,2,4,5,3,4,5,4,4,4,1,2,2,3,1,2,3,3,3,3,3,3,1,1,40000,70000,2,80000,60000,,60000,3,70000,80000,50000,1,60000,1,60000,9,10,1,2,2,0,0,2,2,3,2,1,5,4,5,2,5,1,3,2,3,1,1,3,,1,,1,,,0,2,,,,,,,1,,1,1,Illinois,61550,1,Illinois,mackinaw,1,0,3,3,3,3,1,,,,,,2,2,,,,,,,1,,
5e2cd786dc63ca2ff798a0ca,8/4/25 13:05,1134,,,1,,21,1,5,,1,3,,,,,,,,,5,,,1,1,2,5,5,1,5,5,5,5,3,3,2,2,1,1,-1,-1,2,4,3,3,0,1,50000,60000,2,40000,40000,50000,55000,2,65000,45000,65000,0,60000,0,65000,2,2,0,0,0,0,0,0,4,2,1,5,4,3,5,5,3,2,2,4,2,1,2,4,,1,,,,1,0,0,,,1,,,,,,1,1,Arkansas,72120,2,Arkansas,Little Rock,2,2,3,5,4,5,,,1,,,,2,2,1,,,,,,,,
63d4316b7b99de003aa65319,8/4/25 13:07,616,,,1,,21,1,3,,1,3,,,,,,,,,5,,1,,1,4,5,5,4,1,4,1,2,1,3,2,4,2,3,3,3,1,2,3,3,0,1,12000,85000,2,120000,60000,150000,150000,1,20000,10000,100000,1,1500000,1,150000,1,5,0,2,2,0,0,2,2,3,2,4,5,1,4,2,4,1,4,4,2,1,1,2,1,,,,1,,0,2,,,,,,,1,,1,1,Missouri,64034,2,Missouri,Greenwood,2,3,4,9,7,7,,,,1,,,1,1,,1,,,,,,1,
6818bf16e9ab9297215f36ac,8/4/25 13:10,2208,,,1,1,79,0,3,1,,3,,,,,,,,,3,,1,,4,3,3,3,2,3,2,2,4,3,5,3,3,3,2,-1,2,3,3,3,1,1,0,19500,21000,2,25000,21000,,,,,,25000,,,,,5,2,0,2,2,0,0,2,2,3,2,5,4,1,4,1,4,1,1,4,1,1,2,1,,1,,,,1,0,0,,,,,,,1,,1,1,Idaho,83646,2,Mississippi,Biloxi,3,0,6,6,6,6,,,,,1,,1,1,,1,,,1,,,,
5dbdf54d13d4c7320ab224f7,8/4/25 13:13,825,,,1,1,78,0,3,1,,3,,,,,,,,,1,,,1,4,3,1,5,2,1,1,1,1,1,5,3,5,2,2,2,1,1,1,3,2,1,0,40000,45000,1,45000,45000,,,,,,40000,,,,,10,5,0,2,2,0,0,2,3,2,4,5,1,3,5,1,5,1,1,4,1,1,2,1,1,,,,,,0,0,,,,,,,1,,1,1,Ohio,44107,2,Ohio,Lakewood,2,0,6,6,3,4,,,,,1,,1,1,,1,,,1,,,,
66a6cdf2f8938d1d1e6bec54,8/4/25 13:14,1820,,,1,,20,1,4,1,,4,,1,1,,,,,,5,,1,,2,2,5,3,1,1,4,3,4,1,5,4,5,3,2,2,3,1,4,3,4,0,0,22000,120000,1,120000,65000,300000,,,,,60000,1,150000,1,200000,2,1,0,0,0,0,0,0,4,1,5,2,4,3,1,4,5,3,4,2,3,2,1,3,1,,,,,1,0,-1,,,,,,,1,,1,0,Washington,98407,3,Washington,Maple Valley,2,0,3,6,6,7,1,,,,,,2,1,,,,,,,,,
665c75dcc300246d6e791dae,8/4/25 13:15,1458,,,1,,21,0,3,1,,3,,,,,,,,,5,,,1,3,4,4,4,4,3,3,2,4,2,3,3,3,4,2,3,3,3,3,4,5,0,1,30000,500000,3,500000,200000,25000,500000,3,500000,250000,30000,1,150000,1,200000,10,4,0,0,2,0,0,0,3,1,3,2,5,4,1,5,3,2,4,3,2,1,1,2,1,,,,,1,0,4,,1,,,1,,,,1,0,Maryland,21042,2,California,San Jose,3,3,6,6,6,6,1,,,,,,2,2,,,,,,,,,
678558e60d005244d89f21a8,8/4/25 13:19,353,,,.89999998,,19,1,4,1,,2,,,,,1,1,,,5,1,,,3,3,1,3,2,1,2,2,1,3,4,2,2,3,1,1,1,4,4,5,2,0,1,20000,100000,2,70000,60000,80000,70000,1,80000,80000,75000,1,100000,1,100000,3,3,0,2,2,0,0,0,3,3,2,1,4,5,4,3,2,3,4,2,2,2,3,3,,1,,,,1,0,2,,,,,,,1,,1,1,Florida,33401,2,Florida,West palm beach,2,3,4,7,3,6,,1,,,,,2,3,1,,,,,,1,,
668866e2b374a3ce385398b0,8/4/25 13:24,430,,,.89999998,,19,1,1,1,,1,,,,,,1,,,4,,1,,3,3,4,2,4,5,2,3,3,4,2,3,4,2,3,2,2,3,4,2,3,1,1,12000,50000,1,30090,190999,,59000,2,300999,10000,60000,0,70000,0,60000,6,7,0,2,0,2,2,0,2,2,3,4,1,5,3,2,2,3,2,2,3,3,2,4,1,,,,,1,0,0,,,1,,,,,,1,1,Florida,33411,2,South Carolina,Greenville,2,2,4,6,6,6,,,,1,,,2,2,1,,,,,,,,
5b6f49b7d60bdd0001ade437,8/4/25 13:27,674,,,.80000001,1,70,0,4,,1,3,,,,,,,,,2,,1,,2,4,5,3,3,1,1,1,1,3,5,2,5,3,3,3,3,3,3,3,3,1,0,65000,65000,2,90000,50000,,,,,,65000,,,,,1,3,2,2,2,0,0,2,5,2,1,4,5,3,4,1,5,1,2,4,1,1,1,1,1,,,1,,,2,2,,,,,,,1,,1,0,New York,14075,2,New York,Buffalo ,2,0,7,7,6,7,,1,,,,,1,2,,1,,,1,,1,,"For example, when you show tax rate at 0-60K, that income figure is AFTER standard deduction. Also, the working poor also get earned income tax credit, which makes their effective tax rate highly negative."
67cd6434d1b2abfc6254c28e,8/4/25 13:28,1329,,,1,1,60,0,4,1,,4,,1,,,,,,,5,1,,,5,4,4,4,5,4,5,2,4,4,4,4,5,5,3,3,2,2,4,4,4,0,1,85000,150000,2,150000,100000,55000,85000,2,100000,95000,120000,,,,,5,7,0,0,2,0,0,0,4,1,3,2,4,5,4,4,4,2,4,3,3,4,2,3,,1,,1,,,3,3,,,,,,,1,,1,1,California,90001,2,California,Stanford Health Care,2,0,7,7,6,7,1,,,,,,1,1,,1,,,1,,,,
669af656a1944074a4c6d58a,8/4/25 13:28,846,,,1,,20,1,5,,1,4,,1,,,,,,,7,1,,,1,2,4,2,-1,4,5,3,4,3,1,2,3,2,1,1,2,2,1,3,1,0,1,2000,50000,1,50000,2000,50000,50000,2,70000,40000,40000,0,40000,0,40000,1,1,0,1,2,0,0,0,3,4,1,5,2,3,5,3,2,3,2,4,1,3,5,5,,1,,,,1,0,0,,,,,,,1,,1,1,Oregon,97471,2,Oregon,Roseburg,2,0,3,3,4,4,,,,,1,,3,3,,,,,,,,,
67837959a1ccc1627479fb36,8/4/25 13:29,761,,,.60000002,,19,1,4,1,,3,,,,,,,,,6,1,,,1,3,5,2,4,5,4,3,4,3,5,2,3,2,1,1,2,1,3,3,1,0,1,10000,60000,2,68000,50000,89000,130000,2,140000,110000,100000,1,130000,1,130000,1,5,0,2,2,0,0,2,3,1,2,3,5,4,4,2,2,2,3,3,1,1,5,4,,1,,,,1,0,3,,,,1,,,1,,1,1,Illinois,60465,2,Illinois,Palos Hills,2,2,3,5,4,3,,,,1,,,2,2,,1,,,,,,,
66042d69e26a9120236ffb4f,8/4/25 13:30,1482,,,1,,19,1,5,,1,5,,1,,,,,,,5,,,1,1,1,5,2,1,5,5,2,5,2,5,3,4,3,2,3,3,3,2,3,4,0,1,35000,42000,3,75000,28000,98000,130000,2,140000,11000,85000,0,100000,1,110000,8,10,0,0,0,0,0,0,2,1,5,2,3,4,2,4,5,1,4,4,2,1,2,3,,,1,,,1,0,2,,,,,,,1,,1,0,Texas,77070,3,Texas,Houston,3,3,3,6,6,3,1,,,,,,1,1,,1,,,,,,,
6624a7ad3624d4266eb0000f,8/4/25 13:33,2491,,,.80000001,,19,1,4,,1,4,,1,,,,,,,6,1,,,3,4,4,3,4,4,4,4,3,2,2,3,4,1,2,3,-1,3,3,3,2,0,1,42000,80000,1,80000,60000,42000,100000,1,100000,70000,60000,1,70000,1,70000,3,1,0,0,0,0,0,0,4,1,2,4,5,3,4,5,3,2,4,1,2,3,3,4,,1,,,1,,0,2,,,,,,,1,,1,1,Florida,32780,2,Florida,Titusville,2,3,5,6,2,2,1,,,,,,1,1,,1,,,,,,,
6758876b6b0fae0af59c40be,8/4/25 13:33,924,,,1,1,71,0,5,,1,1,,,,,,,1,,6,1,,,2,2,4,4,2,2,3,1,4,1,2,3,4,2,1,1,1,3,2,3,2,0,1,22000,26000,1,30000,26000,35000,40000,2,50000,40000,40000,,,,,4,5,0,0,2,0,0,0,5,1,2,5,3,4,5,2,4,3,3,4,2,1,2,1,1,,,1,,,3,3,,,,,,,1,,1,1,Florida,34286,2,New York,Queens,3,0,4,4,4,4,,,,,1,,1,1,,1,,,1,,,,
63f519601c333d44a17bb35a,8/4/25 13:35,821,,,.89999998,,21,1,5,1,,4,,1,1,,,,,,6,,1,,1,3,5,5,3,5,5,5,4,1,1,1,2,1,1,2,2,1,2,2,3,0,1,15000,25000,1,30000,20000,18000,22000,2,25000,19000,40000,0,35000,0,40000,2,3,0,0,2,0,0,0,2,2,3,4,5,1,5,2,4,3,2,2,3,2,2,5,,1,,,,1,0,-1,,,,1,,,,,1,1,Texas,78582,3,Texas,Rio Grande City,1,2,4,6,3,3,,1,,,,,3,3,1,,,1,,,,,
677ccd9214464a6853c612d4,8/4/25 13:36,694,,,1,,20,1,4,,1,4,,1,,,,,,,4,,,1,3,4,4,4,4,5,4,4,5,3,2,2,1,5,2,-1,-1,2,3,3,3,0,1,37000,45000,2,55000,39000,76000,90000,2,92000,83000,80000,0,90000,0,93000,4,4,0,0,0,0,0,2,3,2,5,3,4,1,4,3,3,3,3,3,2,1,2,3,1,,,,,1,0,2,,1,,1,,,,,1,0,California,95825,3,Illinois,Aurora,2,0,3,5,,,1,,,,,,3,2,,,,,,,,,
67fbf778a4e4760f3fd237ff,8/4/25 13:37,1216,,,1,1,73,0,4,,1,3,,,,,,,,,5,1,,,4,5,5,2,2,4,2,2,5,4,5,2,2,1,2,1,1,1,2,2,3,0,0,24000,24000,1,30000,15000,65000,,,,,55000,,,,,1,1,2,2,2,0,0,2,2,3,4,1,5,2,4,5,5,1,4,4,1,3,3,1,1,,,1,,,3,3,,,,,,,1,,1,1,Pennsylvania,19341,2,Pennsylvania,Ridley Township,2,0,6,6,1,1,,,,,1,,1,1,,1,,,1,,,,Nice survey. Thank you!
66901431ba44a1ea8e296dd9,8/4/25 13:38,10885,,,.89999998,,25,1,4,,1,4,1,,,,,,,,3,1,,,4,3,3,4,4,5,4,3,4,5,3,3,4,5,2,2,2,2,3,3,3,1,0,99800,110000,2,117000,102000,,,,,,102999,0,102388,0,102999,3,4,0,0,0,0,0,0,4,4,3,2,5,1,4,4,4,3,4,2,3,3,2,3,,1,,1,,,2,2,,,,,,,1,,1,1,Missouri,63103,2,Missouri,Springfield ,2,3,5,6,4,5,1,,,,,,1,1,,1,,,1,,,,Thank you so much God bless you
654cf30cfa2949d560bb0b06,8/4/25 13:40,611,,,.89999998,,20,1,4,1,,3,,,,,,,,,4,,1,,3,2,4,4,4,3,4,4,3,3,3,3,4,2,1,1,1,1,3,2,2,0,1,5000,38000,2,45000,26000,5000,30000,2,48000,26000,30000,0,35000,0,40000,5,5,0,0,0,0,0,0,3,1,4,2,5,3,3,2,1,3,2,1,1,1,1,4,,1,,,,1,0,0,,,,,,,1,,1,1,Kentucky,41143,1,Kentucky,Morehead,1,2,4,5,4,,,,,1,,,2,2,,,,,,,,,
66a71dffa709312db9de275d,8/4/25 13:41,652,1,,.30000001,,21,1,5,,1,5,,,1,,,,,,6,,1,,1,4,5,4,1,4,5,5,5,1,4,1,2,1,2,1,2,1,4,3,1,0,1,3500,43000,2,40000,35000,65000,65000,3,54000,40000,58000,0,58000,0,58000,5,3,0,0,2,0,0,0,4,1,2,5,4,3,5,2,5,4,1,1,2,1,2,5,,1,,,,1,0,0,,,,,,,1,,1,1,New York,12547,2,New York,New Windsor,3,1,2,6,4,7,,,,,,1,2,2,,,,1,,,1,,
66a98d7704c8ef52320798be,8/4/25 13:42,941,,,1,,19,1,5,,1,5,,1,1,,,,,,7,,1,,1,1,5,2,2,4,5,5,5,3,1,1,2,1,2,3,3,1,1,1,3,0,1,80000,100000,3,150000,60000,83000,105000,2,130000,115000,70000,1,100000,1,100000,1,1,0,2,2,0,0,0,4,1,5,3,4,2,4,4,4,2,4,3,2,2,2,3,1,,,,,1,0,2,,,1,,,,,,0,0,Massachusetts,02148,3,Massachusetts,Malden,3,3,3,7,2,2,1,,,,,,3,3,,,,,,,,,
6695d2196cf4e4237ea22fd9,8/4/25 13:46,703,,,.89999998,,20,1,5,1,,4,,1,1,,,,,,7,,,1,1,1,5,1,1,5,5,4,5,1,2,2,3,1,2,2,3,4,1,3,2,0,1,6000,90000,1,120000,50000,80000,150000,2,250000,80000,70000,0,85000,0,90000,8,2,2,2,2,0,0,2,1,4,5,3,1,2,5,5,4,2,4,4,3,1,2,4,1,,,,,1,0,-1,,,,,,,1,,1,1,Alabama,35244,2,Alabama,Birmingham,3,3,3,9,8,6,,1,,,,,3,3,1,,,,,,,,
677ac9ff600d54e521087304,8/4/25 13:55,1396,,,1,,21,0,4,,1,4,,,1,,,,,,6,,1,,2,3,4,3,2,4,4,4,5,3,2,2,3,1,2,2,2,3,2,4,3,0,1,46255,88500,2,102800,56000,103999,175600,2,170500,120350,150000,1,168800,1,200000,3,4,0,0,0,0,0,0,4,4,3,1,5,2,3,4,3,2,3,2,3,2,2,3,,1,,,,1,0,2,,,,,,,1,,1,1,Pennsylvania,18702,2,Pennsylvania,Allegheny,2,0,7,8,7,8,1,,,,,,3,3,1,,,1,,,1,,
662ed96620183e2e20bb0751,8/4/25 13:56,1457,,,1,,19,0,4,1,,5,,1,,,,,,,5,1,,,5,5,4,2,2,4,1,4,5,5,5,2,3,5,3,3,-1,2,2,3,2,0,1,99000,300000,2,312000,190000,99000,120000,2,140000,99000,99000,1,150000,0,180000,1,1,0,0,0,0,0,0,4,1,3,4,2,5,4,5,4,1,2,3,3,1,1,3,1,,,,,1,0,5,,1,1,,,,,,1,1,Pennsylvania,19032,2,Pennsylvania,Folcroft,2,1,2,3,4,3,,1,,,,,2,2,,1,,,,,,,
664bf6195faf971d250f1a50,8/4/25 13:58,600,,,1,,21,1,3,1,,4,,1,,,,,,,5,,1,,3,4,3,2,4,3,3,3,3,3,2,3,3,3,-1,2,3,4,4,3,3,0,1,30000,80000,2,60000,45000,30000,75000,2,75000,45000,45000,1,45000,1,50000,2,5,0,0,0,0,0,0,2,1,4,3,5,2,4,5,4,2,4,2,2,2,1,2,,1,,1,,,0,3,,,,1,,,,,0,0,Wisconsin,53151,2,Puerto Rico,yauco,3,0,5,8,5,4,,,1,,,,3,2,,,,,,,,,
6582517854b6e39410f381d1,8/4/25 14:00,729,,,1,,20,1,4,1,,4,,1,1,,,,,,2,,1,,1,1,4,1,1,5,5,4,5,1,1,2,3,1,1,2,2,4,2,4,5,0,1,10000,150000,1,900000,750000,850000,1000000,3,1100000,900000,100000,1,150000,1,190000,6,6,0,0,2,0,0,0,2,4,2,3,1,5,4,2,5,3,2,4,3,3,2,2,1,,,,,1,0,2,,,,,1,,1,,1,1,California,90803,3,California,Long Beach,3,3,4,7,7,4,,,,1,,,3,3,,,,,,,,,
5fa1b1a4499be43137fba435,8/4/25 14:04,805,,,.89999998,1,70,1,4,,1,3,,,,,,,,,2,,1,,3,4,4,4,2,1,3,2,5,3,5,2,3,1,1,-1,1,3,3,3,1,1,0,24900,26000,1,26000,25000,,,,,,36000,,,,,5,5,0,0,2,0,0,0,4,3,2,5,1,4,5,1,3,1,1,1,1,1,1,5,,1,,,,1,4,4,,,,,,,1,,1,1,Alabama,35126,2,Colorado,Yuma,1,0,3,3,5,,,,,,1,,1,1,,1,,,1,,1,,
6653904d974360d0c90b6bf8,8/4/25 14:15,1241,,,1,,20,1,4,,1,3,,,,,,,,,7,1,,,1,1,5,4,1,4,5,5,5,1,3,1,1,1,2,3,-1,2,3,3,1,0,1,1000,75000,2,80000,50000,100000,150000,2,100000,70000,100000,1,100000,1,225000,6,4,2,2,2,0,0,0,4,3,2,4,5,1,5,3,3,4,1,1,3,2,1,3,,1,,,,,0,3,,,,1,,,,,1,1,Georgia,30215,2,Texas,Cypress,3,3,4,6,6,4,,,,1,,,2,2,,,,,,,,,
63fa6f8dc3d4ec40b5397847,8/4/25 14:16,704,1,,.40000001,1,71,0,3,,1,3,,,,,,,,,2,1,,,4,5,5,5,4,1,1,2,3,4,5,3,3,4,2,2,1,3,2,3,3,1,0,65000,50000,1,60000,40000,,,,,,75000,,,,,4,4,2,2,2,0,0,2,4,4,1,5,2,3,4,2,5,2,4,4,2,2,2,4,,1,,1,,,0,0,,,,,,,1,,1,1,New York,10010,3,New York,Brooklyn,3,0,6,6,3,3,,1,,,,,1,1,,1,,,1,,,,"I could not exactly know what my salary would be in 10 years, as I would be retired at that point."
66c345557b3f24bdb8001514,8/4/25 14:25,940,,,1,,19,1,4,1,,4,,,,1,,,,,6,,1,,1,4,5,5,3,5,4,5,5,3,4,2,3,1,-1,2,2,2,3,1,3,0,1,0,45000,1,75000,20000,89000,70000,1,15000,50000,100000,0,100000,0,100000,5,3,1,1,2,1,1,1,4,1,3,4,5,2,4,2,1,3,3,1,1,3,4,5,,,1,,,1,0,0,,,,1,,,1,,1,1,Arkansas,72901,2,Arkansas,Fort Smith,2,3,3,6,6,,,,,,,1,2,3,1,,,,,,,,
668d655ff5755515179cd089,8/4/25 14:27,1119,,,1,,20,1,5,1,,4,,1,1,,,,,,6,,1,,2,2,4,4,2,5,5,5,5,1,1,2,4,1,3,2,2,1,1,3,4,0,1,15000,80000,2,100000,60000,130000,150000,2,180000,140000,100000,1,150000,1,170000,5,5,0,0,2,0,0,0,4,2,1,4,5,3,2,2,5,1,3,2,3,2,2,4,,1,,,,1,0,3,,,,1,,,,,1,0,California,95624,2,California,Sacramento,2,3,3,6,4,2,,1,,,,,3,3,1,,,1,,,,,
678ebb1c326b4854e4b587b2,8/4/25 14:36,900,,,1,,18,1,5,,1,3,,,,,,,,,6,,1,,1,2,5,3,2,5,4,5,5,3,1,2,2,2,2,3,3,2,2,4,3,0,1,20000,90000,3,120000,70000,150000,100000,2,150000,70000,90000,0,95000,0,100000,10,6,0,2,2,0,0,0,3,2,1,4,5,3,4,3,4,1,4,3,2,2,2,3,,1,,,,1,0,0,,,1,1,,,,,1,1,Florida,33543,2,Florida,Wesley Chapel,2,3,4,7,6,6,,,,1,,,3,3,1,,,,,,,,
67a53d10038521c86950954c,8/4/25 14:37,742,1,1,.80000001,,21,0,2,,1,3,,,,,,,,,2,,1,,4,4,5,4,4,1,2,1,2,1,5,4,5,2,3,3,3,4,4,5,3,0,1,78000,200000,2,250000,115000,125000,250000,2,350000,180000,80000,1,120000,1,150000,2,3,0,0,2,0,0,0,4,1,2,3,5,4,2,2,5,2,5,3,1,1,1,2,1,,,,,1,0,2,,,,,,,1,,1,1,Mississippi,39232,2,Mississippi,Ridgeland,2,3,4,9,6,7,,,,1,,,1,1,,1,,,,,,,
663a5bf16d0c3f23e9477431,8/4/25 14:41,1055,,,1,,21,1,5,,1,4,,1,,,,,,,7,,,1,1,4,5,5,1,5,5,5,5,1,1,2,2,1,2,2,3,2,1,2,3,0,1,25000,20000,2,90000,60000,69000,100000,1,150000,90000,85000,1,120000,1,95000,3,4,0,2,2,0,0,0,4,1,2,3,4,5,5,1,4,2,3,2,1,1,3,4,,1,,,,1,0,4,,,1,,,,,,1,0,Georgia,30127,2,Georgia,Powder Springs,2,3,3,8,8,6,,1,,,,,3,3,1,,,,,,,,
66faf6ad94e32eeb5c2e3ee0,8/4/25 14:41,812,,,1,,20,1,5,1,,4,,1,1,,,,,,7,,,1,1,2,4,1,1,4,5,5,5,1,2,3,4,2,2,2,1,4,1,2,2,0,1,8000,50000,1,80000,25000,8000,50000,1,80000,25000,5000,0,30000,0,30000,10,1,0,2,2,0,0,2,4,3,1,4,5,2,5,1,3,2,4,3,2,2,4,5,1,,,,,1,0,0,,,,,,,1,,1,1,Montana,59808,2,Montana,Missoula,2,3,4,7,6,3,,,,1,,,3,3,,,1,,,,,,
6765a8a83582f447d630caed,8/4/25 14:43,924,,,.89999998,1,71,0,3,,1,3,,,,,,,,,4,,,1,4,4,5,5,5,4,2,2,4,3,5,3,3,2,2,2,2,3,2,3,2,0,1,33000,50000,2,33000,33000,33000,40000,1,40000,35000,40000,,,,,1,5,0,2,2,0,0,0,4,1,4,5,3,2,4,3,4,2,3,4,1,1,2,1,1,,,1,,,3,3,,,,,,,1,,1,1,Ohio,44255,1,Ohio,Mantua,1,0,4,4,3,4,,,,,1,,1,1,,1,,,1,,,,
678fba732e3c7c2620e94db9,8/4/25 14:53,1362,,,1,,21,1,4,1,,4,1,,,,,,,,6,1,,,4,2,4,5,-1,5,3,4,4,4,2,1,2,1,1,1,1,3,3,2,2,0,1,23000,32000,1,14000,12000,23000,32000,1,32000,23000,28000,1,40000,0,30000,1,2,0,0,2,0,0,0,4,1,2,3,5,4,4,2,2,3,3,1,2,2,4,5,,1,,,1,,1,3,,,,,,,1,,1,1,Florida,33527,1,Florida,Brandon ,2,0,3,3,2,2,,1,,,,,1,1,,1,,,1,,,1,
664d00f785bb3ed4d9fce69b,8/4/25 14:57,485,,,1,,21,1,4,,1,4,,1,,,,,,,6,,1,,2,3,4,4,4,4,5,4,5,5,2,1,2,2,2,2,2,3,4,4,3,0,1,5000,125000,2,230000,80000,25000,400000,1,700000,275000,100000,1,500000,1,500000,1,5,0,2,2,0,0,2,2,5,3,4,1,2,4,3,3,4,2,2,3,3,2,4,,1,,,,1,0,3,,,,,,,1,,1,1,Colorado,80524,2,Texas,Austin,2,3,4,7,7,7,,1,,,,,2,2,1,,,,,,,,
658262e0534331dda248ec18,8/4/25 15:00,1010,,,1,,20,1,5,,1,4,,1,1,,,,,,7,,1,,2,1,5,2,1,5,5,5,5,4,2,3,4,1,2,2,2,4,3,3,2,0,1,500,60000,1,80000,40000,250000,260000,1,280000,230000,30000,0,100000,0,120000,10,1,0,2,2,0,0,2,2,1,2,4,5,3,4,4,2,3,3,2,2,1,2,5,1,,,,,1,0,0,,,,,,,1,,1,1,Ohio,45764,1,Florida,Tampa,3,2,4,6,7,6,,1,,,,,3,3,1,,,,,,,,"Great survey, thank you!"
65d594b4198b2fcc568946bd,8/4/25 15:09,1119,,,1,,19,1,5,,1,3,,,,,,,,,6,,,1,2,1,5,2,1,5,5,4,4,1,1,2,3,1,2,3,3,4,2,3,3,0,1,10000,120000,3,140000,80000,80000,180000,2,200000,150000,80000,0,120000,0,130000,1,1,2,2,2,0,2,2,4,1,2,5,4,3,4,4,4,2,4,3,1,2,2,3,,1,,,,1,0,0,,1,,,,,,,1,0,California,92840,2,California,Garden Grove,2,2,4,7,3,3,,,,1,,,3,3,1,,,,,,,,
6706d5a01d37c5c960b2032d,8/4/25 15:10,1298,,,1,,19,1,5,1,,3,,,,,,,,,4,,,1,4,2,4,3,4,4,4,4,3,2,1,1,1,3,1,3,2,2,2,2,3,0,1,12000,70000,1,60000,40000,40000,100000,1,110000,80000,60000,1,80000,1,80000,5,5,0,0,2,0,0,0,4,1,2,5,4,3,2,4,3,3,3,1,1,3,3,3,,1,,,,1,0,2,,,1,,,,,,1,1,North Carolina,28530,3,North Carolina,Goldsboro,3,0,2,4,2,2,,,1,,,,3,3,1,,,,,,,,
66ff422447a84630aa1b7aeb,8/4/25 15:12,580,,,1,,19,0,2,,1,2,,,,,1,1,,,6,,,1,4,4,5,5,4,1,2,4,4,2,5,1,4,1,3,3,2,2,4,4,4,0,1,5000,110000,2,150000,60000,200000,400000,1,600000,150000,60000,1,100000,1,125000,2,1,0,2,2,0,0,2,5,2,5,4,1,3,4,5,4,2,4,4,2,1,2,3,,1,,,1,,0,4,,,,,,,1,,1,1,California,90278,3,California,Redondo Beach ,3,3,4,7,6,6,,,,1,,,2,1,,1,,,,,,,
672c2f23e4984e3a43bf3525,8/4/25 15:14,692,,,1,1,42,0,1,,1,1,,,,,,,,1,7,1,,,1,5,4,5,4,1,1,2,2,3,4,3,2,2,2,2,2,2,2,2,3,1,0,105000,135999,2,129000,110000,,,,,,100000,,,,,5,5,0,2,2,0,0,2,2,3,5,2,4,1,4,4,5,1,1,3,1,1,1,2,1,,,,1,,3,3,,,,1,,,,,1,1,Missouri,63366,2,Arizona,Phoenix ,3,0,7,7,3,3,1,,,,,,1,1,,1,,,1,,,1,Thank you
677d3c549b33913c8a5cc071,8/4/25 15:16,1543,,,1,1,45,0,4,,1,3,,,,,,,,,6,,,1,3,2,4,3,5,2,4,3,4,2,1,4,5,2,2,3,3,3,5,4,4,0,1,25000,35000,2,40000,30000,101000,130000,2,120000,110000,110000,,,,,5,7,0,2,2,0,0,2,4,4,3,5,1,2,5,1,5,1,5,2,2,1,1,1,,1,,1,,,3,3,,1,,,,,,,0,0,California,9355,2,California,Cerritos,2,0,7,7,6,3,,1,,,,,1,1,,1,,,1,,,1,
665cd37d244c81a07e68f20f,8/4/25 15:17,541,,,1,,20,1,3,,1,3,,,,,,,,,5,,,1,2,4,5,4,2,2,2,2,2,2,5,4,4,5,3,3,3,2,2,4,3,0,1,5000,150000,2,250000,75000,200000,200000,2,300000,150000,50000,1,70000,1,75000,4,5,0,0,2,0,0,0,2,3,5,4,1,2,2,3,4,2,4,1,1,1,1,2,1,,,,,1,0,2,,,,,,,1,,1,1,Alabama,36695,2,Alabama,Mobile,2,3,4,8,7,6,,,,1,,,1,1,,,,,,,,,
66b7aca57d8317c2a800416a,8/4/25 15:18,3155,,,1,,20,1,3,1,,2,,,,,1,,,,3,,1,,3,3,3,1,5,2,4,4,5,4,3,3,2,3,2,1,2,4,3,4,4,0,0,10000,10000,2,15000,15000,10000,,,,,10000,0,30000,0,30000,4,4,2,2,1,0,1,1,4,5,2,1,3,4,2,2,4,4,4,4,3,4,2,5,1,,,,,1,0,-1,,,,1,,,,,1,0,California,29865,2,California,Anaheim,2,2,3,3,3,3,,,,1,,,2,2,1,,,,,,,,
62bdd6fe637d9a0b988a5a7c,8/4/25 15:20,731,,,1,,21,1,4,1,,4,1,,,,,,,,5,1,,,2,2,2,4,2,2,4,4,3,3,3,4,2,2,-1,3,1,2,2,3,2,0,1,0,0,1,150000,70000,120000,150000,1,200000,100000,200000,1,120000,1,150000,10,1,0,0,0,0,0,0,4,1,4,3,5,2,2,5,3,4,2,1,2,2,2,4,1,,,,,1,0,2,,,,1,,,,,1,0,California,91911,2,California,Chula Vista,2,0,4,6,4,4,,,,,,1,2,2,,1,,,,,,,
631275e35e145fd8341acb9d,8/4/25 15:23,1751,,,1,,21,1,5,1,,4,,1,1,,,,,,7,1,,,2,2,5,4,2,5,5,4,5,2,3,2,3,2,2,3,3,2,2,3,2,0,1,35000,150000,2,125000,75000,250000,250000,3,275000,200000,175000,1,200000,1,225000,1,5,0,2,2,0,0,2,4,1,3,2,5,4,1,3,5,1,3,2,1,1,1,2,1,,,,,1,0,3,,,,1,,,,,1,0,Iowa,52246,2,Iowa,Iowa City,2,3,4,4,8,4,,,,1,,,2,2,,,,,,,,,nope
66d11be993fd125064876a34,8/4/25 15:24,1077,,,1,1,81,0,3,1,,3,,,,,,,,,6,1,,,1,5,5,4,5,4,1,1,5,4,5,3,5,1,2,1,1,2,2,1,2,1,0,120000,100000,3,100000,100000,,,,,,150000,,,,,6,10,0,2,2,0,0,0,2,2,3,5,1,4,4,1,5,1,2,4,1,1,1,1,1,,,,1,,3,3,,,,,,,1,,1,1,Maine,04843,1,New York,New York City,3,0,8,8,3,7,1,,,,,,1,2,,1,,,1,,,,The projection into the future for jobs was difficult as I am 81 and this is likely my last year working.
6787f20d2450c83ac325e446,8/4/25 15:24,516,,,.89999998,,19,1,2,1,,2,,,,,1,1,,,6,,1,,2,4,4,4,3,4,3,2,5,2,4,2,2,2,3,2,2,2,3,3,2,0,1,10000,150000,2,100000,75000,125000,150000,1,140000,100000,20000,1,180000,1,200000,5,1,0,1,2,0,0,2,2,1,2,3,5,4,2,3,3,3,3,2,2,2,2,3,,1,,,,1,0,2,,,,1,,,1,,1,0,New Jersey,07604,2,New Jersey,Hasbrouck heights ,2,3,4,7,6,6,,1,,,,,2,2,1,,,1,,,,,None 
670fb18f6f6ca0d7257a9302,8/4/25 15:27,1988,1,1,1,1,71,1,4,1,,2,,,,,1,1,1,,6,,1,,4,4,5,3,5,3,3,5,5,5,3,3,2,5,2,2,-1,4,4,3,2,1,0,95000,50000,2,120000,40000,,,,,,150000,,,,,7,8,0,0,0,0,0,0,5,3,1,5,4,2,3,4,4,3,4,3,4,4,2,2,1,,,,,1,2,2,,,,,,,1,,1,1,California,90740,2,California,Seal Beach,2,3,6,6,7,6,1,,,,,,1,1,,1,,,1,,,1,no feedback for now.
66985cf140e39cb2ab102f26,8/4/25 15:35,1062,,,1,,19,0,4,,1,4,,1,,,,,,,5,,1,,4,2,3,1,4,3,4,4,2,1,3,2,4,2,2,3,1,4,3,2,3,1,1,55000,140000,3,90000,60000,,150000,3,100000,70000,230000,1,250000,1,250000,1,2,0,0,0,0,0,0,1,3,5,1,4,2,1,4,2,2,4,2,1,2,2,2,1,,,,,1,0,5,,,1,,,,,,1,1,Georgia,39842,3,Georgia,Dawson,3,3,4,6,5,3,,1,,,,,1,3,,1,,,,,,,
678b02c2bca1f89da6558a9f,8/4/25 15:40,1202,,,1,,21,1,3,,1,3,,,,,,,,,2,,,1,3,5,5,3,4,4,5,5,2,3,3,4,2,5,2,2,3,3,2,3,3,0,1,60000,10000000,2,100000,57000,40000,60000,2,80000,30000,75000,1,50000,0,70000,1,1,0,0,0,0,0,0,4,5,3,4,1,2,3,3,3,2,3,3,1,1,1,2,1,,,,,1,0,2,,,1,,,,,,1,1,Texas,77338,2,Texas,Houston ,3,0,3,3,4,6,1,,,,,,2,2,,,,,,,,,
66cb9eada758f957539eceab,8/4/25 15:43,883,,,.89999998,,19,1,5,,1,5,,1,1,,,,,,5,,,1,1,1,5,4,1,3,5,5,5,2,4,2,3,2,-1,2,-1,1,-1,2,2,0,1,20000,20000,3,15000,10000,25000,25000,2,30000,10000,40000,0,60000,0,80000,1,1,0,0,0,0,0,0,4,2,1,5,4,3,5,3,2,4,3,1,3,4,5,5,1,,,,,1,0,0,,,1,1,,,,,1,1,Texas,75036,2,Texas,dallas,2,0,3,5,3,3,,,,,,1,1,3,,,,,,,,,nty
6756716c18e4d36105a4febe,8/4/25 15:52,761,,,1,,19,1,5,1,,4,,1,,,,,,,5,,,1,4,2,4,5,4,4,2,2,4,2,4,2,3,4,2,3,2,2,4,3,2,0,1,18000,100000,3,110000,70000,35000,150000,2,200000,100000,70000,1,70000,1,90000,5,5,0,0,0,0,0,0,2,2,3,1,5,4,4,1,2,2,5,1,1,1,1,2,,1,,,1,,1,3,,,,,,,1,,1,1,California,96007,3,California,Chico,3,2,5,6,4,3,,1,,,,,1,1,,1,,,1,,,,
6744163df2b0828add4649c7,8/4/25 15:53,1160,,,.89999998,,20,1,5,,1,4,,1,1,,,,,,6,,,1,1,1,5,4,1,5,5,5,5,4,2,1,2,1,1,1,2,3,3,2,2,0,1,3000,60000,1,85000,30000,51000,105000,2,130000,75000,50000,0,70000,0,70000,10,10,0,0,0,0,0,0,4,1,3,5,2,4,4,2,2,4,2,2,4,2,3,5,1,,,,,1,0,0,,,,,,,1,,1,1,Oregon,97015,2,Oregon,Canby,2,2,4,8,4,4,,,,1,,,2,2,,,1,,,,,,
6786d9ba6d0041c89532884d,8/4/25 15:56,1023,,,1,,20,1,4,,1,3,,,,,,,,,5,1,,,2,4,4,4,2,5,2,2,2,1,3,2,3,2,1,2,-1,4,3,3,4,0,1,1000,150000,3,290000,100000,80000,250000,3,300000,450000,150000,1,300000,1,320000,3,4,0,2,2,0,0,2,5,4,3,2,1,5,1,5,1,2,4,1,4,3,3,2,,1,,,,1,0,2,,,,1,,,,,1,0,California,90011,2,California,Los Angeles,2,0,4,4,3,3,,,1,,,,1,1,,1,,,,,,1,N/A!
66e250d882349f684a37cb71,8/4/25 15:58,359,,,1,,19,1,5,1,,5,,,,1,,,,,7,,1,,2,3,4,1,2,5,5,5,5,5,-1,3,4,-1,2,3,3,-1,2,4,3,0,1,1000,100000,2,150000,75000,160000,170000,2,175000,150000,60000,1,120000,1,130000,5,4,0,2,2,0,0,2,3,1,4,2,5,3,2,2,4,3,5,2,3,2,2,4,,1,,,,1,0,2,,1,,,,,1,,1,0,Georgia,30024,2,Georgia,Suwanee,2,3,4,7,6,7,,,,1,,,3,3,1,,,,,,,,
6688a491d5b1826497cf8791,8/4/25 16:01,1210,,,1,,20,0,3,1,,2,,,,,,,,1,6,,1,,1,2,5,2,2,4,4,5,4,1,4,1,2,-1,2,-1,2,4,1,3,1,1,0,3000,50000,1,80000,20000,,,,,,35000,0,40000,0,45000,6,3,0,0,2,0,0,0,3,4,2,5,1,3,5,3,1,4,1,1,3,3,5,5,1,,,,,1,0,0,,,,,,,1,,1,1,Colorado,80303,3,Colorado,morrison,1,3,4,8,7,7,,,,,,1,2,3,1,,,,,,,,"All the questions were straightforward and the survey length was pretty good. My only comment is on one of the last questions that asked what is your employment? you should make it so there is the option for more than one, specifically student and part time. Actually I don't know. Good survey California people."
6655e7e5c761cfc848f0cac3,8/4/25 16:01,801,,,1,,20,1,4,,1,4,,,,1,,,,,6,,,1,2,-1,4,2,1,5,4,2,4,1,2,2,3,2,3,2,3,2,3,4,4,0,1,6000,200000,1,450000,125000,500000,300000,1,650000,125000,100000,1,300000,1,350000,5,3,0,2,2,0,0,2,2,4,3,5,2,1,4,2,4,2,4,3,2,3,3,3,1,,,,,1,0,2,,,,,,,1,,1,1,Connecticut,06032,2,Connecticut,,2,3,4,6,7,6,,1,,,,,2,3,1,,,,,,,,
65e4f05d6bafd4df9f6a717e,8/4/25 16:04,1366,,,1,,20,1,5,,1,5,,1,,1,,,,,7,,1,,1,1,5,5,1,5,5,5,5,1,1,1,2,1,1,2,2,3,2,2,2,0,1,15000,60000,1,80000,40000,90000,110000,1,150000,100000,60000,1,80000,1,100000,2,1,0,2,2,0,0,2,4,2,1,4,5,3,4,2,2,2,4,3,2,2,2,4,1,,,,,1,0,2,,,,,,,1,,1,1,California,95616,2,California,Davis,2,3,4,7,7,6,,,1,,,,3,3,1,,,,,,,,
66c7adc45a77680b4053f8e2,8/4/25 16:09,1388,,,1,,21,0,4,1,,4,,1,,,,,,,5,,1,,4,3,4,4,3,3,3,4,4,3,3,3,3,2,2,3,3,1,2,2,4,1,1,20000,45000,2,60000,45000,,60000,1,60000,45000,50000,1,80000,1,150000,4,3,0,0,0,0,0,0,2,2,4,3,5,1,4,4,5,4,2,4,2,3,4,3,,1,,,,1,0,2,,,1,,,,,,0,0,Utah,84115,2,Utah,Salt Lake City,2,0,4,6,1,1,1,,,,,,1,1,,1,,,,,,,The survey did not have any errors.
6660977a350481fcb13e7f2d,8/4/25 16:10,2494,,,.69999999,1,55,1,5,,1,1,,,,,,,1,,4,,1,,2,1,4,4,2,4,5,5,5,3,1,3,3,5,1,2,2,1,2,1,3,0,1,3000,6000,1,10000,7000,146000,180000,1,200000,160000,200000,,,,,5,4,0,0,2,0,0,0,3,3,1,4,5,2,4,2,5,2,3,2,1,2,2,5,,1,,1,,,2,2,,,,1,,,,,1,0,New York,10462,3,California,Paramount,2,0,6,6,3,2,,,,,1,,2,1,1,,,1,,,,,
673262bba82e3fa4d01ae5b6,8/4/25 16:12,595,,,1,,19,0,3,,1,3,,,,,,,,,3,,,1,3,4,3,4,3,5,4,4,2,3,4,1,2,1,1,1,1,2,2,2,1,0,1,38000,38000,2,50000,50000,58000,58000,1,65000,65000,70000,0,100000,0,100000,10,2,0,0,2,0,0,0,4,4,5,3,1,2,5,3,3,3,2,3,2,2,2,3,1,,,1,,,0,0,,,1,,,,,,1,1,Indiana,46342,3,Indiana,Michigan City,3,0,3,4,7,4,1,,,,,,2,2,,,1,,,,,,
65f647c74af96460db093800,8/4/25 16:20,732,,,1,,19,1,5,1,,4,,1,1,,,,,,7,1,,,1,1,5,3,1,5,5,5,5,1,1,2,2,1,2,-1,-1,-1,-1,3,3,0,0,0,160000,1,180000,100000,110000,,,,,140000,0,200000,1,230000,6,4,0,2,2,0,0,0,1,2,5,1,3,4,2,2,1,1,1,1,3,2,2,3,,1,,,,1,0,-1,,,,,,,1,,1,0,New York,11230,3,New York,Brooklyn,3,3,4,7,5,4,,,,1,,,3,3,1,,,,,,,,
67db6b9f7ee1b0b7567ce00a,8/4/25 16:23,2782,,,1,1,63,1,4,,1,3,,,,,,,,,6,,,1,4,4,5,2,2,5,4,2,4,2,2,2,3,2,3,3,3,3,3,3,3,0,1,50000,40000,2,40000,30000,99000,12000,2,13000,90000,130000,,,,,3,5,0,0,0,0,0,0,4,5,3,4,2,1,5,4,5,1,3,4,2,2,3,4,1,,,,1,,2,2,,,,1,,,,,1,1,Indiana,60657,2,Indiana,Chicago ,2,0,7,7,4,4,,1,,,,,1,1,,1,,,1,,,,
662601318f64397f9b539f04,8/4/25 16:56,1772,,,.60000002,,21,1,4,,1,3,,,,,,,,,7,,1,,2,2,4,4,3,2,3,3,3,1,4,2,3,5,2,1,1,4,1,3,2,1,1,10000,500000,2,200000,50000,,500000,2,250000,100000,60000,1,120000,0,100000,1,5,0,2,2,0,0,0,4,3,5,1,4,2,4,5,4,1,5,2,1,2,1,3,1,,,,,1,0,2,,,,,,,1,,1,1,Idaho,83815,2,Idaho,Couer D Alene,2,0,4,4,7,2,1,,,,,,2,2,,,,,,,,,
5c38f43bb594c40001212d39,8/4/25 17:04,697,,,1,1,76,0,3,,1,3,,,,,,,,,5,1,,,2,4,5,4,2,4,2,2,2,2,4,3,4,5,3,-1,2,2,1,2,3,0,1,100000,105000,1,110000,80000,160000,140000,2,150000,130000,120000,,,,,3,5,0,0,2,0,0,0,4,2,1,3,5,4,2,1,4,1,2,4,2,1,2,1,1,,,1,,,2,2,,,,,,,1,,1,1,Virginia,23464,2,Ohio,Steubenville,1,0,7,7,3,3,,,,,1,,1,2,,,1,1,,,1,,
62bf498225d76690dec43d8f,8/4/25 17:14,495,,,1,,21,1,5,,1,4,,1,1,,,,,,5,,,1,4,4,3,5,2,2,5,5,4,5,5,2,2,1,1,1,1,4,2,3,3,1,1,30000,50000,1,60000,40000,,90000,2,120000,70000,90000,1,130000,1,140000,5,2,0,0,0,0,0,0,3,1,5,2,4,3,4,2,1,4,1,2,1,3,2,5,1,,,,,,0,2,,,,,,,1,,1,1,Nevada,89169,3,Oregon,Lebanon,1,0,3,4,3,3,,1,,,,,2,2,1,,,1,,,,,
6754cb6ab5471d201ae873d0,8/4/25 17:21,2257,,,.80000001,,19,1,5,,1,5,,,,1,,,,,7,,,1,1,1,5,5,5,5,5,2,3,1,2,3,4,4,1,3,1,3,2,4,3,0,1,30000,500000,3,1000000,50000,30000,2000000,2,5000000,100000,100000,1,300000,1,400000,5,3,0,0,0,0,0,0,4,1,3,4,5,2,5,1,4,1,5,1,2,1,2,3,1,,,,,1,0,3,,,,1,,,,,1,0,North Carolina,27616,2,North Carolina,Raleigh,2,0,3,3,4,7,1,,,,,,1,3,,1,,,,,,,
673ca28a7b2bf505720a37f8,8/4/25 17:30,853,,,1,,19,1,2,1,,4,,,1,,,,,,5,,,1,4,3,4,4,2,3,4,5,2,5,4,2,3,2,2,2,2,2,2,3,4,0,1,12000,80000,2,120000,70000,170000,180000,2,220000,150000,50000,0,150000,0,180000,10,7,0,0,2,0,0,0,4,2,1,4,5,3,4,3,3,2,3,2,3,2,2,3,,1,,,,1,0,0,,,,,,,1,,1,1,Nebraska,68510,2,Nebraska,Lincoln,2,3,4,6,6,6,1,,,,,,3,3,1,,,,,,,,
6672465caacbf8f0a756a5fc,8/4/25 17:47,1226,,,.89999998,,19,1,5,1,,3,,,,,,,,,6,1,,,1,1,5,2,1,5,4,5,4,1,1,2,3,1,2,2,3,2,4,2,-1,0,0,400,85000,2,125000,50000,110000,,,,,135000,0,70000,0,70000,1,1,2,2,2,0,0,2,2,1,2,5,4,3,4,4,1,3,3,1,2,2,2,4,,,1,,,1,0,0,,,1,,,,,,1,0,Connecticut,06770,2,New York,Bronx,3,3,5,6,7,2,,,,1,,,3,3,1,,,,,,,,
674e1044dc3605622a1a647c,8/4/25 17:55,1122,,,1,,19,1,4,,1,4,,,1,,,,,,6,,,1,1,1,5,1,1,5,4,4,4,3,4,2,3,2,3,2,2,3,2,4,4,1,1,6000,100000,2,200000,50000,,200000,1,250000,100000,75000,1,200000,1,200000,10,5,2,2,2,2,2,2,2,5,4,2,1,3,4,2,4,1,5,4,3,2,2,3,,1,,,,1,0,1,,,,,,,1,,1,1,Massachusetts,02139,3,Arizona,Tucson,3,3,4,9,7,8,,,,1,,,3,3,1,,,,,,,,
674f09ca3e68aa8bda200faa,8/4/25 18:11,705,,,.89999998,,19,1,5,1,,4,,1,,,,,,,6,1,,,1,1,5,2,1,4,5,4,5,4,5,2,3,1,2,2,2,2,3,2,1,0,1,9000,32000,2,30000,27000,53000,42000,2,42000,37000,60000,0,36000,0,34000,2,1,0,0,0,0,0,0,5,2,1,4,5,3,5,2,1,3,2,2,2,2,3,4,,,1,,,1,0,-1,,,1,,,,1,,1,1,Texas,79707,3,Texas,Midland,3,0,4,6,4,3,,,,,,1,3,3,1,,,,,,,,
67804682f70a2de5932ee81b,8/4/25 18:26,726,,,1,,19,1,5,1,,4,,1,1,,,,,,6,,,1,2,2,5,2,2,5,5,3,4,1,1,2,3,1,3,3,3,1,1,3,3,0,1,7000,250000,3,350000,150000,150000,100000,1,170000,50000,120000,1,120000,1,120000,4,1,0,2,2,0,0,0,4,1,5,3,2,4,1,3,4,2,4,1,2,1,2,4,,1,,,,1,0,3,,1,,,,,1,,1,1,Rhode Island,02912,3,New Hampshire,Hopkinton,1,3,3,9,6,7,,1,,,,,2,3,1,,,,,,,,
6670cffc0b0b33d080d23092,8/4/25 18:38,627,,,1,,21,1,4,1,,4,,,1,,,,,,6,,1,,1,4,5,3,3,2,4,3,4,1,5,2,4,2,2,2,3,3,4,4,4,0,1,13000,80000,1,125000,60000,175000,165000,1,250000,120000,100000,0,70000,0,70000,1,1,0,2,2,0,0,1,2,3,4,5,2,1,2,2,5,2,5,4,1,1,1,3,1,,,,,1,0,-1,,,,,,,1,,1,1,Indiana,47834,1,Indiana,Brazil,1,3,4,6,6,8,,,,1,,,1,1,,,1,,,,,,
67ad145879a47911d064c45a,8/4/25 18:57,497,,,.89999998,,19,0,1,,1,3,,,,,,,,,4,1,,,-1,-1,4,-1,-1,4,2,1,2,2,5,3,2,2,2,3,3,3,3,3,2,0,0,0,80000,2,70000,50000,150000,,,,,30000,1,70000,1,70000,1,4,0,0,0,0,0,0,5,3,1,4,5,2,4,1,4,2,4,2,1,1,1,2,,1,,,,1,0,2,,,,,,,1,,1,1,Georgia,30807,1,Georgia,Atlanta,3,2,4,5,6,3,,1,,,,,1,1,,1,,,,,,,
676837c5a3b9c55490b7c2b5,8/4/25 19:00,820,,,1,,21,1,5,1,,5,,1,1,,,,,,7,,,1,1,1,5,2,1,5,5,5,5,3,1,2,3,1,1,1,1,3,3,2,1,0,1,15000,85000,1,90000,60000,50000,120000,1,130000,95000,60000,0,65000,0,65000,5,5,0,0,2,0,0,0,3,1,2,5,4,3,4,2,1,4,1,2,3,2,4,5,1,,,,,1,0,1,,,,,,,1,,1,1,New Jersey,07730,2,New Jersey,Hazlet,2,0,4,4,5,5,,1,,,,,2,3,1,,,,,,,,
6785f4cffb95c5d7e0af1b30,8/4/25 19:35,574,,,1,,19,0,3,,1,3,,,,,,,,,5,,,1,1,4,4,4,5,3,4,4,3,4,3,3,4,5,2,3,3,2,1,2,1,0,1,1000,120000,2,100000,70000,50000,300000,1,250000,180000,120000,0,120000,1,300000,3,6,0,2,2,0,0,0,4,1,2,4,5,3,2,3,2,1,5,1,1,1,1,2,1,,,,,1,0,2,,,,1,,,,,1,0,Texas,78586,1,Texas,Brownsville,1,2,4,7,1,2,,,,1,,,2,2,,1,,,,,,1,
67858fd3f152e9998a172289,8/4/25 19:43,421,,,1,,19,0,1,,1,2,,,,,1,,,,1,,1,,4,1,5,5,3,3,1,1,1,1,4,3,3,5,2,2,2,3,4,4,3,0,1,6000,90000,3,90000,85000,650000,500000,2,500000,450000,400000,1,500000,1,500000,1,1,0,2,2,0,0,0,3,1,4,2,5,3,3,3,4,1,4,1,4,1,1,3,,1,,,,1,0,2,,,,,,,1,,1,1,South Carolina,29715,2,South Carolina,Fort Mill,2,3,3,6,7,7,,1,,,,,1,1,,1,,,,,,,
6645a550e2bdc9ec8b32ec7c,8/4/25 19:44,1347,,,1,,19,0,3,1,,3,,,,,,,,,4,,,1,2,-1,5,5,4,2,2,-1,-1,2,5,5,5,2,-1,2,1,4,4,5,1,0,1,2000,160000,1,160000,36000,500000,160000,1,160000,36000,120000,1,300000,1,400000,1,1,0,0,0,0,0,0,5,3,1,5,4,2,4,3,1,3,3,4,1,2,3,3,1,,,,,1,0,5,1,,,,,,1,,1,1,New Jersey,07642,2,New Jersey,Hillsdale,2,0,3,3,6,9,,,1,,,,1,1,,1,,,,,,,
66b82983ea9669e07e639756,8/4/25 19:56,1067,,,.89999998,,19,1,5,1,,5,,1,1,,,,,,4,,1,,2,1,5,4,1,5,3,5,5,-1,2,3,2,1,1,2,2,3,2,3,3,1,1,75000,80000,2,76000,50000,,76000,3,77000,69000,75000,1,80000,1,80000,10,6,0,0,2,0,0,0,4,2,1,5,4,3,4,3,5,2,2,3,1,2,1,1,,1,,,,1,0,2,,,1,,,,,,1,1,Louisiana,71112,2,Louisiana,Grayson,1,3,3,7,2,3,1,,,,,,2,2,1,,,,,,,,
6677880148a67102128b11a8,8/4/25 19:56,785,,,1,,19,1,5,1,,4,,,,1,,,,,6,,1,,1,1,5,3,2,5,5,5,5,4,2,1,2,1,1,2,3,3,4,4,2,0,1,5000,100000,1,250000,1000,3000,700000,1,700000,100000,250000,0,350000,1,350000,1,3,2,2,2,0,0,2,5,1,3,5,2,4,5,4,1,4,2,1,4,2,4,5,1,,,,,1,0,1,,,,,,,1,,1,1,Georgia,30135,2,Georgia,douglas,2,2,5,6,4,3,,,,1,,,3,3,1,,,,,,,1,Saving a huge question of who did you vote for till the very end seems dirty.
670941cb4c3332714262db12,8/4/25 19:58,969,1,1,1,,19,1,5,1,,3,,,,,,,,,5,,,1,4,4,4,4,4,4,4,4,4,4,4,3,3,3,-1,-1,-1,3,3,3,3,0,1,0,5000,2,5000,2000,500,10000,1,7000,7000,5000,0,20000,0,20000,2,1,2,2,0,2,2,0,3,1,2,4,5,3,4,5,3,3,2,2,2,1,1,4,,1,,,,1,0,0,,,1,,,,,,1,1,Pennsylvania,15211,3,Pennsylvania,Pittsburgh,3,0,3,4,3,3,,,,,,1,2,2,,,,,,,,,
66f2180a1707ba50d890518f,8/4/25 20:02,896,,,1,1,55,0,3,,1,1,,,,,,1,1,,2,1,,,2,1,2,3,4,1,1,2,2,1,4,3,3,5,2,2,2,2,2,2,3,0,0,54000,70000,3,75000,65000,160000,,,,,150000,,,,,3,5,0,2,2,0,1,2,4,2,1,4,3,5,1,2,5,2,4,4,3,2,2,1,,1,,1,,,2,2,,,,1,,,1,,1,1,Florida,33138,3,Georgia,Adel,1,0,6,6,3,3,1,,,,,,1,1,,1,,,1,,1,,
673d9ff5b1f3f3d0818b1329,8/4/25 20:05,807,,,1,,19,1,4,,1,5,,1,,,,,,,6,,1,,2,3,4,5,3,1,4,3,4,1,3,3,4,2,2,3,3,3,1,2,3,0,1,28000,130000,2,100000,60000,110000,220000,3,250000,200000,100000,0,120000,0,130000,1,3,0,2,2,0,0,2,4,2,1,3,5,4,4,1,3,2,2,2,2,1,1,4,1,,,,,1,0,0,,,,,,,1,,1,1,California,91208,3,California,Fairfield,3,2,4,7,6,5,,1,,,,,2,2,,,,,,,,,
67637803a735f04bb9687d8a,8/4/25 20:14,660,,,.80000001,,19,1,3,,1,3,,,,,,,,,2,,1,,2,4,3,4,1,5,1,4,4,1,1,3,3,1,3,3,3,3,2,3,3,0,1,75000,100000,2,150000,90000,65000,70000,2,60000,55000,65000,1,75000,1,75000,5,5,0,0,0,0,0,0,4,1,2,4,5,3,3,2,3,2,4,2,1,2,2,3,,1,,,,,0,2,,,,1,,,1,,1,1,Florida,33161,3,Florida,Miami,3,2,4,6,7,7,,,,1,,,3,3,1,,,1,,,,,
6668a7a0231582e59b71c6d3,8/4/25 20:32,882,,,1,,19,1,5,,1,5,,,1,,,,,,7,1,,,2,4,5,1,2,4,5,5,5,2,2,4,2,1,3,3,3,2,2,3,2,0,1,1500,30000,2,90000,25000,65000,70000,2,75000,40000,80000,0,90000,1,80000,3,2,0,2,2,0,0,0,4,3,4,1,5,2,4,1,4,1,3,2,1,2,4,5,1,,,,,1,0,2,,,,,,,1,,1,1,Illinois,60922,1,Maryland,Middle River,2,0,3,5,7,,,,,,,1,3,3,1,,,,,,,,
678ca30842b3a8d014abb029,8/4/25 21:43,1009,,,.89999998,,19,1,4,1,,4,,1,,,,,,,5,1,,,2,4,5,2,2,4,2,4,3,4,4,3,3,3,3,3,3,1,2,3,2,1,1,12000,120000,2,200000,75000,,250000,2,410000,150000,60000,1,200000,1,250000,1,1,0,0,2,0,0,0,2,1,3,2,4,5,2,4,2,3,3,3,3,2,2,3,,1,,,,1,0,2,,,,,,,1,,1,1,Texas,78705,3,Texas,Johnson city,1,3,4,9,6,6,,1,,,,,2,2,1,,,,,,,,
67492bf35d199ce08ae9e246,8/4/25 22:23,853,,,1,,19,1,5,1,,3,,,,,,,,,4,,,1,4,4,5,4,4,5,4,4,3,2,3,3,3,1,1,2,1,3,3,2,2,0,1,39000,70000,1,65000,40000,50000,60000,2,100000,80000,85000,1,90000,1,70000,7,9,0,2,2,0,0,0,4,1,2,4,5,3,4,2,3,3,4,2,3,3,4,4,,1,,,,1,0,3,,,1,,,,1,,1,1,Tennessee,37166,3,Indiana,Indionapolis,2,0,3,3,3,3,,1,,,,,2,2,,,,,,,,,
6675f272a469c9aa03f32f61,8/4/25 22:43,1095,,,1,,19,1,5,1,,3,,,,,,,,,7,,,1,1,1,5,-1,2,4,4,4,4,1,1,1,1,1,-1,1,2,4,2,3,2,0,1,1500,30576,1,40000,15080,65000,65000,1,70000,60000,65000,0,75000,0,80000,2,5,0,0,0,0,0,0,3,1,2,3,5,4,5,2,1,3,3,3,1,2,3,5,,1,,,,1,0,0,,,,,,,1,,1,1,Arizona,85298,2,Arizona,Tempe,3,3,4,6,8,7,,,,1,,,3,3,1,,,,,,1,,
64b58e787b1fc9697b561fbe,8/4/25 22:47,934,,,.89999998,1,62,0,4,1,,4,,1,,,,,,,6,,,1,2,3,3,5,2,4,4,2,4,2,2,3,4,5,3,2,-1,4,2,2,3,0,1,25000,25000,2,30000,20000,40000,35000,1,40000,30000,40000,,,,,8,8,0,0,2,0,0,0,5,1,5,3,2,4,4,1,5,1,1,1,1,1,4,1,,1,,,1,,1,1,1,,,,,,1,,1,1,Florida,32052,1,Florida,Bradenton,2,0,3,3,4,1,,,,,1,,1,1,,1,,,1,,,,
66ce1a48210a31534b9c0c67,8/4/25 22:52,998,,,1,,19,0,3,1,,3,,,,,,,,,4,,,1,5,4,3,4,3,3,4,4,3,4,4,4,3,1,2,2,2,3,-1,3,3,0,1,25000,60000,3,65000,45000,135000,150000,2,175000,120000,150000,1,130000,0,175000,3,3,0,0,2,0,0,0,5,2,3,5,4,1,4,2,4,2,4,2,2,1,1,3,1,,,,,1,0,0,,,1,,,,1,,1,0,Connecticut,06051,2,Connecticut,New Britain,2,1,3,5,5,2,,,,,,1,2,2,,1,,,1,,,,
6785a5f2a07c912f4f5a07b4,8/4/25 23:00,742,,,1,,19,1,4,,1,4,1,,,,,,,,5,1,,,4,5,5,3,2,4,4,4,3,1,4,3,4,1,3,3,3,2,2,3,3,0,1,1000,100000,2,300000,50000,300000,300000,2,300000,100000,200000,1,200000,1,200000,5,5,0,0,0,0,0,0,3,1,2,4,3,5,2,4,3,2,5,4,2,2,1,2,,1,,,,1,0,2,,1,,,,,,,1,1,Florida,33076,2,New York,"Mineola, New York",2,3,4,9,4,4,,,,1,,,2,2,,1,,,,,,,
6791ce65efa655b7f510a7d5,8/4/25 23:51,570,,,.89999998,,19,1,5,1,,4,,1,,,,,,,5,,1,,2,4,5,3,2,4,3,3,2,3,4,2,3,4,2,3,2,3,3,2,3,0,1,3000,70000,2,90000,45000,30000,80000,2,90000,50000,50000,1,100000,1,110000,1,1,0,2,2,0,0,2,4,1,2,3,5,4,5,2,2,2,3,2,2,1,2,3,1,,,,,1,0,2,,,,,,,1,,1,0,Tennessee,38117,3,Tennessee,Memphis,3,3,4,6,7,8,,1,,,,,1,1,,1,,,,,,,
67335e8a302aac96120cc104,8/4/25 8:23,981,,,1,1,83,1,5,1,,5,,1,,,,,,,6,1,,,3,2,4,4,2,4,5,4,4,3,4,3,3,2,2,1,2,2,-1,2,2,0,1,15000,25000,2,50000,15000,20000,30000,1,40000,10000,70000,,,,,3,6,0,2,2,0,2,2,4,1,2,5,4,3,3,3,3,3,2,1,4,2,3,5,,1,,,,1,2,0,,1,,,,,,,0,0,Texas,77007,3,California,Bien Hoa Vietnam,2,0,6,6,6,,,,,,1,,2,2,,,,,,,,,None
6583287e9845b219549fb80b,8/4/25 8:50,1068,,,1,1,70,1,4,1,,3,,,,,,,,,6,,,1,1,2,4,1,1,5,4,4,5,1,2,3,3,2,2,-1,2,3,1,3,3,0,1,30000,35000,1,35000,32000,50000,55000,1,60000,52000,50000,,,,,1,5,0,2,2,0,0,0,4,1,3,5,4,2,4,2,4,1,3,4,1,1,1,1,1,,,1,,,0,0,,1,,,,,,,1,0,Wisconsin,54115,2,Ohio,Galion,3,0,6,6,4,2,,,,,1,,3,3,1,,,1,,,,,
5a382bd65a83ff00015ae9db,8/4/25 9:08,746,,,.80000001,1,63,0,5,1,,5,,,,1,,,,,6,1,,,1,1,5,1,1,5,5,4,5,4,1,2,2,1,2,2,2,2,2,3,2,0,1,70000,80000,1,60000,60000,70000,80000,1,80000,60000,80000,,,,,3,3,0,0,2,0,0,0,4,1,3,4,5,2,5,4,4,3,4,2,2,2,2,3,1,,,1,,,3,3,,,,1,,,,,1,1,Arizona,85335,2,California,hollister,1,0,4,4,2,2,,,1,,,,2,2,1,,,1,,,,,none
67914eb5f22224c1335626b4,8/5/25 10:01,603,,,1,,19,1,4,1,,3,,,,,,,,,4,,1,,4,4,4,3,2,4,3,3,4,3,3,3,3,5,2,3,3,2,2,4,3,0,1,3000,55000,2,75000,40000,150000,170000,2,190000,130000,140000,1,145000,1,160000,6,6,2,2,2,0,2,2,4,3,2,4,5,1,4,2,4,2,3,3,3,3,2,2,,1,,,,1,0,-1,,,,,,,1,,1,1,Pennsylvania,15367,2,Pennsylvania,Pittsburgh,3,3,3,6,7,6,,,,1,,,2,2,1,,,,,,,,
677861143fecd59f6f0440e2,8/5/25 10:24,275,1,1,.1,,19,0,4,1,,3,,,,,,,,,3,1,,,2,2,3,2,3,2,2,3,3,2,3,2,3,3,1,1,2,3,3,2,4,0,0,4000,50000,3,100000,40000,125000,,,,,80000,1,90000,1,90000,3,4,0,0,0,0,0,0,3,3,5,1,4,2,3,4,4,2,3,2,3,4,3,4,1,,,,,1,0,2,,,,,,,1,,1,1,South Dakota,57108,3,South Dakota,Sioux Falls,3,3,3,7,8,7,,1,,,,,1,1,,1,,,,,,,
678041088952b9da0a4734ae,8/5/25 11:26,1405,1,1,1,1,60,1,5,1,,3,,,,,,,,,6,,,1,1,3,4,4,2,4,3,3,3,2,3,3,3,2,1,2,2,3,3,3,3,1,1,68000,120000,2,80000,80000,,250000,2,200000,200000,400000,,,,,4,5,0,2,2,0,2,2,4,2,3,1,5,4,3,3,4,2,4,3,3,1,1,1,1,,,1,,,4,4,,,1,,,,,,1,1,Virginia,23225,2,Virginia,Henrico,2,0,7,8,7,7,1,,,,,,2,1,,1,,,1,,,,
67869d69d52774a80ffa6baa,8/5/25 11:42,488,,,1,,19,1,2,,1,3,,,,,,,,,5,,,1,2,3,4,2,1,3,4,2,4,3,3,3,1,2,2,1,3,4,4,2,3,0,0,5000,85000,2,100000,70000,250000,,,,,85000,1,95000,1,115000,6,4,2,2,0,2,0,2,4,1,4,2,3,5,4,4,2,1,3,3,2,3,2,2,,1,,,,1,0,2,,,,,,,1,,1,0,New Jersey,07452,3,New York,manhattan,3,3,4,8,7,7,,1,,,,,2,2,,,,,,,,,
67623e5b2d1f811138836670,8/5/25 11:43,1200,,,1,,19,1,4,,1,4,,,1,,,,,,6,,,1,2,2,4,3,2,4,4,4,4,2,1,1,2,1,2,3,3,3,3,4,3,0,1,10500,90000,2,105000,75000,100500,150000,1,170000,90000,50000,0,80000,0,80000,6,1,0,2,2,0,0,0,3,1,2,4,5,3,5,2,3,3,3,3,1,2,2,3,,1,,,,1,0,-1,,,,1,,,,,1,1,California,93720,3,California,Fresno,3,3,5,7,7,4,,1,,,,,3,3,1,,,,,,,,
6787ccb429f085124f00f081,8/5/25 13:06,657,,,1,,19,1,4,,1,4,,1,,,,,,,3,1,,,4,3,5,4,2,4,4,1,4,4,4,4,4,2,2,3,2,2,3,2,3,0,1,8000,50000,3,80000,40000,50000,100000,2,120000,80000,50000,1,100000,1,100000,2,4,2,2,2,2,2,2,1,1,4,5,2,3,2,4,2,4,3,4,2,1,4,5,,1,,,,1,0,2,,,,,,,1,,1,1,Pennsylvania,15601,3,Pennsylvania,greensburg,2,3,4,9,6,4,,1,,,,,2,2,,1,,,,,1,,
6651fbde68b80debf197aed3,8/5/25 13:27,4358,,,.89999998,,19,0,1,1,,3,,,,,,,,,4,,1,,4,4,5,5,-1,4,1,4,4,3,4,4,3,5,3,3,3,3,3,3,4,0,1,9000,70000,2,80000,40000,130000,100000,1,200000,70000,100000,1,200000,1,200000,10,10,0,0,0,0,0,0,5,4,3,2,5,1,5,2,5,1,5,1,2,2,2,3,,1,,,,1,0,3,,,,,,,1,,1,1,Texas,77539,2,Texas,Dickinson ,2,3,4,4,4,4,,1,,,,,1,1,,,,,,,1,,
6675ec1310610176a855b537,8/5/25 13:29,707,,,1,,19,1,5,1,,4,,1,,1,,,,,6,1,,,1,1,5,2,1,5,5,5,5,1,1,1,2,2,2,2,2,4,1,2,3,0,1,5000,50000,2,70000,20000,50000,100000,1,120000,60000,100000,0,100000,0,100000,1,1,0,0,2,0,0,0,4,1,3,5,4,2,4,3,3,4,3,2,4,2,4,4,,1,,,,1,0,0,,,,,,,1,,1,1,Pennsylvania,19015,2,Pennsylvania,Brookhaven,2,3,4,9,6,6,,,,1,,,3,3,1,,,,,,,,
67737376b19b119861c6f9a7,8/5/25 15:22,514,,,.89999998,,19,1,4,1,,4,,,1,,,,,,6,,,1,2,4,3,1,4,3,3,3,4,1,5,2,4,2,2,3,3,3,4,1,3,1,0,20000,90000,3,250000,65000,,,,,,60000,0,60000,0,60000,2,1,2,2,2,0,0,0,1,1,3,2,4,5,5,2,4,3,4,3,1,1,5,4,,1,,,,1,0,0,,,,,,,1,,1,1,North Carolina,28731,2,North Carolina,hendersonville,2,3,4,6,3,3,1,,,,,,2,2,,,1,,,,,,
67914e69935cc2b8c0181680,8/5/25 15:43,781,,,1,,19,0,4,1,,4,1,,,,,,,,3,,,1,2,1,4,3,2,4,3,3,4,3,2,3,4,2,3,3,2,3,3,3,5,0,1,10000,120000,2,135000,75000,400000,400000,3,425000,300000,100000,1,200000,1,300000,3,3,0,2,2,0,1,2,2,3,1,2,5,4,2,2,2,2,3,3,2,2,2,3,,1,,,,1,0,2,,,,,,,1,,1,1,Kentucky,40506,2,Virginia,Richmond,2,3,3,7,7,7,,,,1,,,2,2,1,,,,,,,,
66b503d29926354790bed834,8/5/25 15:51,761,,,1,,19,1,5,1,,2,,,,,,,,1,7,,,1,1,1,5,2,1,4,5,4,4,1,1,2,3,2,2,2,2,2,1,3,2,1,0,15000,80000,2,130000,50000,,,,,,100000,0,110000,0,120000,4,6,0,0,2,0,0,0,3,3,1,5,2,4,4,3,1,3,3,2,2,2,2,4,,1,,,,1,0,0,,,,,,,1,,1,1,Pennsylvania,15213,3,Michigan,East Lansing,2,3,4,8,3,3,,,,1,,,3,3,1,,,,,,,,
679019069cfcf2f5ba2d4f1f,8/5/25 15:53,997,,,1,,19,1,2,,1,4,,1,,,,,,,6,1,,,1,1,5,1,1,5,5,2,4,2,2,1,3,2,1,2,1,3,3,2,2,0,1,20000,150000,2,200000,80000,20000,250000,2,350000,150000,700000,1,150000,1,130000,5,6,0,2,2,2,2,2,2,1,3,4,5,2,4,2,2,3,4,2,3,3,3,5,,1,,,,1,0,4,,,,,,,1,,1,1,North Dakota,58203,3,Minnesota,bemidji,3,3,4,9,3,3,,1,,,,,3,3,,,,,,,,,
678d92580d76d0407f55a3b3,8/5/25 16:03,1652,,,1,,19,0,2,1,,1,,,,,,,1,,1,,1,,4,4,4,4,2,5,1,4,4,1,5,1,2,1,2,3,3,2,3,3,4,0,1,3000,200000,2,350000,170000,80000,800000,1,400000,170000,250000,1,250000,1,250000,10,1,0,2,2,0,0,0,2,3,2,5,4,1,4,1,2,3,4,2,2,2,3,3,,1,,,,1,0,3,,,,,,,1,,1,1,Indiana,46074,2,Indiana,Westfield,2,3,3,7,7,6,,1,,,,,1,1,,,,,,,,,
67884999591d00f1f2bd5e30,8/5/25 16:13,759,,,1,,19,0,4,,1,3,,,,,,,,,5,1,,,4,3,4,4,3,2,3,2,4,3,2,3,4,3,3,3,2,3,3,3,3,0,1,6000,60000,2,75000,40000,100000,120000,2,130000,80000,80000,1,80000,1,90000,5,5,2,2,2,1,2,2,2,2,3,5,1,4,4,3,3,2,4,3,1,1,2,3,,1,,,,1,0,4,,,,,,,1,,1,1,Nebraska,68787,1,Nebraska,Wayne,3,3,4,7,6,5,,,,1,,,1,1,,1,,,,,,,
664cef98bb2e4a28e1fce2cb,8/5/25 17:50,675,,,1,,19,1,5,,1,3,,,,,,,,,5,,1,,1,1,5,-1,-1,5,4,5,-1,-1,1,2,2,1,1,2,1,2,2,2,2,0,1,0,50000,2,50000,20000,20000,30000,1,50000,30000,85000,0,85000,0,85000,1,1,0,2,2,0,0,2,3,1,3,2,5,4,4,4,2,1,2,3,1,1,1,5,,1,,,,,0,0,,,,1,,,,,1,1,New York,10463,3,New York,Bronx,3,2,4,5,4,4,,,,1,,,3,3,1,,,,,,1,,
66aa395a9f6b3707ebca7900,8/5/25 19:03,1031,,,1,,19,0,4,,1,3,,,,,,,,,5,1,,,1,3,1,3,1,3,2,1,3,1,3,2,4,5,-1,3,3,4,3,5,2,0,1,8000,85000,3,100000,75,8000,200000,3,250000,150000,20000,1,200000,1,250000,6,1,0,2,2,0,0,0,3,1,3,5,4,2,3,3,5,1,3,1,1,1,1,1,1,,,,,1,0,2,,,,,,,1,,1,1,Oklahoma,74075,2,Oklahoma,Stillwater,2,3,4,9,6,7,,,,1,,,1,1,,1,,,,,,,It was great!
677eda398287bfab9711df4a,8/5/25 19:59,1681,,,1,,19,1,3,,1,3,,,,,,,,,5,,1,,2,4,4,5,2,4,2,5,2,2,3,2,3,-1,3,3,3,3,3,3,2,0,1,10000,120000,2,150000,75000,150000,150000,1,180000,100000,80000,1,120000,1,150000,10,6,2,2,2,0,2,2,2,3,5,2,1,4,4,2,4,3,4,1,2,2,2,3,,1,,,,1,0,4,,,,,,,1,,1,1,Massachusetts,02052,2,Massachusetts,Medfield,2,3,3,7,6,7,,,,1,,,2,3,1,,,,,,,,
66a45b07d8c61f84e9f43516,8/5/25 1:29,691,,,1,,19,1,4,,1,4,,1,,,,,,,7,1,,,2,4,5,3,2,5,4,3,4,-1,4,3,4,3,2,3,1,2,2,3,3,0,1,34000,70000,2,110000,50000,180000,400000,2,300000,200000,150000,1,150000,1,150000,3,5,0,0,2,0,0,0,5,2,4,1,5,3,4,3,2,3,4,2,2,2,2,2,1,,,,,1,0,2,,,,,,,1,,1,1,Indiana,46738,3,Indiana,Auburn,3,0,3,3,5,3,,,,,,1,2,2,,,,,,,,,
67a6d3e18719c4f9e0b86392,8/5/25 21:08,928,,,1,,19,1,5,,1,5,,1,,,,,,,7,,1,,1,4,3,1,1,4,5,5,5,5,1,1,2,1,1,-1,1,3,4,2,2,0,1,10000,30000,1,30000,7500,60000,60000,2,60000,60000,100000,0,150000,0,150000,1,2,0,0,0,0,0,0,4,1,3,2,4,5,5,4,1,4,2,1,3,2,4,5,1,,,,,1,0,-1,,,,1,,,,,1,0,Florida,34771,2,Florida,St. Cloud,2,1,2,4,6,3,,,,,,1,3,3,,,,,,,,,I think the structure of the questions was really well done and innovative and if this survey was biased at all then I couldn’t tell since the questions we’re structured properly I feel.
66d3cd7f9d78bdbee8f1053c,8/5/25 21:21,2157,,,.89999998,,19,1,5,1,,4,,1,,,,,,,7,,,1,1,1,5,4,1,5,5,4,5,1,3,3,3,1,-1,-1,-1,3,2,3,3,0,1,1000,70000,2,70000,50000,50000,90000,2,120000,80000,40000,0,40000,0,40000,5,5,0,0,2,0,0,0,4,1,2,4,5,3,4,4,3,4,3,3,4,2,4,4,,1,,,,1,0,0,,,,1,,,1,,1,0,Washington,98661,2,Washington,Vancouver,2,0,3,7,3,3,,,,,,1,3,3,1,,,,,,,,
6785e7bdfc01fc034c5b8661,8/5/25 22:07,634,1,1,1,,19,1,5,,1,4,,1,,,,,,,6,,,1,1,1,4,4,4,5,5,5,5,3,4,1,2,1,2,2,1,5,5,5,5,0,1,80000,400000,3,400000,300000,7000000,10000000,2,10000000,5000000,500000,1,750000,1,800000,10,2,0,0,2,0,0,0,2,1,3,2,5,4,2,4,5,1,5,4,3,1,1,2,,1,,,,1,0,4,,,,,,,1,,0,0,California,93067,2,I did not reside in the United States,Moscow,3,3,6,7,7,7,,1,,,,,2,3,1,,,,1,,,,
559c192bfdf99b218a61f57f,8/5/25 23:21,535,,,1,1,40,1,5,1,,4,1,1,1,,,,,,6,,,1,1,2,4,2,2,4,5,2,5,2,2,2,4,2,2,3,2,3,3,3,4,0,1,140000,185000,2,225000,160000,190000,250000,2,300000,220000,180000,,,,,2,2,0,2,2,0,0,2,2,3,4,5,2,1,3,3,5,1,4,4,2,2,1,1,1,,,1,,,2,2,,1,,,,,,,1,1,Hawaii,96819,3,Hawaii,Hilo,2,0,6,6,7,6,1,,,,,,1,3,1,,,1,,,,,
6781933417d513a66eaae237,8/5/25 2:57,633,,,1,,18,1,5,1,,3,,,,,,,,,7,,1,,2,1,3,2,2,4,4,5,5,4,3,2,3,-1,-1,-1,2,2,1,2,2,0,1,15000,50000,2,50000,25000,35000,60000,1,70000,30000,20000,1,60000,1,60000,6,3,0,0,2,0,0,0,4,5,4,3,1,2,4,5,2,3,3,2,4,2,4,5,1,,,,,1,0,1,,,,1,1,,1,,1,0,Maryland,20853,2,California,Oakland ,3,0,3,4,8,4,,,1,,,,2,2,,,,,,,,, it actually was a really smooth survey with good questions.
63b0888e6716ff9bc2cda151,8/5/25 3:09,2365,,,1,1,54,1,3,1,,2,,,,,1,1,1,,2,,1,,5,5,5,4,5,2,1,1,4,2,3,1,3,1,3,3,2,2,3,3,4,0,0,85000,40000,2,65000,25000,135000,,,,,120000,,,,,2,5,0,2,2,0,0,2,4,1,3,4,5,2,4,5,5,1,5,3,2,1,1,1,1,,,1,,,2,2,,,1,,,,1,,1,1,California,91331,2,California,Los Angeles,2,0,6,6,4,4,,,1,,,,1,1,,1,,,1,,,,
646f7fcf03277469502765fc,8/5/25 5:36,1231,1,1,1,1,79,0,2,1,,2,,,,,,1,,,7,,1,,3,3,5,4,3,3,4,4,4,5,3,4,3,5,3,2,2,3,3,3,4,0,1,100000,96000,2,110000,100000,100000,110000,2,111000,101000,1200000,,,,,5,5,0,0,0,0,0,0,3,5,3,2,4,1,3,3,3,2,3,4,1,2,2,3,,1,,1,,,3,3,,1,,,,,,,1,0,Nevada,89048,3,Illinois,Addison,3,0,7,7,6,9,,,,,1,,2,2,,1,,,1,,,,
65524ce2443c9df5aba5960c,8/5/25 6:27,1579,,,1,1,60,0,1,1,,3,,,,,,,,,1,1,,,1,5,5,1,1,1,1,1,5,1,1,3,4,5,1,1,2,3,2,3,2,0,1,4000,2000,2,3000,1000,32000,31000,2,32000,28000,35000,,,,,10,6,0,2,2,0,0,0,5,3,2,4,1,5,5,2,4,2,2,4,2,5,2,1,,1,,1,,,0,0,,,,,,,1,,1,1,North Carolina,28227,3,North Carolina,Charlotte,3,0,3,3,3,3,,1,,,,,1,2,,,,1,,,,,All was clear and thought provoking.
6510a2763964be010a12d669,8/5/25 6:59,919,1,,.1,1,77,0,1,1,,0,,,,,,,,,4,,,1,1,1,1,3,1,1,1,1,-1,-1,1,4,4,-1,2,2,2,3,1,3,3,0,1,70000,70000,1,140000,0,69999,69999,1,139998,0,50000,,,,,10,10,0,2,2,0,0,0,2,4,1,5,2,3,2,5,4,1,5,4,1,1,2,1,1,,,1,,,2,2,,,,,,,,1,1,1,Texas,77845,3,Illinois,Melrose Park,2,0,6,6,3,1,,,,,1,,1,3,,1,,,1,,1,,"Interesting survey.  I am very libertarian, government does not belong in education at all.  Taxation is theft. Good luck"
6673614ba412b0139c83fd21,8/5/25 7:03,709,1,1,.89999998,,19,1,2,,1,2,,,,,1,,,,6,,1,,2,2,4,4,4,2,2,1,1,1,3,4,5,1,3,3,3,2,4,3,4,1,0,175000,1200000,2,2500000,800000,,,,,,120000,1,220000,1,300000,1,1,0,0,0,0,0,0,3,1,5,2,3,4,1,3,5,1,5,3,2,1,1,3,1,,,,,1,0,2,,,,,,,1,,1,0,District of Columbia,20057,3,Massachusetts,Cambridge ,3,3,4,7,6,9,1,,,,,,1,3,1,,,,,,,,
6789df17672d7341ef3acbce,8/5/25 9:26,1027,,,.89999998,,18,1,4,,1,3,,,,,,,,,5,1,,,2,4,4,4,4,4,4,3,4,2,3,2,3,4,2,3,2,3,2,4,4,0,1,9000,13000,2,120000,40000,162000,250000,2,280000,200000,130000,1,200000,1,240000,1,2,0,2,2,0,0,2,4,2,3,4,5,1,4,3,4,3,4,4,2,1,1,2,1,,,,,1,0,2,,,,,,,1,,1,1,New York,10461,3,New York,Bronx,3,3,4,7,7,2,,1,,,,,1,3,,1,,,,,,,
6511d9eb45b1893702698a99,8/5/25 9:38,489,,,.89999998,,19,1,5,,1,5,,,1,,,,,,5,1,,,1,1,5,2,1,5,5,5,5,1,1,1,2,1,1,2,2,2,3,3,3,0,1,6000,55000,2,85000,20000,200000,120000,2,150000,60000,80000,0,120000,0,100000,5,1,0,0,2,0,0,0,4,5,4,2,1,3,5,1,1,3,3,1,2,2,3,5,,1,,,,1,0,0,,,,,,,1,,1,1,New Jersey,07834,2,New Jersey,Rockaway,2,2,4,7,6,6,,,,1,,,3,3,1,,,,,,,,
6787dfac0bc753f49aea48ef,8/6/25 10:33,517,,,1,,19,0,4,,1,3,,,,,,,,,4,,,1,4,3,3,3,3,4,3,4,3,5,4,4,4,2,1,2,2,3,2,3,3,0,1,6000,100000,1,150000,70000,120000,130000,1,200000,80000,100000,1,100000,1,120000,10,1,0,2,2,0,2,2,3,2,1,3,5,4,3,3,3,1,4,2,3,2,2,4,1,,,,,1,0,4,,,,,,,1,,1,1,Missouri,63090,1,Missouri,Cape Girardeau,1,3,4,7,9,7,,,,1,,,1,1,,1,,,,,1,,
6786eeedf91d941b17e3e941,8/6/25 10:35,1055,,,1,,18,1,5,,1,5,,,,1,,,,,7,,1,,1,1,5,2,1,5,5,1,5,1,1,2,3,2,2,2,2,4,4,2,2,0,1,1500,25000,2,30000,15000,30000,35000,2,36000,25000,25000,1,40000,1,40000,3,5,0,2,2,0,0,2,4,4,3,5,1,2,4,1,1,4,4,2,1,1,2,4,,1,,,,1,0,3,,,,,,,1,,1,1,Virginia,24501,3,Virginia,Lynchburg,3,3,3,7,6,5,,,,1,,,3,3,,,,,,,1,,n/a but thank you for your research!
672bc46bab1800beb7d3a347,8/6/25 11:47,1353,,,1,1,62,0,1,,1,0,,,,,,,,,1,,,1,1,1,5,5,5,5,1,1,5,1,5,-1,-1,5,3,3,3,3,3,4,3,1,0,12000,50000,3,50000,25000,,,,,,30000,,,,,10,10,2,2,2,0,2,2,5,5,4,3,1,2,5,4,5,1,5,1,4,1,1,3,1,,,,,1,4,4,1,,1,,,,1,,1,1,New Jersey,07504,3,New Jersey,PATERSON,3,0,4,6,6,6,,1,,,,,1,1,,1,,,1,,,,
65b50fa832c828a13f2aa884,8/6/25 12:00,607,,,1,,19,1,5,1,,4,,1,1,,,,,,6,,,1,1,3,5,1,1,5,5,4,5,3,2,1,2,1,2,1,1,2,3,4,3,0,0,3000,70000,1,120000,50000,200000,,,,,60000,0,70000,0,70000,10,7,2,2,2,0,2,2,2,3,4,5,1,2,5,3,1,4,3,4,1,2,3,4,1,,,,,1,0,0,,,,,,,1,,1,0,Massachusetts,02170,3,Massachusetts,Quincy,3,3,4,6,8,7,,,,1,,,3,3,1,,,,,,,,
67ad2cacd1c6dae548e8822d,8/6/25 12:09,762,,,.89999998,,19,1,2,,1,3,,,,,,,,,4,,1,,1,3,4,3,2,3,3,5,5,5,5,3,3,3,2,3,3,2,4,2,1,0,1,50000,1500,2,14000,10000,15000,50000,2,40000,40000,3000,0,30000,0,40000,5,4,0,0,1,1,1,0,3,2,5,1,4,3,3,3,4,2,4,1,4,3,3,4,,1,,,1,,0,0,,,,,,,1,,1,1,Oklahoma,74023,1,Missouri,StLouis ,2,0,3,7,7,3,,1,,,,,3,3,,,,,,,,,Didn’t seem biased and was easy to understand 
6786075a834855f807edddb2,8/6/25 13:35,264,,,1,,19,1,3,,1,4,,1,,,,,,,3,,,1,3,4,2,4,4,2,3,2,2,3,4,2,3,4,3,1,3,4,2,5,1,1,1,49000,49000,2,60000,70000,,70000,2,70000,70000,7000,0,70000,0,70000,5,6,0,0,0,0,0,0,4,3,1,5,2,4,3,3,4,3,4,2,3,3,3,3,1,,,,,1,0,0,,,,,,,1,,1,1,Kentucky,40353,1,California,costa mesa,2,0,3,3,3,4,,,,,,1,2,2,1,,,,,,,,
67168dec9c8bbf36f6db6cdd,8/6/25 14:12,760,,,1,,19,1,5,1,,4,,1,1,1,,,,,7,,,1,1,1,3,1,1,5,5,5,5,1,3,1,2,1,2,3,3,2,3,2,2,0,0,5000,45000,2,50000,25000,18000,,,,,23000,0,20000,0,20000,4,2,0,0,2,0,0,0,2,3,2,5,4,1,5,4,3,2,3,2,1,1,1,5,1,,,,,1,0,0,,,,,,,1,,1,1,Washington,99336,2,Washington,Kennewick,2,2,4,6,4,4,,,,1,,,3,3,1,,,,,,,,
6771f27590db2bdab63c5c3b,8/6/25 14:56,1227,,,1,,19,1,4,1,,3,,,,,,,,,6,,,1,1,2,4,3,2,3,4,4,4,3,3,2,3,4,1,2,2,2,3,3,1,0,1,0,90000,1,100000,70000,75000,90000,1,100000,70000,70000,0,70000,0,70000,3,3,0,0,2,0,0,0,5,1,2,5,4,3,2,2,3,3,4,1,2,2,2,3,1,,,,,1,0,-1,,,,,,,1,,1,1,New York,13827,2,New York,Johnson city,2,3,4,6,3,5,,,,1,,,2,2,,,,,,,,,
65ac1905b4da5762a890546f,8/6/25 15:49,521,,,.69999999,,19,1,4,1,,3,,,,,,,,,5,,1,,1,1,4,4,1,5,4,3,4,3,2,3,3,2,2,3,3,-1,-1,4,3,0,1,3000,175000,2,200000,75000,250000,300000,2,450000,150000,250000,1,300000,1,300000,2,3,0,0,2,0,0,0,3,1,2,3,5,4,4,3,3,3,3,2,3,2,2,5,1,,,,,1,0,2,,1,,,,,,,1,0,California,95014,2,California,Cupertino,2,3,4,7,7,7,,,,1,,,3,3,1,,,,,,1,,
66ce401a2b4ca0e6ead75247,8/6/25 16:58,885,,,1,,19,1,4,,1,5,1,,,,,,,,3,,1,,2,4,4,5,3,-1,4,5,5,2,5,3,5,5,2,2,2,2,1,2,2,1,1,4000,70000,3,60000,30000,,130000,2,130000,50000,200000,1,200000,1,250000,3,5,0,0,0,0,0,0,3,2,4,5,1,3,4,5,3,3,3,2,4,2,2,5,1,,,,,1,0,3,,,,,,,1,,1,1,Ohio,44111,3,Ohio,Cleveland,3,0,3,7,2,1,,1,,,,,2,1,,,,,,,,1,
664743ef534ab770be4d6681,8/6/25 18:07,1038,,,1,,19,0,2,,1,1,,,,,,1,1,,1,,1,,3,4,1,1,3,4,5,2,4,1,1,5,5,-1,3,3,3,1,1,5,4,0,1,10000,1000000,2,1200000,600000,300000,1300000,2,1500000,900000,90000,1,200000,1,250000,1,1,0,2,2,0,0,2,1,,,,,,1,4,5,1,4,4,2,1,1,2,1,,,,,1,0,2,,,,,,,1,,1,1,North Carolina,27023,2,North Carolina,Winston Salem,3,3,4,9,6,7,,,,1,,,1,3,1,,,,,,,,
67585c8e91844d2c5d76be22,8/6/25 18:08,1046,,,1,,18,1,4,1,,4,,1,,,,,,,7,,,1,1,2,5,5,2,5,4,4,5,2,5,4,4,4,3,3,2,2,3,2,4,0,1,30000,45000,2,50000,30000,49000,60000,2,65000,39000,12000,1,25000,1,38000,6,4,0,0,2,0,0,0,2,1,2,3,5,4,2,2,5,1,5,3,1,1,2,3,1,,,,1,,1,2,,,,,,,1,,1,1,Georgia,31323,1,Georgia,Savannah ,3,2,3,5,3,3,1,,,,,,1,1,,1,,,,,,,Good study
67acf219b6184bdc60be272c,8/6/25 6:32,1917,,,1,,19,1,1,1,,1,,,,,,,1,,1,,1,,5,4,5,4,5,3,2,3,1,1,1,4,5,2,3,3,3,4,4,4,4,0,1,75000,100000,3,100000,75000,130000,150000,3,150000,130000,70000,1,70000,1,70000,10,10,0,2,2,0,0,0,4,2,4,1,5,3,3,3,5,1,5,4,1,1,2,2,,1,,1,,,2,3,,1,,,,,1,,1,1,Indiana,47170,3,Indiana,Scottsburg ,3,0,4,4,3,3,1,,,,,,1,1,,1,,,1,,,,The survey length felt appropriate!
5fefefa4c9707d3516361c9c,8/6/25 9:12,433,,,1,1,59,0,1,,1,3,,,,,,,,,5,1,,,1,1,4,4,4,1,2,1,4,1,5,3,3,1,3,3,3,3,3,3,3,0,1,56505,60000,2,70000,50000,55555,60000,2,70000,50000,56505,,,,,1,3,0,0,0,0,0,0,2,1,4,5,2,3,2,2,4,2,4,3,3,3,3,4,,1,,,,1,2,2,,,,1,,,1,,1,1,New Mexico,87109,3,Texas,Houston,3,0,3,5,6,6,1,,,,,,1,1,,1,,,1,,1,,
66aa7dc92e864bd2d481fadd,8/6/25 9:15,1390,,,.1,1,66,1,2,1,,0,,,,,,,,,3,,,1,1,2,4,4,1,4,2,2,5,-1,5,3,3,5,3,2,2,3,3,3,2,0,1,40000,40000,2,40000,30000,60000,40000,2,50000,40000,70000,,,,,10,10,2,2,2,0,0,2,2,2,4,5,3,1,5,2,4,2,4,2,3,3,2,3,,1,,,,,3,3,,,,1,,,,,1,1,Texas,76137,2,California,San Diego (Chula Vista),2,0,3,3,3,3,,,,,1,,1,1,,1,,,1,,,,"I'm not much into politics but rather my faith.  However this survey showed me that I really must look into these topics to make solid decisions when it comes to voting, etc...  Thank you for allowing me to participate."
669dc945eb487cc3a04069a6,8/6/25 9:29,1154,,,.89999998,,19,1,1,,1,4,,1,,,,,,,5,1,,,4,3,3,4,4,2,4,3,4,4,4,3,2,5,2,2,2,3,4,3,3,0,1,60000,70000,2,80000,75000,140000,1500000,2,1200000,120000,100000,1,100000,1,100000,5,6,0,0,2,0,0,0,5,1,4,5,3,2,4,2,2,3,3,3,2,2,2,3,,1,,,,1,0,2,,,1,,,,,,1,0,New York,11691,3,New York,Far Rockaway ,3,3,3,6,6,6,1,,,,,,2,2,1,,,,,,,,
674fb2a3f70c3dd15d13921f,8/7/25 17:07,1202,,,1,,19,1,4,1,,5,,1,1,,,,,,5,,1,,4,-1,4,5,1,4,5,4,3,2,3,3,4,2,2,3,3,2,2,3,4,0,1,35000,160000,3,190000,110000,95000,350000,2,400000,250000,60000,1,100000,1,100000,2,3,0,2,2,0,0,2,2,1,2,4,5,3,2,2,4,2,3,3,3,1,3,1,1,,,,,1,0,3,,,1,,,,,,1,0,Georgia,30084,2,Georgia,Stone Mountain,2,3,4,7,2,4,,1,,,,,1,2,,1,,1,,,,,
6729c93e5e3eb448b757de36,8/7/25 18:30,800,,,1,,18,1,4,1,,4,,,1,,,,,,6,,1,,2,2,4,3,2,4,4,4,5,2,3,1,2,1,1,2,2,5,2,3,1,1,0,20000,135000,2,225000,85000,,,,,,75000,1,155000,1,180000,6,2,0,0,0,0,0,0,4,2,4,3,5,1,4,3,4,3,3,2,2,2,3,4,1,,,,,1,0,0,,,,,,,1,,1,1,New York,11901,2,New York,Riverhead,2,0,4,6,6,3,,1,,,,,2,2,,,,,,,,,
67512437f7e8d3caf5c9e995,8/7/25 8:53,1919,,,1,,19,1,5,1,,3,,,,,,,,,6,,1,,1,1,4,3,1,5,5,5,5,1,3,3,4,1,1,-1,2,2,1,3,-1,0,1,0,60000,2,60000,20000,57000,70000,2,60000,50000,50000,1,70000,1,70000,2,2,0,2,2,0,0,2,3,2,1,5,4,3,3,2,5,3,3,2,1,2,2,4,1,,,,,1,0,2,,,,1,,,,,1,1,Texas,78521,2,Texas,Brownsville,2,0,3,6,4,3,,,,,,1,2,2,,,,,,,,,
66818fb0f88309a6e2dbfc06,8/7/25 9:00,578,,,1,,19,1,4,,1,3,,,,,,,,,5,,1,,1,1,5,2,-1,-1,-1,1,1,1,3,3,4,4,2,3,3,2,3,4,2,0,0,0,100000,2,165000,75000,150000,,,,,150000,0,150000,1,150000,10,1,0,0,2,0,0,0,2,2,4,3,1,5,3,2,5,1,3,4,1,1,1,3,1,,,,,1,0,-1,,,,,,,1,,1,1,New York,10029,3,New York,"New York, NY",3,3,4,6,6,9,,1,,,,,2,3,,,1,,,,,,
66d8621d3f2c629c9517eb80,8/7/25 9:34,842,1,1,1,,19,1,4,1,,4,,,,1,,,,,5,1,,,-1,4,5,-1,2,4,5,4,5,2,4,2,3,1,2,3,2,3,2,4,3,0,1,5000,60000,3,65000,53000,200000,150000,2,150000,120000,120000,1,150000,1,130000,3,4,0,0,2,0,0,0,2,3,5,1,2,4,4,2,4,2,4,2,2,2,2,2,1,,,,,1,0,2,,,,,,,1,,1,1,Maryland,20832,2,Maryland,Olney,2,2,4,5,9,4,,1,,,,,2,2,1,,,,,,,,
5de7c6d448241d73d36ceaef,8/8/25 14:16,1257,,,1,1,62,1,4,1,,5,1,,1,,,,,,6,,,1,2,5,5,5,4,5,5,4,4,4,4,4,4,2,3,3,3,4,4,4,5,0,0,160000,100000,2,100000,90000,180000,,,,,150000,,,,,10,10,0,0,0,0,0,0,5,1,2,5,4,3,5,5,5,1,4,4,3,2,2,1,1,,,1,,,2,2,,,1,,,,,,1,1,Michigan,48033,2,Michigan,Inkster,2,4,7,8,6,4,1,,,,,,1,1,,1,,,1,,,,
65d87c09bc2268a715c26a9d,8/8/25 15:04,832,,,1,,19,1,4,,1,1,,,,,1,1,,,6,,,1,2,5,5,4,4,5,4,5,5,2,4,4,2,1,1,1,2,3,4,2,3,0,1,1000,60000,2,40000,30000,40000,80000,2,70000,50000,60000,1,80000,1,60000,5,4,0,0,0,0,0,0,5,1,3,4,5,2,4,2,1,1,2,1,1,3,3,4,1,,,,1,,0,2,,,,,,,1,,1,1,Pennsylvania,19401,2,Pennsylvania,Norristown,2,0,3,6,4,2,,,,,1,,3,3,,1,,,,,,,
6785991067af87c5aa3908fe,8/8/25 15:15,681,,,1,,18,1,4,,1,3,,,,,,,,,5,1,,,1,1,4,3,2,4,2,2,2,1,5,3,4,2,2,3,2,1,2,2,3,0,1,0,120000,2,150000,60000,60000,120000,2,180000,80000,50000,0,100000,1,150000,6,1,0,0,2,0,0,2,4,2,1,5,4,3,4,4,4,4,2,3,3,2,1,4,1,,,,,1,0,2,,,,,1,,,,0,0,Texas,77030,3,Texas,Houston,3,3,4,6,6,7,,,,1,,,1,1,,,,,,,,,
67858dc25566a29ba7990f2e,8/8/25 5:43,740,,,1,,19,0,4,1,,3,,,,,,,,,5,1,,,4,4,3,3,2,2,4,2,2,1,2,2,3,2,1,2,2,2,2,2,2,0,1,12000,30000,1,50000,12000,20000,30000,2,60000,20000,20000,0,60000,1,100000,4,3,0,2,2,0,0,2,3,1,2,4,5,3,3,2,3,3,4,3,1,1,1,3,1,,,,,1,0,2,,,,,,,1,,1,1,Ohio,44092,2,Ohio,Wickliffe,2,3,4,9,4,4,,,,1,,,1,1,,1,,,,,,,no feedback!
6727f8020615ec9425ff89c5,8/8/25 6:48,534,,,.89999998,,18,1,2,,1,5,,,1,,,,,,6,,,1,3,4,5,3,4,3,4,4,4,-1,-1,3,4,5,2,2,2,3,1,3,3,0,1,10000,250000,1,10000000,100000,0,300000,2,500000,50000,150000,1,300000,0,350000,3,1,0,0,0,0,0,0,3,1,3,2,4,5,5,3,5,3,4,2,1,1,1,1,1,,,,,1,0,2,,,,,,,1,,1,1,Minnesota,55123,2,Minnesota,Eagan,2,3,4,7,7,7,,,,1,,,2,2,,,,,,,,,
674d40633248254461465ede,8/9/25 10:20,1245,,,1,,19,1,5,1,,4,,1,,,,,,,5,,1,,4,3,4,4,3,5,4,5,3,4,2,3,3,1,2,1,2,3,3,3,4,1,1,25000,450000,3,500000,209000,,1000000,3,2000000,800000,50000,1,500000,1,500000,2,10,0,0,0,0,0,0,5,1,2,3,4,5,4,4,4,3,2,3,3,3,3,4,1,,,,,1,0,4,,,,,,,1,,1,1,New York,11236,2,New York,Brooklyn ,2,3,6,6,3,3,,,,1,,,1,1,,1,,,1,,,1,
679bf2d713a912abdd922721,8/9/25 13:04,774,,,1,,19,1,4,,1,4,1,,,,,,,,6,,1,,2,2,4,3,2,3,4,4,5,2,3,2,3,3,1,1,2,3,3,1,2,0,0,4000,50000,1,70000,40000,304000,,,,,200000,0,200000,0,200000,1,1,0,0,2,0,0,0,4,3,2,4,5,1,4,2,1,3,3,1,1,2,4,5,1,,,,,1,0,0,,,,,,,1,,1,1,California,92627,2,California,Orange (city),2,0,3,6,7,6,,1,,,,,2,2,1,,,,,,,,
